[2026-01-31T23:34:18.429Z] 18:34:18 [watch] src/pages/privat.astro
[2026-01-31T23:34:18.430Z] 18:34:18 [watch] src/pages/privat.astro
[2026-01-31T23:39:00.576Z] 18:39:00 [watch] src/pages/index.astro
[2026-01-31T23:39:00.577Z] 18:39:00 [watch] src/pages/index.astro
[2026-01-31T23:39:05.165Z] 18:39:05 [watch] src/pages/gewerbe.astro
[2026-01-31T23:39:05.166Z] 18:39:05 [watch] src/pages/gewerbe.astro
[2026-01-31T23:39:09.908Z] 18:39:09 [watch] src/pages/privat.astro
[2026-01-31T23:39:09.909Z] 18:39:09 [watch] src/pages/privat.astro
[2026-01-31T23:40:13.255Z] 18:40:13 [200] / 174ms
[2026-01-31T23:40:37.457Z] 18:40:37 [watch] src/pages/index.astro
[2026-01-31T23:40:37.457Z] 18:40:37 [watch] src/pages/index.astro
[2026-01-31T23:40:42.507Z] 18:40:42 [watch] src/pages/gewerbe.astro
[2026-01-31T23:40:42.508Z] 18:40:42 [watch] src/pages/gewerbe.astro
[2026-01-31T23:40:48.186Z] 18:40:48 [watch] src/pages/privat.astro
[2026-01-31T23:40:48.188Z] 18:40:48 [watch] src/pages/privat.astro
[2026-01-31T23:41:54.898Z] 18:41:54 [200] / 206ms
[2026-01-31T23:42:36.303Z] 18:42:36 [watch] src/pages/privat.astro
[2026-01-31T23:42:36.305Z] 18:42:36 [watch] src/pages/privat.astro
[2026-01-31T23:43:45.533Z] 18:43:45 [200] / 165ms
[2026-01-31T23:46:47.961Z] 18:46:47 [watch] src/pages/index.astro
[2026-01-31T23:46:47.962Z] 18:46:47 [watch] src/pages/index.astro
[2026-01-31T23:46:52.685Z] 18:46:52 [watch] src/pages/gewerbe.astro
[2026-01-31T23:46:52.686Z] 18:46:52 [watch] src/pages/gewerbe.astro
[2026-01-31T23:46:57.294Z] 18:46:57 [watch] src/pages/privat.astro
[2026-01-31T23:46:57.297Z] 18:46:57 [watch] src/pages/privat.astro
[2026-01-31T23:48:05.199Z] 18:48:05 [200] / 235ms
[2026-01-31T23:48:35.730Z] 18:48:35 [watch] src/pages/stromspeicher.astro
[2026-01-31T23:48:35.730Z] 18:48:35 [watch] src/pages/stromspeicher.astro
[2026-01-31T23:49:43.097Z] 18:49:43 [200] / 167ms
[2026-01-31T23:51:54.985Z] 18:51:54 [watch] src/pages/index.astro
[2026-01-31T23:51:54.986Z] 18:51:54 [watch] src/pages/index.astro
[2026-01-31T23:51:59.792Z] 18:51:59 [watch] src/pages/gewerbe.astro
[2026-01-31T23:51:59.792Z] 18:51:59 [watch] src/pages/gewerbe.astro
[2026-01-31T23:52:04.531Z] 18:52:04 [watch] src/pages/privat.astro
[2026-01-31T23:52:04.533Z] 18:52:04 [watch] src/pages/privat.astro
[2026-01-31T23:53:02.611Z] 18:53:02 [200] / 152ms
[2026-01-31T23:54:15.016Z] 18:54:15 [watch] src/pages/index.astro
[2026-01-31T23:54:15.017Z] 18:54:15 [watch] src/pages/index.astro
[2026-01-31T23:55:00.617Z] 18:55:00 [watch] src/pages/gewerbe.astro
[2026-01-31T23:55:00.618Z] 18:55:00 [watch] src/pages/gewerbe.astro
[2026-01-31T23:55:00.618Z] 18:55:00 [watch] src/pages/privat.astro
[2026-01-31T23:55:00.619Z] 18:55:00 [watch] src/pages/privat.astro
[2026-01-31T23:55:00.619Z] 18:55:00 [watch] src/pages/index.astro
[2026-01-31T23:55:00.620Z] 18:55:00 [watch] src/pages/index.astro
[2026-01-31T23:56:06.909Z] 18:56:06 [200] / 204ms
[2026-01-31T23:57:37.573Z] 18:57:37 [watch] src/pages/gewerbe.astro
[2026-01-31T23:57:37.574Z] 18:57:37 [watch] src/pages/gewerbe.astro
[2026-01-31T23:57:37.574Z] 18:57:37 [watch] src/pages/privat.astro
[2026-01-31T23:57:37.575Z] 18:57:37 [watch] src/pages/privat.astro
[2026-01-31T23:57:37.575Z] 18:57:37 [watch] src/pages/index.astro
[2026-01-31T23:57:37.576Z] 18:57:37 [watch] src/pages/index.astro
[2026-01-31T23:57:47.336Z] 18:57:47 [watch] src/pages/gewerbe.astro
[2026-01-31T23:57:47.337Z] 18:57:47 [watch] src/pages/gewerbe.astro
[2026-01-31T23:57:47.340Z] 18:57:47 [watch] src/pages/privat.astro
[2026-01-31T23:57:47.340Z] 18:57:47 [watch] src/pages/privat.astro
[2026-01-31T23:58:52.896Z] 18:58:52 [200] / 181ms
[2026-02-01T00:00:09.255Z] 19:00:09 [watch] src/pages/gewerbe.astro
[2026-02-01T00:00:09.256Z] 19:00:09 [watch] src/pages/gewerbe.astro
[2026-02-01T00:00:09.258Z] 19:00:09 [watch] src/pages/privat.astro
[2026-02-01T00:00:09.258Z] 19:00:09 [watch] src/pages/privat.astro
[2026-02-01T00:00:09.259Z] 19:00:09 [watch] src/pages/index.astro
[2026-02-01T00:00:09.259Z] 19:00:09 [watch] src/pages/index.astro
[2026-02-01T00:01:16.792Z] 19:01:16 [200] / 218ms
[2026-02-01T00:07:13.139Z] 19:07:13 [watch] src/pages/gewerbe.astro
[2026-02-01T00:07:13.140Z] 19:07:13 [watch] src/pages/gewerbe.astro
[2026-02-01T00:07:13.141Z] 19:07:13 [watch] src/pages/privat.astro
[2026-02-01T00:07:13.141Z] 19:07:13 [watch] src/pages/privat.astro
[2026-02-01T00:07:13.142Z] 19:07:13 [watch] src/pages/index.astro
[2026-02-01T00:07:13.142Z] 19:07:13 [watch] src/pages/index.astro
[2026-02-01T00:08:36.111Z] 19:08:36 [200] / 230ms
[2026-02-01T00:09:00.376Z] 19:09:00 [watch] src/pages/gewerbe.astro
[2026-02-01T00:09:00.377Z] 19:09:00 [watch] src/pages/gewerbe.astro
[2026-02-01T00:09:00.377Z] 19:09:00 [watch] src/pages/privat.astro
[2026-02-01T00:09:00.377Z] 19:09:00 [watch] src/pages/privat.astro
[2026-02-01T00:09:00.378Z] 19:09:00 [watch] src/pages/index.astro
[2026-02-01T00:09:00.378Z] 19:09:00 [watch] src/pages/index.astro
[2026-02-01T00:10:14.489Z] 19:10:14 [200] / 306ms
[2026-02-01T00:12:54.470Z] 19:12:54 [watch] src/pages/gewerbe.astro
[2026-02-01T00:12:54.471Z] 19:12:54 [watch] src/pages/gewerbe.astro
[2026-02-01T00:12:54.472Z] 19:12:54 [watch] src/pages/privat.astro
[2026-02-01T00:12:54.472Z] 19:12:54 [watch] src/pages/privat.astro
[2026-02-01T00:12:54.472Z] 19:12:54 [watch] src/pages/index.astro
[2026-02-01T00:12:54.473Z] 19:12:54 [watch] src/pages/index.astro
[2026-02-01T00:19:28.226Z] 19:19:28 [watch] src/pages/ratgeber/foerderung.astro
[2026-02-01T00:19:28.229Z] 19:19:28 [watch] src/pages/ratgeber/foerderung.astro
[2026-02-01T00:19:34.033Z] 19:19:34 [watch] src/pages/ratgeber/kosten.astro
[2026-02-01T00:19:34.034Z] 19:19:34 [watch] src/pages/ratgeber/kosten.astro
[2026-02-01T00:19:39.387Z] 19:19:39 [watch] src/pages/ratgeber/wirtschaftlichkeit.astro
[2026-02-01T00:19:39.388Z] 19:19:39 [watch] src/pages/ratgeber/wirtschaftlichkeit.astro
[2026-02-01T00:21:04.900Z] 19:21:04 [200] / 211ms
[2026-02-01T00:22:21.406Z] 19:22:21 [watch] src/pages/gewerbe.astro
[2026-02-01T00:22:21.406Z] 19:22:21 [watch] src/pages/gewerbe.astro
[2026-02-01T00:22:25.803Z] 19:22:25 [watch] src/pages/gewerbe.astro
[2026-02-01T00:22:25.804Z] 19:22:25 [watch] src/pages/gewerbe.astro
[2026-02-01T00:22:29.929Z] 19:22:29 [watch] src/pages/gewerbe.astro
[2026-02-01T00:22:29.930Z] 19:22:29 [watch] src/pages/gewerbe.astro
[2026-02-01T00:22:46.827Z] 19:22:46 [watch] src/pages/privat.astro
[2026-02-01T00:22:46.829Z] 19:22:46 [watch] src/pages/privat.astro
[2026-02-01T00:22:59.313Z] 19:22:59 [watch] src/pages/privat.astro
[2026-02-01T00:22:59.314Z] 19:22:59 [watch] src/pages/privat.astro
[2026-02-01T00:24:13.956Z] 19:24:13 [200] / 175ms
[2026-02-01T00:27:45.577Z] 19:27:45 [watch] src/pages/ratgeber.astro
[2026-02-01T00:27:45.578Z] 19:27:45 [watch] src/pages/ratgeber.astro
[2026-02-01T00:28:50.742Z] 19:28:50 [200] / 128ms
[2026-02-01T00:30:31.798Z] 19:30:31 [watch] src/pages/agb.astro
[2026-02-01T00:30:31.799Z] 19:30:31 [watch] src/pages/agb.astro
[2026-02-01T00:30:31.804Z] 19:30:31 [watch] src/pages/heizung.astro
[2026-02-01T00:30:31.805Z] 19:30:31 [watch] src/pages/heizung.astro
[2026-02-01T00:30:31.806Z] 19:30:31 [watch] src/pages/kontakt.astro
[2026-02-01T00:30:31.807Z] 19:30:31 [watch] src/pages/kontakt.astro
[2026-02-01T00:30:31.809Z] 19:30:31 [watch] src/pages/referenzen.astro
[2026-02-01T00:30:31.810Z] 19:30:31 [watch] src/pages/referenzen.astro
[2026-02-01T00:30:31.812Z] 19:30:31 [watch] src/pages/service.astro
[2026-02-01T00:30:31.812Z] 19:30:31 [watch] src/pages/service.astro
[2026-02-01T00:30:31.813Z] 19:30:31 [watch] src/pages/solarmanager.astro
[2026-02-01T00:30:31.813Z] 19:30:31 [watch] src/pages/solarmanager.astro
[2026-02-01T00:30:39.831Z] 19:30:39 [watch] src/pages/blog.astro
[2026-02-01T00:30:39.832Z] 19:30:39 [watch] src/pages/blog.astro
[2026-02-01T00:30:39.834Z] 19:30:39 [watch] src/pages/datenschutz.astro
[2026-02-01T00:30:39.834Z] 19:30:39 [watch] src/pages/datenschutz.astro
[2026-02-01T00:30:39.837Z] 19:30:39 [watch] src/pages/faq.astro
[2026-02-01T00:30:39.838Z] 19:30:39 [watch] src/pages/faq.astro
[2026-02-01T00:30:39.840Z] 19:30:39 [watch] src/pages/impressum.astro
[2026-02-01T00:30:39.840Z] 19:30:39 [watch] src/pages/impressum.astro
[2026-02-01T00:30:39.841Z] 19:30:39 [watch] src/pages/standorte.astro
[2026-02-01T00:30:39.841Z] 19:30:39 [watch] src/pages/standorte.astro
[2026-02-01T00:30:47.547Z] 19:30:47 [watch] src/pages/wallbox.astro
[2026-02-01T00:30:47.548Z] 19:30:47 [watch] src/pages/wallbox.astro
[2026-02-01T00:31:03.854Z] 19:31:03 [watch] src/pages/gewerbe.astro
[2026-02-01T00:31:03.854Z] 19:31:03 [watch] src/pages/gewerbe.astro
[2026-02-01T00:31:13.569Z] 19:31:13 [watch] src/pages/privat.astro
[2026-02-01T00:31:13.570Z] 19:31:13 [watch] src/pages/privat.astro
[2026-02-01T00:32:30.550Z] 19:32:30 [200] / 240ms
[2026-02-01T00:39:49.578Z] 19:39:49 [watch] src/pages/referenzen.astro
[2026-02-01T00:39:49.578Z] 19:39:49 [watch] src/pages/referenzen.astro
[2026-02-01T00:41:40.871Z] 19:41:40 [200] / 131ms
[2026-02-01T00:52:01.440Z] 19:52:01 [watch] src/pages/standorte.astro
[2026-02-01T00:52:01.441Z] 19:52:01 [watch] src/pages/standorte.astro
[2026-02-01T00:52:08.843Z] 19:52:08 [watch] src/pages/standorte.astro
[2026-02-01T00:52:08.844Z] 19:52:08 [watch] src/pages/standorte.astro
[2026-02-01T00:52:15.190Z] 19:52:15 [watch] src/pages/standorte.astro
[2026-02-01T00:52:15.191Z] 19:52:15 [watch] src/pages/standorte.astro
[2026-02-01T00:53:16.090Z] 19:53:16 [watch] src/pages/standorte.astro
[2026-02-01T00:53:16.090Z] 19:53:16 [watch] src/pages/standorte.astro
[2026-02-01T00:53:22.824Z] 19:53:22 [watch] src/pages/standorte.astro
[2026-02-01T00:53:22.825Z] 19:53:22 [watch] src/pages/standorte.astro
[2026-02-01T00:55:03.136Z] 19:55:03 [200] / 215ms
[2026-02-01T01:07:03.920Z] 20:07:03 [watch] src/pages/standorte/erfurt.astro
[2026-02-01T01:07:03.921Z] 20:07:03 [watch] src/pages/standorte/erfurt.astro
[2026-02-01T01:08:52.664Z] 20:08:52 [200] / 250ms
[2026-02-01T01:10:17.071Z] 20:10:17 [watch] src/pages/ratgeber/foerderung.astro
[2026-02-01T01:10:17.071Z] 20:10:17 [watch] src/pages/ratgeber/foerderung.astro
[2026-02-01T01:10:26.481Z] 20:10:26 [watch] src/pages/blog/photovoltaik-foerderung-2026.astro
[2026-02-01T01:10:26.483Z] 20:10:26 [watch] src/pages/blog/photovoltaik-foerderung-2026.astro
[2026-02-01T01:10:37.704Z] 20:10:37 [watch] src/pages/blog/photovoltaik-foerderung-2026.astro
[2026-02-01T01:10:37.706Z] 20:10:37 [watch] src/pages/blog/photovoltaik-foerderung-2026.astro
[2026-02-01T01:12:09.909Z] 20:12:09 [200] / 189ms
[2026-02-01T01:14:30.794Z] 20:14:30 [watch] src/pages/ratgeber/foerderung.astro
[2026-02-01T01:14:30.796Z] 20:14:30 [watch] src/pages/ratgeber/foerderung.astro
[2026-02-01T01:14:41.632Z] 20:14:41 [watch] src/pages/ratgeber/kosten.astro
[2026-02-01T01:14:41.636Z] 20:14:41 [watch] src/pages/ratgeber/kosten.astro
[2026-02-01T01:14:58.913Z] 20:14:58 [watch] src/pages/ratgeber/wirtschaftlichkeit.astro
[2026-02-01T01:14:58.915Z] 20:14:58 [watch] src/pages/ratgeber/wirtschaftlichkeit.astro
[2026-02-01T01:15:18.245Z] 20:15:18 [watch] src/pages/standorte/leipzig.astro
[2026-02-01T01:15:18.247Z] 20:15:18 [watch] src/pages/standorte/leipzig.astro
[2026-02-01T01:15:25.654Z] 20:15:25 [watch] src/pages/standorte/anhalt-bitterfeld.astro
[2026-02-01T01:15:25.656Z] 20:15:25 [watch] src/pages/standorte/anhalt-bitterfeld.astro
[2026-02-01T01:15:25.666Z] 20:15:25 [watch] src/pages/standorte/borna.astro
[2026-02-01T01:15:25.667Z] 20:15:25 [watch] src/pages/standorte/borna.astro
[2026-02-01T01:15:25.675Z] 20:15:25 [watch] src/pages/standorte/burgenlandkreis.astro
[2026-02-01T01:15:25.676Z] 20:15:25 [watch] src/pages/standorte/burgenlandkreis.astro
[2026-02-01T01:15:25.689Z] 20:15:25 [watch] src/pages/standorte/dresden.astro
[2026-02-01T01:15:25.690Z] 20:15:25 [watch] src/pages/standorte/dresden.astro
[2026-02-01T01:15:25.698Z] 20:15:25 [watch] src/pages/standorte/elbe-elster.astro
[2026-02-01T01:15:25.699Z] 20:15:25 [watch] src/pages/standorte/elbe-elster.astro
[2026-02-01T01:15:25.710Z] 20:15:25 [watch] src/pages/standorte/erfurt.astro
[2026-02-01T01:15:25.711Z] 20:15:25 [watch] src/pages/standorte/erfurt.astro
[2026-02-01T01:15:25.719Z] 20:15:25 [watch] src/pages/standorte/gera.astro
[2026-02-01T01:15:25.719Z] 20:15:25 [watch] src/pages/standorte/gera.astro
[2026-02-01T01:15:25.729Z] 20:15:25 [watch] src/pages/standorte/grimma.astro
[2026-02-01T01:15:25.729Z] 20:15:25 [watch] src/pages/standorte/grimma.astro
[2026-02-01T01:15:25.740Z] 20:15:25 [watch] src/pages/standorte/halle.astro
[2026-02-01T01:15:25.740Z] 20:15:25 [watch] src/pages/standorte/halle.astro
[2026-02-01T01:15:25.754Z] 20:15:25 [watch] src/pages/standorte/magdeburg.astro
[2026-02-01T01:15:25.755Z] 20:15:25 [watch] src/pages/standorte/magdeburg.astro
[2026-02-01T01:15:25.764Z] 20:15:25 [watch] src/pages/standorte/naumburg.astro
[2026-02-01T01:15:25.765Z] 20:15:25 [watch] src/pages/standorte/naumburg.astro
[2026-02-01T01:15:25.774Z] 20:15:25 [watch] src/pages/standorte/nordsachsen.astro
[2026-02-01T01:15:25.775Z] 20:15:25 [watch] src/pages/standorte/nordsachsen.astro
[2026-02-01T01:15:25.781Z] 20:15:25 [watch] src/pages/standorte/saalekreis.astro
[2026-02-01T01:15:25.782Z] 20:15:25 [watch] src/pages/standorte/saalekreis.astro
[2026-02-01T01:15:25.790Z] 20:15:25 [watch] src/pages/standorte/weissenfels.astro
[2026-02-01T01:15:25.791Z] 20:15:25 [watch] src/pages/standorte/weissenfels.astro
[2026-02-01T01:15:25.799Z] 20:15:25 [watch] src/pages/standorte/zeitz.astro
[2026-02-01T01:15:25.800Z] 20:15:25 [watch] src/pages/standorte/zeitz.astro
[2026-02-01T01:15:32.517Z] 20:15:32 [watch] src/pages/blog/fehler-solarkauf.astro
[2026-02-01T01:15:32.518Z] 20:15:32 [watch] src/pages/blog/fehler-solarkauf.astro
[2026-02-01T01:15:32.528Z] 20:15:32 [watch] src/pages/blog/neue-speicher-technologien-2026.astro
[2026-02-01T01:15:32.529Z] 20:15:32 [watch] src/pages/blog/neue-speicher-technologien-2026.astro
[2026-02-01T01:15:32.545Z] 20:15:32 [watch] src/pages/blog/photovoltaik-foerderung-2026.astro
[2026-02-01T01:15:32.545Z] 20:15:32 [watch] src/pages/blog/photovoltaik-foerderung-2026.astro
[2026-02-01T01:15:32.551Z] 20:15:32 [watch] src/pages/blog/photovoltaik-foerderungen-2026-programme.astro
[2026-02-01T01:15:32.551Z] 20:15:32 [watch] src/pages/blog/photovoltaik-foerderungen-2026-programme.astro
[2026-02-01T01:15:32.560Z] 20:15:32 [watch] src/pages/blog/photovoltaik-foerderungen-2026.astro
[2026-02-01T01:15:32.560Z] 20:15:32 [watch] src/pages/blog/photovoltaik-foerderungen-2026.astro
[2026-02-01T01:15:32.570Z] 20:15:32 [watch] src/pages/blog/photovoltaik-kosten-2026.astro
[2026-02-01T01:15:32.571Z] 20:15:32 [watch] src/pages/blog/photovoltaik-kosten-2026.astro
[2026-02-01T01:15:32.578Z] 20:15:32 [watch] src/pages/blog/solar-leipzig.astro
[2026-02-01T01:15:32.579Z] 20:15:32 [watch] src/pages/blog/solar-leipzig.astro
[2026-02-01T01:15:32.589Z] 20:15:32 [watch] src/pages/blog/solaranlage-wartung.astro
[2026-02-01T01:15:32.590Z] 20:15:32 [watch] src/pages/blog/solaranlage-wartung.astro
[2026-02-01T01:15:32.599Z] 20:15:32 [watch] src/pages/blog/stromspeicher-2026-lohnt-sich.astro
[2026-02-01T01:15:32.599Z] 20:15:32 [watch] src/pages/blog/stromspeicher-2026-lohnt-sich.astro
[2026-02-01T01:15:32.607Z] 20:15:32 [watch] src/pages/blog/stromspeicher-nachruesten.astro
[2026-02-01T01:15:32.607Z] 20:15:32 [watch] src/pages/blog/stromspeicher-nachruesten.astro
[2026-02-01T01:15:32.618Z] 20:15:32 [watch] src/pages/blog/stromspeicher-vergleich-2026.astro
[2026-02-01T01:15:32.619Z] 20:15:32 [watch] src/pages/blog/stromspeicher-vergleich-2026.astro
[2026-02-01T01:15:32.627Z] 20:15:32 [watch] src/pages/blog/wartungstipps-photovoltaik-winter.astro
[2026-02-01T01:15:32.628Z] 20:15:32 [watch] src/pages/blog/wartungstipps-photovoltaik-winter.astro
[2026-02-01T01:15:32.637Z] 20:15:32 [watch] src/pages/blog/wartungstipps-winter.astro
[2026-02-01T01:15:32.638Z] 20:15:32 [watch] src/pages/blog/wartungstipps-winter.astro
[2026-02-01T01:15:38.837Z] 20:15:38 [watch] src/pages/privat.astro
[2026-02-01T01:15:38.838Z] 20:15:38 [watch] src/pages/privat.astro
[2026-02-01T01:15:38.849Z] 20:15:38 [watch] src/pages/gewerbe.astro
[2026-02-01T01:15:38.849Z] 20:15:38 [watch] src/pages/gewerbe.astro
[2026-02-01T01:15:38.857Z] 20:15:38 [watch] src/pages/stromspeicher.astro
[2026-02-01T01:15:38.857Z] 20:15:38 [watch] src/pages/stromspeicher.astro
[2026-02-01T01:15:38.867Z] 20:15:38 [watch] src/pages/wallbox.astro
[2026-02-01T01:15:38.868Z] 20:15:38 [watch] src/pages/wallbox.astro
[2026-02-01T01:15:38.875Z] 20:15:38 [watch] src/pages/service.astro
[2026-02-01T01:15:38.876Z] 20:15:38 [watch] src/pages/service.astro
[2026-02-01T01:15:38.884Z] 20:15:38 [watch] src/pages/referenzen.astro
[2026-02-01T01:15:38.885Z] 20:15:38 [watch] src/pages/referenzen.astro
[2026-02-01T01:15:38.895Z] 20:15:38 [watch] src/pages/kontakt.astro
[2026-02-01T01:15:38.896Z] 20:15:38 [watch] src/pages/kontakt.astro
[2026-02-01T01:15:38.903Z] 20:15:38 [watch] src/pages/faq.astro
[2026-02-01T01:15:38.904Z] 20:15:38 [watch] src/pages/faq.astro
[2026-02-01T01:17:27.045Z] 20:17:27 [200] / 381ms
[2026-02-01T01:24:58.644Z] 20:24:58 [watch] src/pages/faq.astro
[2026-02-01T01:24:58.645Z] 20:24:58 [watch] src/pages/faq.astro
[2026-02-01T01:25:05.562Z] 20:25:05 [watch] src/pages/faq.astro
[2026-02-01T01:25:05.563Z] 20:25:05 [watch] src/pages/faq.astro
[2026-02-01T01:25:11.634Z] 20:25:11 [watch] src/pages/faq.astro
[2026-02-01T01:25:11.637Z] 20:25:11 [watch] src/pages/faq.astro
[2026-02-01T01:25:47.806Z] 20:25:47 [watch] src/pages/ratgeber/kosten.astro
[2026-02-01T01:25:47.808Z] 20:25:47 [watch] src/pages/ratgeber/kosten.astro
[2026-02-01T01:26:08.722Z] 20:26:08 [watch] src/pages/ratgeber/foerderung.astro
[2026-02-01T01:26:08.723Z] 20:26:08 [watch] src/pages/ratgeber/foerderung.astro
[2026-02-01T01:26:27.134Z] 20:26:27 [watch] src/pages/ratgeber/wirtschaftlichkeit.astro
[2026-02-01T01:26:27.135Z] 20:26:27 [watch] src/pages/ratgeber/wirtschaftlichkeit.astro
[2026-02-01T01:26:53.175Z] 20:26:53 [watch] src/pages/privat.astro
[2026-02-01T01:26:53.176Z] 20:26:53 [watch] src/pages/privat.astro
[2026-02-01T01:27:09.122Z] 20:27:09 [watch] src/pages/gewerbe.astro
[2026-02-01T01:27:09.123Z] 20:27:09 [watch] src/pages/gewerbe.astro
[2026-02-01T01:27:59.613Z] 20:27:59 [watch] src/pages/standorte/dresden.astro
[2026-02-01T01:27:59.614Z] 20:27:59 [watch] src/pages/standorte/dresden.astro
[2026-02-01T01:28:10.700Z] 20:28:10 [watch] src/pages/standorte/anhalt-bitterfeld.astro
[2026-02-01T01:28:10.701Z] 20:28:10 [watch] src/pages/standorte/anhalt-bitterfeld.astro
[2026-02-01T01:28:10.713Z] 20:28:10 [watch] src/pages/standorte/borna.astro
[2026-02-01T01:28:10.714Z] 20:28:10 [watch] src/pages/standorte/borna.astro
[2026-02-01T01:28:10.726Z] 20:28:10 [watch] src/pages/standorte/burgenlandkreis.astro
[2026-02-01T01:28:10.727Z] 20:28:10 [watch] src/pages/standorte/burgenlandkreis.astro
[2026-02-01T01:28:10.742Z] 20:28:10 [watch] src/pages/standorte/dresden.astro
[2026-02-01T01:28:10.742Z] 20:28:10 [watch] src/pages/standorte/dresden.astro
[2026-02-01T01:28:10.754Z] 20:28:10 [watch] src/pages/standorte/elbe-elster.astro
[2026-02-01T01:28:10.755Z] 20:28:10 [watch] src/pages/standorte/elbe-elster.astro
[2026-02-01T01:28:10.773Z] 20:28:10 [watch] src/pages/standorte/erfurt.astro
[2026-02-01T01:28:10.774Z] 20:28:10 [watch] src/pages/standorte/erfurt.astro
[2026-02-01T01:28:10.789Z] 20:28:10 [watch] src/pages/standorte/gera.astro
[2026-02-01T01:28:10.790Z] 20:28:10 [watch] src/pages/standorte/gera.astro
[2026-02-01T01:28:10.802Z] 20:28:10 [watch] src/pages/standorte/grimma.astro
[2026-02-01T01:28:10.803Z] 20:28:10 [watch] src/pages/standorte/grimma.astro
[2026-02-01T01:28:10.817Z] 20:28:10 [watch] src/pages/standorte/halle.astro
[2026-02-01T01:28:10.817Z] 20:28:10 [watch] src/pages/standorte/halle.astro
[2026-02-01T01:28:10.830Z] 20:28:10 [watch] src/pages/standorte/leipzig.astro
[2026-02-01T01:28:10.831Z] 20:28:10 [watch] src/pages/standorte/leipzig.astro
[2026-02-01T01:28:10.844Z] 20:28:10 [watch] src/pages/standorte/magdeburg.astro
[2026-02-01T01:28:10.845Z] 20:28:10 [watch] src/pages/standorte/magdeburg.astro
[2026-02-01T01:28:10.856Z] 20:28:10 [watch] src/pages/standorte/naumburg.astro
[2026-02-01T01:28:10.857Z] 20:28:10 [watch] src/pages/standorte/naumburg.astro
[2026-02-01T01:28:10.872Z] 20:28:10 [watch] src/pages/standorte/nordsachsen.astro
[2026-02-01T01:28:10.873Z] 20:28:10 [watch] src/pages/standorte/nordsachsen.astro
[2026-02-01T01:28:10.888Z] 20:28:10 [watch] src/pages/standorte/saalekreis.astro
[2026-02-01T01:28:10.889Z] 20:28:10 [watch] src/pages/standorte/saalekreis.astro
[2026-02-01T01:28:10.899Z] 20:28:10 [watch] src/pages/standorte/weissenfels.astro
[2026-02-01T01:28:10.900Z] 20:28:10 [watch] src/pages/standorte/weissenfels.astro
[2026-02-01T01:28:10.914Z] 20:28:10 [watch] src/pages/standorte/zeitz.astro
[2026-02-01T01:28:10.915Z] 20:28:10 [watch] src/pages/standorte/zeitz.astro
[2026-02-01T01:33:25.022Z] 20:33:25 [watch] src/pages/standorte/zeitz.astro
[2026-02-01T01:33:25.022Z] 20:33:25 [watch] src/pages/standorte/zeitz.astro
[2026-02-01T01:35:19.691Z] 20:35:19 [watch] src/pages/standorte/naumburg.astro
[2026-02-01T01:35:19.692Z] 20:35:19 [watch] src/pages/standorte/naumburg.astro
[2026-02-01T01:37:09.564Z] 20:37:09 [watch] src/pages/standorte/weissenfels.astro
[2026-02-01T01:37:09.566Z] 20:37:09 [watch] src/pages/standorte/weissenfels.astro
[2026-02-01T01:39:44.472Z] 20:39:44 [200] / 291ms
[2026-02-01T12:44:26.847Z] 07:44:26 [watch] src/pages/wallbox.astro
[2026-02-01T12:44:26.848Z] 07:44:26 [watch] src/pages/wallbox.astro
[2026-02-01T12:51:47.066Z] 07:51:47 [200] / 188ms
[2026-02-01T12:52:43.926Z] 07:52:43 [watch] src/pages/wallbox.astro
[2026-02-01T12:52:43.927Z] 07:52:43 [watch] src/pages/wallbox.astro
[2026-02-01T12:54:36.766Z] 07:54:36 [watch] src/pages/wallbox.astro
[2026-02-01T12:54:36.767Z] 07:54:36 [watch] src/pages/wallbox.astro
[2026-02-01T13:14:17.081Z] 08:14:17 [watch] src/pages/privat.astro
[2026-02-01T13:14:17.081Z] 08:14:17 [watch] src/pages/privat.astro
[2026-02-01T13:14:22.769Z] 08:14:22 [watch] src/pages/gewerbe.astro
[2026-02-01T13:14:22.770Z] 08:14:22 [watch] src/pages/gewerbe.astro
[2026-02-01T13:40:26.113Z] 08:40:26 [watch] src/pages/privat.astro
[2026-02-01T13:40:26.114Z] 08:40:26 [watch] src/pages/privat.astro
[2026-02-01T13:40:41.220Z] 08:40:41 [watch] src/pages/gewerbe.astro
[2026-02-01T13:40:41.220Z] 08:40:41 [watch] src/pages/gewerbe.astro
[2026-02-01T13:42:41.485Z] 08:42:41 [200] / 218ms
[2026-02-01T13:52:06.620Z] 08:52:06 [watch] src/components/Breadcrumb.astro
[2026-02-01T13:52:06.622Z] 08:52:06 [watch] src/components/Breadcrumb.astro
[2026-02-01T13:52:26.744Z] 08:52:26 [watch] src/pages/privat.astro
[2026-02-01T13:52:26.745Z] 08:52:26 [watch] src/pages/privat.astro
[2026-02-01T13:52:32.560Z] 08:52:32 [watch] src/pages/gewerbe.astro
[2026-02-01T13:52:32.561Z] 08:52:32 [watch] src/pages/gewerbe.astro
[2026-02-01T13:54:50.764Z] 08:54:50 [200] / 216ms
[2026-02-01T14:00:25.005Z] 09:00:25 [watch] src/components/Breadcrumb.astro
[2026-02-01T14:00:25.008Z] 09:00:25 [watch] src/components/Breadcrumb.astro
[2026-02-01T14:02:01.558Z] 09:02:01 [200] / 191ms
[2026-02-01T14:03:25.683Z] 09:03:25 [watch] src/components/Header.astro
[2026-02-01T14:03:25.683Z] 09:03:25 [watch] src/components/Header.astro
[2026-02-01T14:05:08.421Z] 09:05:08 [200] / 193ms
[2026-02-01T14:09:44.596Z] 09:09:44 [200] / 121ms
[2026-02-01T14:10:45.871Z] 09:10:45 [watch] src/components/Header.astro
[2026-02-01T14:10:45.872Z] 09:10:45 [watch] src/components/Header.astro
[2026-02-01T14:10:50.913Z] 09:10:50 [watch] src/components/Header.astro
[2026-02-01T14:10:50.915Z] 09:10:50 [watch] src/components/Header.astro
[2026-02-01T14:12:24.615Z] 09:12:24 [200] / 160ms
[2026-02-01T14:14:53.652Z] 09:14:53 [watch] src/layouts/Layout.astro
[2026-02-01T14:14:53.655Z] 09:14:53 [watch] src/layouts/Layout.astro
[2026-02-01T14:15:08.790Z] 09:15:08 [watch] src/layouts/Layout.astro
[2026-02-01T14:15:08.792Z] 09:15:08 [watch] src/layouts/Layout.astro
[2026-02-01T14:15:14.835Z] 09:15:14 [watch] src/components/Header.astro
[2026-02-01T14:15:14.836Z] 09:15:14 [watch] src/components/Header.astro
[2026-02-01T14:15:20.406Z] 09:15:20 [watch] src/components/Header.astro
[2026-02-01T14:15:20.407Z] 09:15:20 [watch] src/components/Header.astro
[2026-02-01T14:17:04.657Z] 09:17:04 [200] / 192ms
[2026-02-01T14:19:40.529Z] 09:19:40 [watch] src/pages/ratgeber/kosten.astro
[2026-02-01T14:19:40.529Z] 09:19:40 [watch] src/pages/ratgeber/kosten.astro
[2026-02-01T14:19:50.467Z] 09:19:50 [watch] src/pages/ratgeber/kosten.astro
[2026-02-01T14:19:50.468Z] 09:19:50 [watch] src/pages/ratgeber/kosten.astro
[2026-02-01T14:20:10.569Z] 09:20:10 [watch] src/pages/ratgeber/kosten.astro
[2026-02-01T14:20:10.569Z] 09:20:10 [watch] src/pages/ratgeber/kosten.astro
[2026-02-01T14:21:53.426Z] 09:21:53 [200] / 185ms
[2026-02-01T14:40:58.984Z] 09:40:58 [watch] src/components/MultiStepForm.astro
[2026-02-01T14:41:32.648Z] 09:41:32 [watch] src/components/ExitIntentPopup.astro
[2026-02-01T14:42:14.193Z] 09:42:14 [watch] src/components/Header.astro
[2026-02-01T14:42:14.195Z] 09:42:14 [watch] src/components/Header.astro
[2026-02-01T14:44:27.205Z] 09:44:27 [200] / 168ms
[2026-02-01T14:49:58.432Z] 09:49:58 [watch] src/components/Header.astro
[2026-02-01T14:49:58.432Z] 09:49:58 [watch] src/components/Header.astro
[2026-02-01T14:50:21.178Z] 09:50:21 [watch] src/components/ExitIntentPopup.astro
[2026-02-01T14:52:27.548Z] 09:52:27 [watch] src/components/ExitIntentPopup.astro
[2026-02-01T14:54:20.728Z] 09:54:20 [200] / 141ms
[2026-02-01T16:37:37.085Z] 11:37:37 Configuration file updated. Restarting...
[2026-02-01T16:37:37.237Z] 11:37:37 [content] Syncing content
[2026-02-01T16:37:37.249Z] 11:37:37 [content] Synced content
[2026-02-01T16:37:37.250Z] 11:37:37 [types] Generated 74ms
[2026-02-01T16:37:37.256Z] 11:37:37 [vite] Re-optimizing dependencies because vite config has changed
[2026-02-01T16:51:40.511Z] 11:51:40 [200] / 260ms
[2026-02-01T16:51:41.614Z] 11:51:41 [vite] ✨ new dependencies optimized: @supabase/supabase-js
[2026-02-01T16:51:41.614Z] 11:51:41 [vite] ✨ optimized dependencies changed. reloading
[2026-02-01T16:51:41.808Z] 11:51:41 [200] / 89ms
[2026-02-01T17:52:50.419Z] 12:52:50 [watch] src/pages/admin.astro
[2026-02-01T17:52:50.420Z] 12:52:50 [watch] src/pages/admin.astro
[2026-02-01T17:53:04.604Z] 12:53:04 [watch] src/pages/admin.astro
[2026-02-01T17:53:04.607Z] 12:53:04 [watch] src/pages/admin.astro
[2026-02-01T17:53:22.984Z] 12:53:22 [watch] src/pages/admin.astro
[2026-02-01T17:53:22.986Z] 12:53:22 [watch] src/pages/admin.astro
[2026-02-01T17:54:43.194Z] 12:54:43 [200] / 191ms
[2026-02-01T20:19:39.242Z] 15:19:39 [watch] src/components/ExitIntentPopup.astro
[2026-02-01T20:19:49.474Z] 15:19:49 [watch] src/components/MultiStepForm.astro
[2026-02-01T20:20:09.042Z] 15:20:09 [watch] src/pages/index.astro
[2026-02-01T20:20:09.043Z] 15:20:09 [watch] src/pages/index.astro
[2026-02-01T20:30:46.065Z] 15:30:46 [watch] src/components/ExitIntentPopup.astro
[2026-02-01T20:30:50.838Z] 15:30:50 [watch] src/components/MultiStepForm.astro
[2026-02-01T20:37:10.709Z] 15:37:10 [watch] src/layouts/Layout.astro
[2026-02-01T20:37:10.712Z] 15:37:10 [watch] src/layouts/Layout.astro
[2026-02-01T20:37:24.375Z] 15:37:24 [watch] src/pages/index.astro
[2026-02-01T20:37:24.376Z] 15:37:24 [watch] src/pages/index.astro
[2026-02-01T20:37:49.178Z] 15:37:49 [watch] src/pages/index.astro
[2026-02-01T20:37:49.179Z] 15:37:49 [watch] src/pages/index.astro
[2026-02-01T20:37:58.330Z] 15:37:58 [watch] src/components/MultiStepForm.astro
[2026-02-01T21:35:11.726Z] 16:35:11 [watch] src/lib/supabase.ts
[2026-02-01T21:35:11.729Z] 16:35:11 [watch] src/lib/supabase.ts
[2026-02-01T21:35:35.177Z] 16:35:35 [watch] src/pages/admin.astro
[2026-02-01T21:35:35.179Z] 16:35:35 [watch] src/pages/admin.astro
[2026-02-01T21:35:54.813Z] 16:35:54 [watch] src/pages/admin.astro
[2026-02-01T21:35:54.815Z] 16:35:54 [watch] src/pages/admin.astro
[2026-02-01T21:35:59.381Z] 16:35:59 [watch] src/pages/admin.astro
[2026-02-01T21:35:59.382Z] 16:35:59 [watch] src/pages/admin.astro
[2026-02-01T21:36:09.523Z] 16:36:09 [watch] src/pages/admin.astro
[2026-02-01T21:36:09.525Z] 16:36:09 [watch] src/pages/admin.astro
[2026-02-01T21:55:07.869Z] 16:55:07 [watch] src/lib/supabase.ts
[2026-02-01T21:55:07.872Z] 16:55:07 [watch] src/lib/supabase.ts
[2026-02-02T00:09:16.962Z] 19:09:16 [200] / 392ms
[2026-02-02T00:15:07.115Z] 19:15:07 [watch] src/pages/dashboard.astro
[2026-02-02T00:15:07.117Z] 19:15:07 [watch] src/pages/dashboard.astro
[2026-02-02T00:18:44.957Z] 19:18:44 [200] / 244ms
[2026-02-02T00:21:13.653Z] 19:21:13 [watch] src/pages/dashboard.astro
[2026-02-02T00:21:13.657Z] 19:21:13 [watch] src/pages/dashboard.astro
[2026-02-02T00:21:28.205Z] 19:21:28 [watch] src/pages/dashboard.astro
[2026-02-02T00:21:28.207Z] 19:21:28 [watch] src/pages/dashboard.astro
[2026-02-02T00:21:48.625Z] 19:21:48 [watch] src/pages/dashboard.astro
[2026-02-02T00:21:48.628Z] 19:21:48 [watch] src/pages/dashboard.astro
[2026-02-02T00:25:38.822Z] 19:25:38 [200] / 220ms
[2026-02-02T00:27:00.843Z] 19:27:00 [watch] src/pages/dashboard.astro
[2026-02-02T00:27:00.845Z] 19:27:00 [watch] src/pages/dashboard.astro
[2026-02-02T00:27:17.333Z] 19:27:17 [watch] src/pages/dashboard.astro
[2026-02-02T00:27:17.336Z] 19:27:17 [watch] src/pages/dashboard.astro
[2026-02-02T00:30:06.979Z] 19:30:06 [200] / 235ms
[2026-02-02T00:32:29.592Z] 19:32:29 [watch] src/pages/dashboard.astro
[2026-02-02T00:32:29.595Z] 19:32:29 [watch] src/pages/dashboard.astro
[2026-02-02T00:32:48.455Z] 19:32:48 [watch] src/pages/dashboard.astro
[2026-02-02T00:32:48.457Z] 19:32:48 [watch] src/pages/dashboard.astro
[2026-02-02T00:33:06.056Z] 19:33:06 [watch] src/pages/dashboard.astro
[2026-02-02T00:33:06.058Z] 19:33:06 [watch] src/pages/dashboard.astro
[2026-02-02T00:33:36.604Z] 19:33:36 [watch] src/pages/dashboard.astro
[2026-02-02T00:33:36.606Z] 19:33:36 [watch] src/pages/dashboard.astro
[2026-02-02T00:33:47.920Z] 19:33:47 [watch] src/pages/dashboard.astro
[2026-02-02T00:33:47.922Z] 19:33:47 [watch] src/pages/dashboard.astro
[2026-02-02T00:36:35.214Z] 19:36:35 [200] / 212ms
[2026-02-02T00:38:03.115Z] 19:38:03 [watch] src/pages/index.astro
[2026-02-02T00:38:03.116Z] 19:38:03 [watch] src/pages/index.astro
[2026-02-02T00:38:22.042Z] 19:38:22 [watch] src/pages/index.astro
[2026-02-02T00:38:22.044Z] 19:38:22 [watch] src/pages/index.astro
[2026-02-02T00:42:41.520Z] 19:42:41 [200] / 174ms
[2026-02-02T00:44:57.552Z] 19:44:57 [watch] src/pages/dashboard.astro
[2026-02-02T00:44:57.553Z] 19:44:57 [watch] src/pages/dashboard.astro
[2026-02-02T00:45:09.231Z] 19:45:09 [watch] src/pages/dashboard.astro
[2026-02-02T00:45:09.233Z] 19:45:09 [watch] src/pages/dashboard.astro
[2026-02-02T00:45:34.792Z] 19:45:34 [watch] src/pages/dashboard.astro
[2026-02-02T00:45:34.793Z] 19:45:34 [watch] src/pages/dashboard.astro
[2026-02-02T00:48:43.881Z] 19:48:43 [200] / 221ms
[2026-02-02T01:00:35.566Z] 20:00:35 [watch] src/pages/index.astro
[2026-02-02T01:00:35.573Z] 20:00:35 [watch] src/pages/index.astro
[2026-02-02T01:02:35.493Z] 20:02:35 [watch] src/pages/index.astro
[2026-02-02T01:02:35.494Z] 20:02:35 [watch] src/pages/index.astro
[2026-02-02T01:04:38.978Z] 20:04:38 [200] / 246ms
[2026-02-02T01:07:41.031Z] 20:07:41 [watch] src/pages/dashboard.astro
[2026-02-02T01:07:41.034Z] 20:07:41 [watch] src/pages/dashboard.astro
[2026-02-02T01:08:01.002Z] 20:08:01 [watch] src/pages/dashboard.astro
[2026-02-02T01:08:01.004Z] 20:08:01 [watch] src/pages/dashboard.astro
[2026-02-02T01:09:36.526Z] 20:09:36 [200] / 224ms
[2026-02-02T01:31:01.827Z] 20:31:01 [watch] src/pages/dashboard.astro
[2026-02-02T01:31:01.832Z] 20:31:01 [watch] src/pages/dashboard.astro
[2026-02-02T01:31:26.894Z] 20:31:26 [watch] src/pages/dashboard.astro
[2026-02-02T01:31:26.896Z] 20:31:26 [watch] src/pages/dashboard.astro
[2026-02-02T01:33:04.376Z] 20:33:04 [200] / 224ms
[2026-02-02T01:39:19.605Z] 20:39:19 [200] / 122ms
[2026-02-02T01:40:59.051Z] 20:40:59 [watch] src/pages/dashboard.astro
[2026-02-02T01:40:59.053Z] 20:40:59 [watch] src/pages/dashboard.astro
[2026-02-02T01:43:36.743Z] 20:43:36 [watch] src/pages/dashboard.astro
[2026-02-02T01:43:36.745Z] 20:43:36 [watch] src/pages/dashboard.astro
[2026-02-02T01:43:44.436Z] 20:43:44 [watch] src/pages/dashboard.astro
[2026-02-02T01:43:44.438Z] 20:43:44 [watch] src/pages/dashboard.astro
[2026-02-02T01:45:08.204Z] 20:45:08 [200] / 257ms
[2026-02-02T01:55:02.677Z] 20:55:02 [watch] src/pages/standorte.astro
[2026-02-02T01:55:02.677Z] 20:55:02 [watch] src/pages/standorte.astro
[2026-02-02T02:08:58.169Z] 21:08:58 [watch] src/pages/standorte/halle.astro
[2026-02-02T02:08:58.170Z] 21:08:58 [watch] src/pages/standorte/halle.astro
[2026-02-02T02:09:14.292Z] 21:09:14 [watch] src/pages/standorte/borna.astro
[2026-02-02T02:09:14.293Z] 21:09:14 [watch] src/pages/standorte/borna.astro
[2026-02-02T02:09:29.653Z] 21:09:29 [watch] src/pages/standorte/grimma.astro
[2026-02-02T02:09:29.654Z] 21:09:29 [watch] src/pages/standorte/grimma.astro
[2026-02-02T02:10:39.216Z] 21:10:39 [watch] src/pages/index.astro
[2026-02-02T02:10:39.217Z] 21:10:39 [watch] src/pages/index.astro
[2026-02-02T02:11:08.042Z] 21:11:08 [watch] src/pages/standorte.astro
[2026-02-02T02:11:08.043Z] 21:11:08 [watch] src/pages/standorte.astro
[2026-02-02T02:12:54.945Z] 21:12:54 [200] / 284ms
[2026-02-02T02:21:19.671Z] 21:21:19 [watch] src/pages/standorte/solaranlage-leipzig.astro
[2026-02-02T02:21:19.673Z] 21:21:19 [watch] src/pages/standorte/solaranlage-leipzig.astro
[2026-02-02T02:21:52.689Z] 21:21:52 [watch] src/pages/standorte/photovoltaik-anbieter-leipzig.astro
[2026-02-02T02:21:52.690Z] 21:21:52 [watch] src/pages/standorte/photovoltaik-anbieter-leipzig.astro
[2026-02-02T02:22:24.275Z] 21:22:24 [watch] src/pages/standorte/stromspeicher-leipzig.astro
[2026-02-02T02:22:24.276Z] 21:22:24 [watch] src/pages/standorte/stromspeicher-leipzig.astro
[2026-02-02T02:22:54.912Z] 21:22:54 [watch] src/pages/standorte/wallbox-leipzig.astro
[2026-02-02T02:22:54.914Z] 21:22:54 [watch] src/pages/standorte/wallbox-leipzig.astro
[2026-02-02T02:23:31.338Z] 21:23:31 [watch] src/pages/standorte/solarteur-leipzig.astro
[2026-02-02T02:23:31.341Z] 21:23:31 [watch] src/pages/standorte/solarteur-leipzig.astro
[2026-02-02T02:24:04.508Z] 21:24:04 [watch] src/pages/standorte/photovoltaik-firma-leipzig.astro
[2026-02-02T02:24:04.510Z] 21:24:04 [watch] src/pages/standorte/photovoltaik-firma-leipzig.astro
[2026-02-02T02:24:36.998Z] 21:24:36 [watch] src/pages/standorte/solaranlage-kaufen-leipzig.astro
[2026-02-02T02:24:36.999Z] 21:24:36 [watch] src/pages/standorte/solaranlage-kaufen-leipzig.astro
[2026-02-02T02:25:09.465Z] 21:25:09 [watch] src/pages/standorte/photovoltaik-delitzsch.astro
[2026-02-02T02:25:09.466Z] 21:25:09 [watch] src/pages/standorte/photovoltaik-delitzsch.astro
[2026-02-02T02:25:42.522Z] 21:25:42 [watch] src/pages/standorte/photovoltaik-markkleeberg.astro
[2026-02-02T02:25:42.523Z] 21:25:42 [watch] src/pages/standorte/photovoltaik-markkleeberg.astro
[2026-02-02T02:26:09.126Z] 21:26:09 [watch] src/pages/standorte/photovoltaik-wurzen.astro
[2026-02-02T02:26:09.128Z] 21:26:09 [watch] src/pages/standorte/photovoltaik-wurzen.astro
[2026-02-02T02:26:34.915Z] 21:26:34 [watch] src/pages/standorte/photovoltaik-eilenburg.astro
[2026-02-02T02:26:34.917Z] 21:26:34 [watch] src/pages/standorte/photovoltaik-eilenburg.astro
[2026-02-02T02:27:00.773Z] 21:27:00 [watch] src/pages/standorte/photovoltaik-taucha.astro
[2026-02-02T02:27:00.774Z] 21:27:00 [watch] src/pages/standorte/photovoltaik-taucha.astro
[2026-02-02T02:29:08.843Z] 21:29:08 [200] / 237ms
[2026-02-02T05:50:17.396Z] 00:50:17 [watch] src/pages/standorte/solaranlage-leipzig.astro
[2026-02-02T05:50:17.396Z] 00:50:17 [watch] src/pages/standorte/solaranlage-leipzig.astro
[2026-02-02T05:50:38.071Z] 00:50:38 [watch] src/pages/standorte/photovoltaik-anbieter-leipzig.astro
[2026-02-02T05:50:38.072Z] 00:50:38 [watch] src/pages/standorte/photovoltaik-anbieter-leipzig.astro
[2026-02-02T05:50:47.368Z] 00:50:47 [watch] src/pages/standorte/stromspeicher-leipzig.astro
[2026-02-02T05:50:47.369Z] 00:50:47 [watch] src/pages/standorte/stromspeicher-leipzig.astro
[2026-02-02T05:50:47.371Z] 00:50:47 [watch] src/pages/standorte/wallbox-leipzig.astro
[2026-02-02T05:50:47.372Z] 00:50:47 [watch] src/pages/standorte/wallbox-leipzig.astro
[2026-02-02T05:50:47.374Z] 00:50:47 [watch] src/pages/standorte/solarteur-leipzig.astro
[2026-02-02T05:50:47.374Z] 00:50:47 [watch] src/pages/standorte/solarteur-leipzig.astro
[2026-02-02T05:50:47.378Z] 00:50:47 [watch] src/pages/standorte/photovoltaik-firma-leipzig.astro
[2026-02-02T05:50:47.379Z] 00:50:47 [watch] src/pages/standorte/photovoltaik-firma-leipzig.astro
[2026-02-02T05:50:47.380Z] 00:50:47 [watch] src/pages/standorte/solaranlage-kaufen-leipzig.astro
[2026-02-02T05:50:47.380Z] 00:50:47 [watch] src/pages/standorte/solaranlage-kaufen-leipzig.astro
[2026-02-02T05:50:47.383Z] 00:50:47 [watch] src/pages/standorte/photovoltaik-delitzsch.astro
[2026-02-02T05:50:47.384Z] 00:50:47 [watch] src/pages/standorte/photovoltaik-delitzsch.astro
[2026-02-02T05:50:47.384Z] 00:50:47 [watch] src/pages/standorte/photovoltaik-markkleeberg.astro
[2026-02-02T05:50:47.385Z] 00:50:47 [watch] src/pages/standorte/photovoltaik-markkleeberg.astro
[2026-02-02T05:50:47.385Z] 00:50:47 [watch] src/pages/standorte/photovoltaik-wurzen.astro
[2026-02-02T05:50:47.386Z] 00:50:47 [watch] src/pages/standorte/photovoltaik-wurzen.astro
[2026-02-02T05:50:47.389Z] 00:50:47 [watch] src/pages/standorte/photovoltaik-eilenburg.astro
[2026-02-02T05:50:47.390Z] 00:50:47 [watch] src/pages/standorte/photovoltaik-eilenburg.astro
[2026-02-02T05:50:47.391Z] 00:50:47 [watch] src/pages/standorte/photovoltaik-taucha.astro
[2026-02-02T05:50:47.391Z] 00:50:47 [watch] src/pages/standorte/photovoltaik-taucha.astro
[2026-02-02T05:51:02.285Z] 00:51:02 [watch] src/pages/standorte/stromspeicher-leipzig.astro
[2026-02-02T05:51:02.286Z] 00:51:02 [watch] src/pages/standorte/stromspeicher-leipzig.astro
[2026-02-02T05:51:02.291Z] 00:51:02 [watch] src/pages/standorte/wallbox-leipzig.astro
[2026-02-02T05:51:02.291Z] 00:51:02 [watch] src/pages/standorte/wallbox-leipzig.astro
[2026-02-02T05:51:02.295Z] 00:51:02 [watch] src/pages/standorte/solarteur-leipzig.astro
[2026-02-02T05:51:02.296Z] 00:51:02 [watch] src/pages/standorte/solarteur-leipzig.astro
[2026-02-02T05:51:02.300Z] 00:51:02 [watch] src/pages/standorte/photovoltaik-firma-leipzig.astro
[2026-02-02T05:51:02.300Z] 00:51:02 [watch] src/pages/standorte/photovoltaik-firma-leipzig.astro
[2026-02-02T05:51:02.303Z] 00:51:02 [watch] src/pages/standorte/solaranlage-kaufen-leipzig.astro
[2026-02-02T05:51:02.304Z] 00:51:02 [watch] src/pages/standorte/solaranlage-kaufen-leipzig.astro
[2026-02-02T05:51:02.308Z] 00:51:02 [watch] src/pages/standorte/photovoltaik-delitzsch.astro
[2026-02-02T05:51:02.308Z] 00:51:02 [watch] src/pages/standorte/photovoltaik-delitzsch.astro
[2026-02-02T05:51:02.310Z] 00:51:02 [watch] src/pages/standorte/photovoltaik-markkleeberg.astro
[2026-02-02T05:51:02.310Z] 00:51:02 [watch] src/pages/standorte/photovoltaik-markkleeberg.astro
[2026-02-02T05:51:02.313Z] 00:51:02 [watch] src/pages/standorte/photovoltaik-wurzen.astro
[2026-02-02T05:51:02.314Z] 00:51:02 [watch] src/pages/standorte/photovoltaik-wurzen.astro
[2026-02-02T05:51:02.317Z] 00:51:02 [watch] src/pages/standorte/photovoltaik-eilenburg.astro
[2026-02-02T05:51:02.317Z] 00:51:02 [watch] src/pages/standorte/photovoltaik-eilenburg.astro
[2026-02-02T05:51:02.320Z] 00:51:02 [watch] src/pages/standorte/photovoltaik-taucha.astro
[2026-02-02T05:51:02.321Z] 00:51:02 [watch] src/pages/standorte/photovoltaik-taucha.astro
[2026-02-02T05:51:15.184Z] 00:51:15 [watch] src/pages/standorte/stromspeicher-leipzig.astro
[2026-02-02T05:51:15.187Z] 00:51:15 [watch] src/pages/standorte/stromspeicher-leipzig.astro
[2026-02-02T05:51:26.167Z] 00:51:26 [WARN] Unsupported file type /home/ubuntu/senec-design/src/pages/standorte/wallbox-leipzig.astro.tmp found. Prefix filename with an underscore (`_`) to ignore.
[2026-02-02T05:51:26.178Z] 00:51:26 [watch] src/pages/standorte/wallbox-leipzig.astro
[2026-02-02T05:51:26.179Z] 00:51:26 [watch] src/pages/standorte/wallbox-leipzig.astro
[2026-02-02T05:51:26.185Z] 00:51:26 [watch] src/pages/standorte/solarteur-leipzig.astro
[2026-02-02T05:51:26.185Z] 00:51:26 [watch] src/pages/standorte/solarteur-leipzig.astro
[2026-02-02T05:51:26.186Z] 00:51:26 [watch] src/pages/standorte/photovoltaik-firma-leipzig.astro
[2026-02-02T05:51:26.186Z] 00:51:26 [watch] src/pages/standorte/photovoltaik-firma-leipzig.astro
[2026-02-02T05:51:26.191Z] 00:51:26 [watch] src/pages/standorte/solaranlage-kaufen-leipzig.astro
[2026-02-02T05:51:26.192Z] 00:51:26 [watch] src/pages/standorte/solaranlage-kaufen-leipzig.astro
[2026-02-02T05:51:26.192Z] 00:51:26 [watch] src/pages/standorte/photovoltaik-delitzsch.astro
[2026-02-02T05:51:26.193Z] 00:51:26 [watch] src/pages/standorte/photovoltaik-delitzsch.astro
[2026-02-02T05:51:26.200Z] 00:51:26 [watch] src/pages/standorte/photovoltaik-markkleeberg.astro
[2026-02-02T05:51:26.201Z] 00:51:26 [watch] src/pages/standorte/photovoltaik-markkleeberg.astro
[2026-02-02T05:51:26.207Z] 00:51:26 [watch] src/pages/standorte/photovoltaik-wurzen.astro
[2026-02-02T05:51:26.208Z] 00:51:26 [watch] src/pages/standorte/photovoltaik-wurzen.astro
[2026-02-02T05:51:26.208Z] 00:51:26 [watch] src/pages/standorte/photovoltaik-eilenburg.astro
[2026-02-02T05:51:26.209Z] 00:51:26 [watch] src/pages/standorte/photovoltaik-eilenburg.astro
[2026-02-02T05:51:26.210Z] 00:51:26 [watch] src/pages/standorte/photovoltaik-taucha.astro
[2026-02-02T05:51:26.210Z] 00:51:26 [watch] src/pages/standorte/photovoltaik-taucha.astro
[2026-02-02T05:51:48.275Z] 00:51:48 [watch] src/pages/standorte/wallbox-leipzig.astro
[2026-02-02T05:51:48.277Z] 00:51:48 [watch] src/pages/standorte/wallbox-leipzig.astro
[2026-02-02T05:52:15.721Z] 00:52:15 [watch] src/pages/standorte/solarteur-leipzig.astro
[2026-02-02T05:52:15.725Z] 00:52:15 [watch] src/pages/standorte/solarteur-leipzig.astro
[2026-02-02T05:52:34.412Z] 00:52:34 [watch] src/pages/standorte/photovoltaik-firma-leipzig.astro
[2026-02-02T05:52:34.413Z] 00:52:34 [watch] src/pages/standorte/photovoltaik-firma-leipzig.astro
[2026-02-02T05:52:34.413Z] 00:52:34 [watch] src/pages/standorte/solaranlage-kaufen-leipzig.astro
[2026-02-02T05:52:34.414Z] 00:52:34 [watch] src/pages/standorte/solaranlage-kaufen-leipzig.astro
[2026-02-02T05:52:34.417Z] 00:52:34 [watch] src/pages/standorte/photovoltaik-delitzsch.astro
[2026-02-02T05:52:34.418Z] 00:52:34 [watch] src/pages/standorte/photovoltaik-delitzsch.astro
[2026-02-02T05:52:34.418Z] 00:52:34 [watch] src/pages/standorte/photovoltaik-markkleeberg.astro
[2026-02-02T05:52:34.419Z] 00:52:34 [watch] src/pages/standorte/photovoltaik-markkleeberg.astro
[2026-02-02T05:52:34.419Z] 00:52:34 [watch] src/pages/standorte/photovoltaik-wurzen.astro
[2026-02-02T05:52:34.420Z] 00:52:34 [watch] src/pages/standorte/photovoltaik-wurzen.astro
[2026-02-02T05:52:34.420Z] 00:52:34 [watch] src/pages/standorte/photovoltaik-eilenburg.astro
[2026-02-02T05:52:34.421Z] 00:52:34 [watch] src/pages/standorte/photovoltaik-eilenburg.astro
[2026-02-02T05:52:34.421Z] 00:52:34 [watch] src/pages/standorte/photovoltaik-taucha.astro
[2026-02-02T05:52:34.421Z] 00:52:34 [watch] src/pages/standorte/photovoltaik-taucha.astro
[2026-02-02T05:54:18.633Z] 00:54:18 [200] / 256ms
[2026-02-02T06:05:09.037Z] 01:05:08 [watch] src/lib/supabase.ts
[2026-02-02T06:05:09.040Z] 01:05:08 [watch] src/lib/supabase.ts
[2026-02-02T06:19:19.325Z] 01:19:19 [watch] src/pages/standorte/solaranlage-leipzig.astro
[2026-02-02T06:19:19.326Z] 01:19:19 [watch] src/pages/standorte/solaranlage-leipzig.astro
[2026-02-02T06:19:29.771Z] 01:19:29 [watch] src/pages/standorte/photovoltaik-anbieter-leipzig.astro
[2026-02-02T06:19:29.773Z] 01:19:29 [watch] src/pages/standorte/photovoltaik-anbieter-leipzig.astro
[2026-02-02T06:19:29.776Z] 01:19:29 [watch] src/pages/standorte/stromspeicher-leipzig.astro
[2026-02-02T06:19:29.776Z] 01:19:29 [watch] src/pages/standorte/stromspeicher-leipzig.astro
[2026-02-02T06:19:29.778Z] 01:19:29 [watch] src/pages/standorte/wallbox-leipzig.astro
[2026-02-02T06:19:29.779Z] 01:19:29 [watch] src/pages/standorte/wallbox-leipzig.astro
[2026-02-02T06:19:29.780Z] 01:19:29 [watch] src/pages/standorte/solarteur-leipzig.astro
[2026-02-02T06:19:29.780Z] 01:19:29 [watch] src/pages/standorte/solarteur-leipzig.astro
[2026-02-02T06:19:29.781Z] 01:19:29 [watch] src/pages/standorte/photovoltaik-firma-leipzig.astro
[2026-02-02T06:19:29.782Z] 01:19:29 [watch] src/pages/standorte/photovoltaik-firma-leipzig.astro
[2026-02-02T06:19:29.783Z] 01:19:29 [watch] src/pages/standorte/solaranlage-kaufen-leipzig.astro
[2026-02-02T06:19:29.783Z] 01:19:29 [watch] src/pages/standorte/solaranlage-kaufen-leipzig.astro
[2026-02-02T06:19:29.785Z] 01:19:29 [watch] src/pages/standorte/photovoltaik-delitzsch.astro
[2026-02-02T06:19:29.786Z] 01:19:29 [watch] src/pages/standorte/photovoltaik-delitzsch.astro
[2026-02-02T06:19:29.787Z] 01:19:29 [watch] src/pages/standorte/photovoltaik-markkleeberg.astro
[2026-02-02T06:19:29.787Z] 01:19:29 [watch] src/pages/standorte/photovoltaik-markkleeberg.astro
[2026-02-02T06:19:29.788Z] 01:19:29 [watch] src/pages/standorte/photovoltaik-wurzen.astro
[2026-02-02T06:19:29.788Z] 01:19:29 [watch] src/pages/standorte/photovoltaik-wurzen.astro
[2026-02-02T06:19:29.789Z] 01:19:29 [watch] src/pages/standorte/photovoltaik-eilenburg.astro
[2026-02-02T06:19:29.790Z] 01:19:29 [watch] src/pages/standorte/photovoltaik-eilenburg.astro
[2026-02-02T06:19:29.791Z] 01:19:29 [watch] src/pages/standorte/photovoltaik-taucha.astro
[2026-02-02T06:19:29.791Z] 01:19:29 [watch] src/pages/standorte/photovoltaik-taucha.astro
[2026-02-02T06:19:41.354Z] 01:19:41 [watch] src/layouts/Layout.astro
[2026-02-02T06:19:41.356Z] 01:19:41 [watch] src/layouts/Layout.astro
[2026-02-02T06:44:32.636Z] Starting dev server with command: pnpm run dev
[2026-02-02T06:44:33.065Z] 
[2026-02-02T06:44:33.066Z] > senec-design@0.0.1 dev /home/ubuntu/senec-design
[2026-02-02T06:44:33.066Z] > astro dev --host
[2026-02-02T06:44:33.067Z] 
[2026-02-02T06:44:33.851Z] ▶ Astro collects anonymous usage data.
[2026-02-02T06:44:33.851Z] This information helps us improve Astro.
[2026-02-02T06:44:33.852Z] Run "astro telemetry disable" to opt-out.
[2026-02-02T06:44:33.852Z] https://astro.build/telemetry
[2026-02-02T06:44:33.852Z] 
[2026-02-02T06:44:35.319Z] 01:44:35 [types] Generated 1ms
[2026-02-02T06:44:35.338Z] 01:44:35 [content] Syncing content
[2026-02-02T06:44:35.359Z] 01:44:35 [content] Synced content
[2026-02-02T06:44:35.386Z] 
[2026-02-02T06:44:35.387Z] astro  v5.15.9 ready in 886 ms
[2026-02-02T06:44:35.388Z] 
[2026-02-02T06:44:35.388Z] ┃ Local    http://localhost:3000/
[2026-02-02T06:44:35.389Z] ┃ Network  http://169.254.0.21:3000/
[2026-02-02T06:44:35.392Z] 
[2026-02-02T06:44:35.393Z] 01:44:35 watching for file changes...
[2026-02-02T06:45:12.345Z] 01:45:12 [200] / 1022ms
[2026-02-02T07:29:42.486Z] 02:29:42 [watch] src/pages/solarmanager.astro
[2026-02-02T07:29:42.487Z] 02:29:42 [watch] src/pages/solarmanager.astro
[2026-02-02T07:30:58.215Z] 02:30:58 [200] / 272ms
[2026-02-02T07:37:51.294Z] 02:37:51 [watch] src/pages/index.astro
[2026-02-02T07:37:51.295Z] 02:37:51 [watch] src/pages/index.astro
[2026-02-02T07:38:20.084Z] 02:38:20 [watch] src/pages/stromspeicher.astro
[2026-02-02T07:38:20.084Z] 02:38:20 [watch] src/pages/stromspeicher.astro
[2026-02-02T07:38:48.501Z] 02:38:48 [watch] src/pages/wallbox.astro
[2026-02-02T07:38:48.501Z] 02:38:48 [watch] src/pages/wallbox.astro
[2026-02-02T07:40:19.033Z] 02:40:19 [200] / 219ms
[2026-02-02T07:41:35.506Z] 02:41:35 [watch] src/pages/solarmanager.astro
[2026-02-02T07:41:35.507Z] 02:41:35 [watch] src/pages/solarmanager.astro
[2026-02-02T07:43:09.332Z] 02:43:09 [200] / 198ms
[2026-02-02T07:45:05.055Z] 02:45:05 [watch] src/pages/solarmanager.astro
[2026-02-02T07:45:05.055Z] 02:45:05 [watch] src/pages/solarmanager.astro
[2026-02-02T07:46:24.856Z] 02:46:24 [200] / 198ms
[2026-02-02T07:48:26.367Z] 02:48:26 [watch] src/pages/solarmanager.astro
[2026-02-02T07:48:26.368Z] 02:48:26 [watch] src/pages/solarmanager.astro
[2026-02-02T07:48:39.852Z] 02:48:39 [watch] src/pages/stromspeicher.astro
[2026-02-02T07:48:39.852Z] 02:48:39 [watch] src/pages/stromspeicher.astro
[2026-02-02T07:48:46.257Z] 02:48:46 [watch] src/pages/wallbox.astro
[2026-02-02T07:48:46.257Z] 02:48:46 [watch] src/pages/wallbox.astro
[2026-02-02T07:48:59.576Z] 02:48:59 [watch] src/pages/index.astro
[2026-02-02T07:48:59.576Z] 02:48:59 [watch] src/pages/index.astro
[2026-02-02T07:50:31.532Z] 02:50:31 [200] / 230ms
[2026-02-02T07:52:01.612Z] 02:52:01 [watch] src/pages/privat.astro
[2026-02-02T07:52:01.613Z] 02:52:01 [watch] src/pages/privat.astro
[2026-02-02T07:52:01.614Z] 02:52:01 [watch] src/pages/gewerbe.astro
[2026-02-02T07:52:01.614Z] 02:52:01 [watch] src/pages/gewerbe.astro
[2026-02-02T07:52:01.614Z] 02:52:01 [watch] src/pages/service.astro
[2026-02-02T07:52:01.615Z] 02:52:01 [watch] src/pages/service.astro
[2026-02-02T07:52:01.616Z] 02:52:01 [watch] src/pages/wallbox.astro
[2026-02-02T07:52:01.617Z] 02:52:01 [watch] src/pages/wallbox.astro
[2026-02-02T07:52:01.617Z] 02:52:01 [watch] src/pages/stromspeicher.astro
[2026-02-02T07:52:01.617Z] 02:52:01 [watch] src/pages/stromspeicher.astro
[2026-02-02T07:52:01.618Z] 02:52:01 [watch] src/pages/heizung.astro
[2026-02-02T07:52:01.618Z] 02:52:01 [watch] src/pages/heizung.astro
[2026-02-02T07:52:01.618Z] 02:52:01 [watch] src/pages/referenzen.astro
[2026-02-02T07:52:01.618Z] 02:52:01 [watch] src/pages/referenzen.astro
[2026-02-02T07:52:01.619Z] 02:52:01 [watch] src/pages/index.astro
[2026-02-02T07:52:01.619Z] 02:52:01 [watch] src/pages/index.astro
[2026-02-02T07:52:17.530Z] 02:52:17 [watch] src/pages/standorte/anhalt-bitterfeld.astro
[2026-02-02T07:52:17.531Z] 02:52:17 [watch] src/pages/standorte/anhalt-bitterfeld.astro
[2026-02-02T07:52:17.531Z] 02:52:17 [watch] src/pages/standorte/borna.astro
[2026-02-02T07:52:17.532Z] 02:52:17 [watch] src/pages/standorte/borna.astro
[2026-02-02T07:52:17.532Z] 02:52:17 [watch] src/pages/standorte/burgenlandkreis.astro
[2026-02-02T07:52:17.532Z] 02:52:17 [watch] src/pages/standorte/burgenlandkreis.astro
[2026-02-02T07:52:17.552Z] 02:52:17 [watch] src/pages/standorte/dresden.astro
[2026-02-02T07:52:17.553Z] 02:52:17 [watch] src/pages/standorte/dresden.astro
[2026-02-02T07:52:17.553Z] 02:52:17 [watch] src/pages/standorte/elbe-elster.astro
[2026-02-02T07:52:17.554Z] 02:52:17 [watch] src/pages/standorte/elbe-elster.astro
[2026-02-02T07:52:17.554Z] 02:52:17 [watch] src/pages/standorte/erfurt.astro
[2026-02-02T07:52:17.554Z] 02:52:17 [watch] src/pages/standorte/erfurt.astro
[2026-02-02T07:52:17.554Z] 02:52:17 [watch] src/pages/standorte/gera.astro
[2026-02-02T07:52:17.555Z] 02:52:17 [watch] src/pages/standorte/gera.astro
[2026-02-02T07:52:17.555Z] 02:52:17 [watch] src/pages/standorte/grimma.astro
[2026-02-02T07:52:17.555Z] 02:52:17 [watch] src/pages/standorte/grimma.astro
[2026-02-02T07:52:17.556Z] 02:52:17 [watch] src/pages/standorte/halle.astro
[2026-02-02T07:52:17.556Z] 02:52:17 [watch] src/pages/standorte/halle.astro
[2026-02-02T07:52:17.556Z] 02:52:17 [watch] src/pages/standorte/leipzig.astro
[2026-02-02T07:52:17.556Z] 02:52:17 [watch] src/pages/standorte/leipzig.astro
[2026-02-02T07:52:17.557Z] 02:52:17 [watch] src/pages/standorte/magdeburg.astro
[2026-02-02T07:52:17.557Z] 02:52:17 [watch] src/pages/standorte/magdeburg.astro
[2026-02-02T07:52:17.557Z] 02:52:17 [watch] src/pages/standorte/naumburg.astro
[2026-02-02T07:52:17.558Z] 02:52:17 [watch] src/pages/standorte/naumburg.astro
[2026-02-02T07:52:17.558Z] 02:52:17 [watch] src/pages/standorte/nordsachsen.astro
[2026-02-02T07:52:17.558Z] 02:52:17 [watch] src/pages/standorte/nordsachsen.astro
[2026-02-02T07:52:17.558Z] 02:52:17 [watch] src/pages/standorte/photovoltaik-anbieter-leipzig.astro
[2026-02-02T07:52:17.559Z] 02:52:17 [watch] src/pages/standorte/photovoltaik-anbieter-leipzig.astro
[2026-02-02T07:52:17.559Z] 02:52:17 [watch] src/pages/standorte/photovoltaik-delitzsch.astro
[2026-02-02T07:52:17.559Z] 02:52:17 [watch] src/pages/standorte/photovoltaik-delitzsch.astro
[2026-02-02T07:52:17.560Z] 02:52:17 [watch] src/pages/standorte/photovoltaik-eilenburg.astro
[2026-02-02T07:52:17.560Z] 02:52:17 [watch] src/pages/standorte/photovoltaik-eilenburg.astro
[2026-02-02T07:52:17.560Z] 02:52:17 [watch] src/pages/standorte/photovoltaik-firma-leipzig.astro
[2026-02-02T07:52:17.561Z] 02:52:17 [watch] src/pages/standorte/photovoltaik-firma-leipzig.astro
[2026-02-02T07:52:17.561Z] 02:52:17 [watch] src/pages/standorte/photovoltaik-markkleeberg.astro
[2026-02-02T07:52:17.561Z] 02:52:17 [watch] src/pages/standorte/photovoltaik-markkleeberg.astro
[2026-02-02T07:52:17.561Z] 02:52:17 [watch] src/pages/standorte/photovoltaik-taucha.astro
[2026-02-02T07:52:17.562Z] 02:52:17 [watch] src/pages/standorte/photovoltaik-taucha.astro
[2026-02-02T07:52:17.562Z] 02:52:17 [watch] src/pages/standorte/photovoltaik-wurzen.astro
[2026-02-02T07:52:17.562Z] 02:52:17 [watch] src/pages/standorte/photovoltaik-wurzen.astro
[2026-02-02T07:52:17.563Z] 02:52:17 [watch] src/pages/standorte/saalekreis.astro
[2026-02-02T07:52:17.563Z] 02:52:17 [watch] src/pages/standorte/saalekreis.astro
[2026-02-02T07:52:17.563Z] 02:52:17 [watch] src/pages/standorte/solaranlage-kaufen-leipzig.astro
[2026-02-02T07:52:17.564Z] 02:52:17 [watch] src/pages/standorte/solaranlage-kaufen-leipzig.astro
[2026-02-02T07:52:17.564Z] 02:52:17 [watch] src/pages/standorte/solaranlage-leipzig.astro
[2026-02-02T07:52:17.564Z] 02:52:17 [watch] src/pages/standorte/solaranlage-leipzig.astro
[2026-02-02T07:52:17.564Z] 02:52:17 [watch] src/pages/standorte/solarteur-leipzig.astro
[2026-02-02T07:52:17.565Z] 02:52:17 [watch] src/pages/standorte/solarteur-leipzig.astro
[2026-02-02T07:52:17.565Z] 02:52:17 [watch] src/pages/standorte/stromspeicher-leipzig.astro
[2026-02-02T07:52:17.565Z] 02:52:17 [watch] src/pages/standorte/stromspeicher-leipzig.astro
[2026-02-02T07:52:17.566Z] 02:52:17 [watch] src/pages/standorte/wallbox-leipzig.astro
[2026-02-02T07:52:17.566Z] 02:52:17 [watch] src/pages/standorte/wallbox-leipzig.astro
[2026-02-02T07:52:17.566Z] 02:52:17 [watch] src/pages/standorte/weissenfels.astro
[2026-02-02T07:52:17.566Z] 02:52:17 [watch] src/pages/standorte/weissenfels.astro
[2026-02-02T07:52:17.567Z] 02:52:17 [watch] src/pages/standorte/zeitz.astro
[2026-02-02T07:52:17.567Z] 02:52:17 [watch] src/pages/standorte/zeitz.astro
[2026-02-02T07:52:17.567Z] 02:52:17 [watch] src/pages/blog/fehler-solarkauf.astro
[2026-02-02T07:52:17.568Z] 02:52:17 [watch] src/pages/blog/fehler-solarkauf.astro
[2026-02-02T07:52:17.568Z] 02:52:17 [watch] src/pages/blog/neue-speicher-technologien-2026.astro
[2026-02-02T07:52:17.568Z] 02:52:17 [watch] src/pages/blog/neue-speicher-technologien-2026.astro
[2026-02-02T07:52:17.568Z] 02:52:17 [watch] src/pages/blog/photovoltaik-foerderung-2026.astro
[2026-02-02T07:52:17.569Z] 02:52:17 [watch] src/pages/blog/photovoltaik-foerderung-2026.astro
[2026-02-02T07:52:17.569Z] 02:52:17 [watch] src/pages/blog/photovoltaik-foerderungen-2026-programme.astro
[2026-02-02T07:52:17.569Z] 02:52:17 [watch] src/pages/blog/photovoltaik-foerderungen-2026-programme.astro
[2026-02-02T07:52:17.570Z] 02:52:17 [watch] src/pages/blog/photovoltaik-foerderungen-2026.astro
[2026-02-02T07:52:17.570Z] 02:52:17 [watch] src/pages/blog/photovoltaik-foerderungen-2026.astro
[2026-02-02T07:52:17.570Z] 02:52:17 [watch] src/pages/blog/photovoltaik-kosten-2026.astro
[2026-02-02T07:52:17.570Z] 02:52:17 [watch] src/pages/blog/photovoltaik-kosten-2026.astro
[2026-02-02T07:52:17.571Z] 02:52:17 [watch] src/pages/blog/solar-leipzig.astro
[2026-02-02T07:52:17.571Z] 02:52:17 [watch] src/pages/blog/solar-leipzig.astro
[2026-02-02T07:52:17.571Z] 02:52:17 [watch] src/pages/blog/solaranlage-wartung.astro
[2026-02-02T07:52:17.572Z] 02:52:17 [watch] src/pages/blog/solaranlage-wartung.astro
[2026-02-02T07:52:17.572Z] 02:52:17 [watch] src/pages/blog/stromspeicher-2026-lohnt-sich.astro
[2026-02-02T07:52:17.572Z] 02:52:17 [watch] src/pages/blog/stromspeicher-2026-lohnt-sich.astro
[2026-02-02T07:52:17.572Z] 02:52:17 [watch] src/pages/blog/stromspeicher-nachruesten.astro
[2026-02-02T07:52:17.573Z] 02:52:17 [watch] src/pages/blog/stromspeicher-nachruesten.astro
[2026-02-02T07:52:17.573Z] 02:52:17 [watch] src/pages/blog/stromspeicher-vergleich-2026.astro
[2026-02-02T07:52:17.574Z] 02:52:17 [watch] src/pages/blog/stromspeicher-vergleich-2026.astro
[2026-02-02T07:52:17.576Z] 02:52:17 [watch] src/pages/blog/wartungstipps-photovoltaik-winter.astro
[2026-02-02T07:52:17.576Z] 02:52:17 [watch] src/pages/blog/wartungstipps-photovoltaik-winter.astro
[2026-02-02T07:52:17.577Z] 02:52:17 [watch] src/pages/blog/wartungstipps-winter.astro
[2026-02-02T07:52:17.577Z] 02:52:17 [watch] src/pages/blog/wartungstipps-winter.astro
[2026-02-02T07:52:17.577Z] 02:52:17 [watch] src/pages/blog.astro
[2026-02-02T07:52:17.577Z] 02:52:17 [watch] src/pages/blog.astro
[2026-02-02T07:53:54.283Z] 02:53:54 [200] / 431ms
[2026-02-02T07:55:26.580Z] 02:55:26 [watch] src/pages/privat.astro
[2026-02-02T07:55:26.581Z] 02:55:26 [watch] src/pages/privat.astro
[2026-02-02T07:55:26.581Z] 02:55:26 [watch] src/pages/gewerbe.astro
[2026-02-02T07:55:26.582Z] 02:55:26 [watch] src/pages/gewerbe.astro
[2026-02-02T07:55:26.582Z] 02:55:26 [watch] src/pages/service.astro
[2026-02-02T07:55:26.583Z] 02:55:26 [watch] src/pages/service.astro
[2026-02-02T07:55:26.583Z] 02:55:26 [watch] src/pages/wallbox.astro
[2026-02-02T07:55:26.584Z] 02:55:26 [watch] src/pages/wallbox.astro
[2026-02-02T07:55:26.584Z] 02:55:26 [watch] src/pages/stromspeicher.astro
[2026-02-02T07:55:26.584Z] 02:55:26 [watch] src/pages/stromspeicher.astro
[2026-02-02T07:55:26.585Z] 02:55:26 [watch] src/pages/solarmanager.astro
[2026-02-02T07:55:26.585Z] 02:55:26 [watch] src/pages/solarmanager.astro
[2026-02-02T07:55:26.586Z] 02:55:26 [watch] src/pages/index.astro
[2026-02-02T07:55:26.586Z] 02:55:26 [watch] src/pages/index.astro
[2026-02-02T07:56:48.181Z] 02:56:48 [200] / 289ms
[2026-02-02T08:47:50.506Z] 03:47:50 [200] / 115ms
[2026-02-02T08:50:24.902Z] 03:50:24 [200] / 106ms
[2026-02-02T09:11:38.919Z] 04:11:38 [200] / 117ms
[2026-02-02T09:20:28.238Z] 04:20:28 [watch] src/pages/index.astro
[2026-02-02T09:20:28.239Z] 04:20:28 [watch] src/pages/index.astro
[2026-02-02T09:20:43.264Z] 04:20:43 [watch] src/pages/privat.astro
[2026-02-02T09:20:43.265Z] 04:20:43 [watch] src/pages/privat.astro
[2026-02-02T09:20:43.268Z] 04:20:43 [watch] src/pages/gewerbe.astro
[2026-02-02T09:20:43.269Z] 04:20:43 [watch] src/pages/gewerbe.astro
[2026-02-02T09:21:11.295Z] 04:21:11 [watch] src/pages/service.astro
[2026-02-02T09:21:11.296Z] 04:21:11 [watch] src/pages/service.astro
[2026-02-02T09:21:11.303Z] 04:21:11 [watch] src/pages/solarmanager.astro
[2026-02-02T09:21:11.304Z] 04:21:11 [watch] src/pages/solarmanager.astro
[2026-02-02T09:21:11.308Z] 04:21:11 [watch] src/pages/stromspeicher.astro
[2026-02-02T09:21:11.309Z] 04:21:11 [watch] src/pages/stromspeicher.astro
[2026-02-02T09:21:11.310Z] 04:21:11 [watch] src/pages/wallbox.astro
[2026-02-02T09:21:11.310Z] 04:21:11 [watch] src/pages/wallbox.astro
[2026-02-02T09:25:24.419Z] 04:25:24 [watch] src/pages/dashboard.astro
[2026-02-02T09:25:24.420Z] 04:25:24 [watch] src/pages/dashboard.astro
[2026-02-02T09:25:31.348Z] 04:25:31 [watch] src/pages/dashboard.astro
[2026-02-02T09:25:31.349Z] 04:25:31 [watch] src/pages/dashboard.astro
[2026-02-02T09:33:55.658Z] 04:33:55 [watch] src/pages/solarmanager.astro
[2026-02-02T09:33:55.659Z] 04:33:55 [watch] src/pages/solarmanager.astro
[2026-02-02T09:41:01.446Z] 04:41:01 [watch] src/pages/solarmanager.astro
[2026-02-02T09:41:01.446Z] 04:41:01 [watch] src/pages/solarmanager.astro
[2026-02-02T09:47:29.264Z] 04:47:29 [watch] src/pages/index.astro
[2026-02-02T09:47:29.266Z] 04:47:29 [watch] src/pages/index.astro
[2026-02-02T09:51:24.074Z] 04:51:24 [watch] src/pages/dashboard.astro
[2026-02-02T09:51:24.075Z] 04:51:24 [watch] src/pages/dashboard.astro
[2026-02-02T09:51:36.646Z] 04:51:36 [watch] src/pages/dashboard.astro
[2026-02-02T09:51:36.647Z] 04:51:36 [watch] src/pages/dashboard.astro
[2026-02-02T09:53:51.724Z] 04:53:51 [watch] src/pages/index.astro
[2026-02-02T09:53:51.725Z] 04:53:51 [watch] src/pages/index.astro
[2026-02-02T09:54:01.964Z] 04:54:01 [watch] src/pages/index.astro
[2026-02-02T09:54:01.965Z] 04:54:01 [watch] src/pages/index.astro
[2026-02-02T09:57:31.617Z] 04:57:31 [watch] src/pages/index.astro
[2026-02-02T09:57:31.617Z] 04:57:31 [watch] src/pages/index.astro
[2026-02-02T09:57:47.652Z] 04:57:47 [watch] src/pages/index.astro
[2026-02-02T09:57:47.653Z] 04:57:47 [watch] src/pages/index.astro
[2026-02-02T09:58:08.103Z] 04:58:08 [watch] src/pages/index.astro
[2026-02-02T09:58:08.104Z] 04:58:08 [watch] src/pages/index.astro
[2026-02-02T09:58:17.354Z] 04:58:17 [watch] src/pages/index.astro
[2026-02-02T09:58:17.355Z] 04:58:17 [watch] src/pages/index.astro
[2026-02-02T10:03:11.331Z] 05:03:11 [watch] src/pages/index.astro
[2026-02-02T10:03:11.332Z] 05:03:11 [watch] src/pages/index.astro
[2026-02-02T10:03:21.655Z] 05:03:21 [watch] src/pages/index.astro
[2026-02-02T10:03:21.656Z] 05:03:21 [watch] src/pages/index.astro
[2026-02-02T10:03:33.337Z] 05:03:33 [watch] src/pages/index.astro
[2026-02-02T10:03:33.338Z] 05:03:33 [watch] src/pages/index.astro
[2026-02-02T10:06:04.303Z] 05:06:04 [watch] src/pages/index.astro
[2026-02-02T10:06:04.305Z] 05:06:04 [watch] src/pages/index.astro
[2026-02-02T10:06:14.047Z] 05:06:14 [watch] src/pages/index.astro
[2026-02-02T10:06:14.048Z] 05:06:14 [watch] src/pages/index.astro
[2026-02-02T10:11:25.448Z] 05:11:25 [watch] src/pages/index.astro
[2026-02-02T10:11:25.449Z] 05:11:25 [watch] src/pages/index.astro
[2026-02-02T10:11:37.223Z] 05:11:37 [watch] src/pages/privat.astro
[2026-02-02T10:11:37.224Z] 05:11:37 [watch] src/pages/privat.astro
[2026-02-02T10:11:49.791Z] 05:11:49 [watch] src/pages/gewerbe.astro
[2026-02-02T10:11:49.792Z] 05:11:49 [watch] src/pages/gewerbe.astro
[2026-02-02T10:12:02.203Z] 05:12:02 [watch] src/pages/service.astro
[2026-02-02T10:12:02.204Z] 05:12:02 [watch] src/pages/service.astro
[2026-02-02T10:12:13.506Z] 05:12:13 [watch] src/pages/stromspeicher.astro
[2026-02-02T10:12:13.507Z] 05:12:13 [watch] src/pages/stromspeicher.astro
[2026-02-02T10:12:24.420Z] 05:12:24 [watch] src/pages/wallbox.astro
[2026-02-02T10:12:24.421Z] 05:12:24 [watch] src/pages/wallbox.astro
[2026-02-02T10:12:47.743Z] 05:12:47 [watch] src/pages/solarmanager.astro
[2026-02-02T10:12:47.744Z] 05:12:47 [watch] src/pages/solarmanager.astro
[2026-02-02T10:13:07.771Z] 05:13:07 [watch] src/pages/blog/photovoltaik-foerderungen-2026.astro
[2026-02-02T10:13:07.772Z] 05:13:07 [watch] src/pages/blog/photovoltaik-foerderungen-2026.astro
[2026-02-02T10:13:07.773Z] 05:13:07 [watch] src/pages/blog/photovoltaik-foerderungen-2026-programme.astro
[2026-02-02T10:13:07.773Z] 05:13:07 [watch] src/pages/blog/photovoltaik-foerderungen-2026-programme.astro
[2026-02-02T10:13:19.326Z] 05:13:19 [watch] src/pages/blog/wartungstipps-photovoltaik-winter.astro
[2026-02-02T10:13:19.327Z] 05:13:19 [watch] src/pages/blog/wartungstipps-photovoltaik-winter.astro
[2026-02-02T10:13:54.183Z] 05:13:54 [watch] src/pages/service.astro
[2026-02-02T10:13:54.183Z] 05:13:54 [watch] src/pages/service.astro
[2026-02-02T10:26:05.387Z] 05:26:05 [watch] src/pages/blog/stromspeicher-nachruesten.astro
[2026-02-02T10:26:05.388Z] 05:26:05 [watch] src/pages/blog/stromspeicher-nachruesten.astro
[2026-02-02T10:26:51.503Z] 05:26:51 [watch] src/pages/gewerbe.astro
[2026-02-02T10:26:51.504Z] 05:26:51 [watch] src/pages/gewerbe.astro
[2026-02-02T10:27:10.239Z] 05:27:10 [watch] src/pages/service.astro
[2026-02-02T10:27:10.241Z] 05:27:10 [watch] src/pages/service.astro
[2026-02-02T10:27:33.920Z] 05:27:33 [watch] src/pages/wallbox.astro
[2026-02-02T10:27:33.921Z] 05:27:33 [watch] src/pages/wallbox.astro
[2026-02-02T10:27:54.386Z] 05:27:54 [watch] src/pages/solarmanager.astro
[2026-02-02T10:27:54.386Z] 05:27:54 [watch] src/pages/solarmanager.astro
[2026-02-02T10:28:17.338Z] 05:28:17 [watch] src/pages/stromspeicher.astro
[2026-02-02T10:28:17.339Z] 05:28:17 [watch] src/pages/stromspeicher.astro
[2026-02-02T10:28:34.589Z] 05:28:34 [watch] src/pages/heizung.astro
[2026-02-02T10:28:34.592Z] 05:28:34 [watch] src/pages/heizung.astro
[2026-02-02T10:29:12.525Z] 05:29:12 [watch] src/pages/referenzen.astro
[2026-02-02T10:29:12.525Z] 05:29:12 [watch] src/pages/referenzen.astro
[2026-02-02T10:37:07.540Z] 05:37:07 [watch] src/pages/index.astro
[2026-02-02T10:37:07.541Z] 05:37:07 [watch] src/pages/index.astro
[2026-02-02T10:37:29.265Z] 05:37:29 [watch] src/pages/index.astro
[2026-02-02T10:37:29.267Z] 05:37:29 [watch] src/pages/index.astro
[2026-02-02T11:17:35.782Z] 06:17:35 [watch] src/pages/index.astro
[2026-02-02T11:17:35.783Z] 06:17:35 [watch] src/pages/index.astro
[2026-02-02T11:21:21.915Z] 06:21:21 [watch] src/pages/standorte/solaranlage-leipzig.astro
[2026-02-02T11:21:21.916Z] 06:21:21 [watch] src/pages/standorte/solaranlage-leipzig.astro
[2026-02-02T13:46:29.156Z] 08:46:29 [200] / 444ms
[2026-02-02T15:24:17.601Z] 10:24:17 [200] / 137ms
[2026-02-02T15:33:40.559Z] 10:33:40 [watch] src/pages/index.astro
[2026-02-02T15:33:40.560Z] 10:33:40 [watch] src/pages/index.astro
[2026-02-02T15:33:47.074Z] 10:33:47 [watch] src/components/Breadcrumb.astro
[2026-02-02T15:33:47.075Z] 10:33:47 [watch] src/components/Breadcrumb.astro
[2026-02-02T15:33:47.080Z] 10:33:47 [watch] src/components/CookieBanner.astro
[2026-02-02T15:33:47.080Z] 10:33:47 [watch] src/components/CookieBanner.astro
[2026-02-02T15:33:47.081Z] 10:33:47 [watch] src/components/GoogleReviews.astro
[2026-02-02T15:33:47.081Z] 10:33:47 [watch] src/components/GoogleReviews.astro
[2026-02-02T15:33:47.083Z] 10:33:47 [watch] src/components/ExitIntentPopup.astro
[2026-02-02T15:33:47.085Z] 10:33:47 [watch] src/components/Footer.astro
[2026-02-02T15:33:47.086Z] 10:33:47 [watch] src/components/Footer.astro
[2026-02-02T15:33:47.088Z] 10:33:47 [watch] src/components/Header.astro
[2026-02-02T15:33:47.088Z] 10:33:47 [watch] src/components/Header.astro
[2026-02-02T15:33:47.089Z] 10:33:47 [watch] src/components/StandorteMap.astro
[2026-02-02T15:33:47.089Z] 10:33:47 [watch] src/components/StandorteMap.astro
[2026-02-02T15:33:47.090Z] 10:33:47 [watch] src/components/MultiStepForm.astro
[2026-02-02T15:33:47.093Z] 10:33:47 [watch] src/components/LocalBusinessSchema.astro
[2026-02-02T15:33:47.094Z] 10:33:47 [watch] src/components/LocalBusinessSchema.astro
[2026-02-02T15:33:47.095Z] 10:33:47 [watch] src/layouts/Layout.astro
[2026-02-02T15:33:47.096Z] 10:33:47 [watch] src/layouts/Layout.astro
[2026-02-02T15:33:47.100Z] 10:33:47 [watch] src/pages/admin.astro
[2026-02-02T15:33:47.100Z] 10:33:47 [watch] src/pages/admin.astro
[2026-02-02T15:33:47.103Z] 10:33:47 [watch] src/pages/agb.astro
[2026-02-02T15:33:47.103Z] 10:33:47 [watch] src/pages/agb.astro
[2026-02-02T15:33:47.107Z] 10:33:47 [watch] src/pages/analytics.astro
[2026-02-02T15:33:47.107Z] 10:33:47 [watch] src/pages/analytics.astro
[2026-02-02T15:33:47.111Z] 10:33:47 [watch] src/pages/blog.astro
[2026-02-02T15:33:47.111Z] 10:33:47 [watch] src/pages/blog.astro
[2026-02-02T15:33:47.112Z] 10:33:47 [watch] src/pages/blog/fehler-solarkauf.astro
[2026-02-02T15:33:47.112Z] 10:33:47 [watch] src/pages/blog/fehler-solarkauf.astro
[2026-02-02T15:33:47.115Z] 10:33:47 [watch] src/pages/blog/neue-speicher-technologien-2026.astro
[2026-02-02T15:33:47.115Z] 10:33:47 [watch] src/pages/blog/neue-speicher-technologien-2026.astro
[2026-02-02T15:33:47.116Z] 10:33:47 [watch] src/pages/blog/photovoltaik-foerderung-2026.astro
[2026-02-02T15:33:47.116Z] 10:33:47 [watch] src/pages/blog/photovoltaik-foerderung-2026.astro
[2026-02-02T15:33:47.119Z] 10:33:47 [watch] src/pages/blog/photovoltaik-kosten-2026.astro
[2026-02-02T15:33:47.119Z] 10:33:47 [watch] src/pages/blog/photovoltaik-kosten-2026.astro
[2026-02-02T15:33:47.120Z] 10:33:47 [watch] src/pages/blog/solar-leipzig.astro
[2026-02-02T15:33:47.120Z] 10:33:47 [watch] src/pages/blog/solar-leipzig.astro
[2026-02-02T15:33:47.120Z] 10:33:47 [watch] src/pages/blog/solaranlage-wartung.astro
[2026-02-02T15:33:47.121Z] 10:33:47 [watch] src/pages/blog/solaranlage-wartung.astro
[2026-02-02T15:33:47.123Z] 10:33:47 [watch] src/pages/blog/stromspeicher-2026-lohnt-sich.astro
[2026-02-02T15:33:47.123Z] 10:33:47 [watch] src/pages/blog/stromspeicher-2026-lohnt-sich.astro
[2026-02-02T15:33:47.124Z] 10:33:47 [watch] src/pages/blog/stromspeicher-nachruesten.astro
[2026-02-02T15:33:47.124Z] 10:33:47 [watch] src/pages/blog/stromspeicher-nachruesten.astro
[2026-02-02T15:33:47.127Z] 10:33:47 [watch] src/pages/blog/stromspeicher-vergleich-2026.astro
[2026-02-02T15:33:47.128Z] 10:33:47 [watch] src/pages/blog/stromspeicher-vergleich-2026.astro
[2026-02-02T15:33:47.128Z] 10:33:47 [watch] src/pages/blog/wartungstipps-winter.astro
[2026-02-02T15:33:47.128Z] 10:33:47 [watch] src/pages/blog/wartungstipps-winter.astro
[2026-02-02T15:33:47.133Z] 10:33:47 [watch] src/pages/dashboard.astro
[2026-02-02T15:33:47.134Z] 10:33:47 [watch] src/pages/dashboard.astro
[2026-02-02T15:33:47.134Z] 10:33:47 [watch] src/pages/dashboard/cta-tracking.astro
[2026-02-02T15:33:47.134Z] 10:33:47 [watch] src/pages/dashboard/cta-tracking.astro
[2026-02-02T15:33:47.138Z] 10:33:47 [watch] src/pages/datenschutz.astro
[2026-02-02T15:33:47.139Z] 10:33:47 [watch] src/pages/datenschutz.astro
[2026-02-02T15:33:47.139Z] 10:33:47 [watch] src/pages/gewerbe.astro
[2026-02-02T15:33:47.140Z] 10:33:47 [watch] src/pages/gewerbe.astro
[2026-02-02T15:33:47.140Z] 10:33:47 [watch] src/pages/faq.astro
[2026-02-02T15:33:47.140Z] 10:33:47 [watch] src/pages/faq.astro
[2026-02-02T15:33:47.144Z] 10:33:47 [watch] src/pages/heizung.astro
[2026-02-02T15:33:47.144Z] 10:33:47 [watch] src/pages/heizung.astro
[2026-02-02T15:33:47.145Z] 10:33:47 [watch] src/pages/impressum.astro
[2026-02-02T15:33:47.145Z] 10:33:47 [watch] src/pages/impressum.astro
[2026-02-02T15:33:47.150Z] 10:33:47 [watch] src/pages/kontakt.astro
[2026-02-02T15:33:47.150Z] 10:33:47 [watch] src/pages/kontakt.astro
[2026-02-02T15:33:47.151Z] 10:33:47 [watch] src/pages/privat.astro
[2026-02-02T15:33:47.151Z] 10:33:47 [watch] src/pages/privat.astro
[2026-02-02T15:33:47.155Z] 10:33:47 [watch] src/pages/ratgeber.astro
[2026-02-02T15:33:47.156Z] 10:33:47 [watch] src/pages/ratgeber.astro
[2026-02-02T15:33:47.156Z] 10:33:47 [watch] src/pages/ratgeber/foerderung.astro
[2026-02-02T15:33:47.156Z] 10:33:47 [watch] src/pages/ratgeber/foerderung.astro
[2026-02-02T15:33:47.157Z] 10:33:47 [watch] src/pages/ratgeber/kosten.astro
[2026-02-02T15:33:47.157Z] 10:33:47 [watch] src/pages/ratgeber/kosten.astro
[2026-02-02T15:33:47.157Z] 10:33:47 [watch] src/pages/ratgeber/wirtschaftlichkeit.astro
[2026-02-02T15:33:47.157Z] 10:33:47 [watch] src/pages/ratgeber/wirtschaftlichkeit.astro
[2026-02-02T15:33:47.161Z] 10:33:47 [watch] src/pages/index.astro
[2026-02-02T15:33:47.161Z] 10:33:47 [watch] src/pages/index.astro
[2026-02-02T15:33:47.161Z] 10:33:47 [watch] src/pages/referenzen.astro
[2026-02-02T15:33:47.162Z] 10:33:47 [watch] src/pages/referenzen.astro
[2026-02-02T15:33:47.162Z] 10:33:47 [watch] src/pages/seo.astro
[2026-02-02T15:33:47.162Z] 10:33:47 [watch] src/pages/seo.astro
[2026-02-02T15:33:47.162Z] 10:33:47 [watch] src/pages/service.astro
[2026-02-02T15:33:47.163Z] 10:33:47 [watch] src/pages/service.astro
[2026-02-02T15:33:47.170Z] 10:33:47 [watch] src/pages/solarmanager.astro
[2026-02-02T15:33:47.170Z] 10:33:47 [watch] src/pages/solarmanager.astro
[2026-02-02T15:33:47.170Z] 10:33:47 [watch] src/pages/standorte.astro
[2026-02-02T15:33:47.171Z] 10:33:47 [watch] src/pages/standorte.astro
[2026-02-02T15:33:47.179Z] 10:33:47 [watch] src/pages/standorte/anhalt-bitterfeld.astro
[2026-02-02T15:33:47.180Z] 10:33:47 [watch] src/pages/standorte/anhalt-bitterfeld.astro
[2026-02-02T15:33:47.182Z] 10:33:47 [watch] src/pages/standorte/borna.astro
[2026-02-02T15:33:47.182Z] 10:33:47 [watch] src/pages/standorte/borna.astro
[2026-02-02T15:33:47.182Z] 10:33:47 [watch] src/pages/standorte/burgenlandkreis.astro
[2026-02-02T15:33:47.183Z] 10:33:47 [watch] src/pages/standorte/burgenlandkreis.astro
[2026-02-02T15:33:47.183Z] 10:33:47 [watch] src/pages/standorte/dresden.astro
[2026-02-02T15:33:47.183Z] 10:33:47 [watch] src/pages/standorte/dresden.astro
[2026-02-02T15:33:47.192Z] 10:33:47 [watch] src/pages/standorte/elbe-elster.astro
[2026-02-02T15:33:47.193Z] 10:33:47 [watch] src/pages/standorte/elbe-elster.astro
[2026-02-02T15:33:47.193Z] 10:33:47 [watch] src/pages/standorte/erfurt.astro
[2026-02-02T15:33:47.194Z] 10:33:47 [watch] src/pages/standorte/erfurt.astro
[2026-02-02T15:33:47.194Z] 10:33:47 [watch] src/pages/standorte/gera.astro
[2026-02-02T15:33:47.194Z] 10:33:47 [watch] src/pages/standorte/gera.astro
[2026-02-02T15:33:47.195Z] 10:33:47 [watch] src/pages/standorte/grimma.astro
[2026-02-02T15:33:47.195Z] 10:33:47 [watch] src/pages/standorte/grimma.astro
[2026-02-02T15:33:47.219Z] 10:33:47 [watch] src/pages/standorte/halle.astro
[2026-02-02T15:33:47.220Z] 10:33:47 [watch] src/pages/standorte/halle.astro
[2026-02-02T15:33:47.220Z] 10:33:47 [watch] src/pages/standorte/leipzig.astro
[2026-02-02T15:33:47.220Z] 10:33:47 [watch] src/pages/standorte/leipzig.astro
[2026-02-02T15:33:47.221Z] 10:33:47 [watch] src/pages/standorte/magdeburg.astro
[2026-02-02T15:33:47.221Z] 10:33:47 [watch] src/pages/standorte/magdeburg.astro
[2026-02-02T15:33:47.221Z] 10:33:47 [watch] src/pages/standorte/naumburg.astro
[2026-02-02T15:33:47.222Z] 10:33:47 [watch] src/pages/standorte/naumburg.astro
[2026-02-02T15:33:47.222Z] 10:33:47 [watch] src/pages/standorte/nordsachsen.astro
[2026-02-02T15:33:47.222Z] 10:33:47 [watch] src/pages/standorte/nordsachsen.astro
[2026-02-02T15:33:47.230Z] 10:33:47 [watch] src/pages/solaranlage-leipzig.astro
[2026-02-02T15:33:47.231Z] 10:33:47 [watch] src/pages/solaranlage-leipzig.astro
[2026-02-02T15:33:47.231Z] 10:33:47 [watch] src/pages/standorte/photovoltaik-anbieter-leipzig.astro
[2026-02-02T15:33:47.232Z] 10:33:47 [watch] src/pages/standorte/photovoltaik-anbieter-leipzig.astro
[2026-02-02T15:33:47.233Z] 10:33:47 [watch] src/pages/standorte/photovoltaik-delitzsch.astro
[2026-02-02T15:33:47.233Z] 10:33:47 [watch] src/pages/standorte/photovoltaik-delitzsch.astro
[2026-02-02T15:33:47.234Z] 10:33:47 [watch] src/pages/standorte/photovoltaik-eilenburg.astro
[2026-02-02T15:33:47.234Z] 10:33:47 [watch] src/pages/standorte/photovoltaik-eilenburg.astro
[2026-02-02T15:33:47.234Z] 10:33:47 [watch] src/pages/standorte/photovoltaik-firma-leipzig.astro
[2026-02-02T15:33:47.235Z] 10:33:47 [watch] src/pages/standorte/photovoltaik-firma-leipzig.astro
[2026-02-02T15:33:47.235Z] 10:33:47 [watch] src/pages/standorte/photovoltaik-markkleeberg.astro
[2026-02-02T15:33:47.235Z] 10:33:47 [watch] src/pages/standorte/photovoltaik-markkleeberg.astro
[2026-02-02T15:33:47.236Z] 10:33:47 [watch] src/pages/standorte/photovoltaik-taucha.astro
[2026-02-02T15:33:47.236Z] 10:33:47 [watch] src/pages/standorte/photovoltaik-taucha.astro
[2026-02-02T15:33:47.238Z] 10:33:47 [watch] src/pages/standorte/photovoltaik-wurzen.astro
[2026-02-02T15:33:47.239Z] 10:33:47 [watch] src/pages/standorte/photovoltaik-wurzen.astro
[2026-02-02T15:33:47.239Z] 10:33:47 [watch] src/pages/standorte/saalekreis.astro
[2026-02-02T15:33:47.240Z] 10:33:47 [watch] src/pages/standorte/saalekreis.astro
[2026-02-02T15:33:47.240Z] 10:33:47 [watch] src/pages/standorte/solaranlage-kaufen-leipzig.astro
[2026-02-02T15:33:47.240Z] 10:33:47 [watch] src/pages/standorte/solaranlage-kaufen-leipzig.astro
[2026-02-02T15:33:47.241Z] 10:33:47 [watch] src/pages/standorte/solaranlage-leipzig.astro
[2026-02-02T15:33:47.241Z] 10:33:47 [watch] src/pages/standorte/solaranlage-leipzig.astro
[2026-02-02T15:33:47.241Z] 10:33:47 [watch] src/pages/standorte/solarteur-leipzig.astro
[2026-02-02T15:33:47.242Z] 10:33:47 [watch] src/pages/standorte/solarteur-leipzig.astro
[2026-02-02T15:33:47.242Z] 10:33:47 [watch] src/pages/standorte/stromspeicher-leipzig.astro
[2026-02-02T15:33:47.242Z] 10:33:47 [watch] src/pages/standorte/stromspeicher-leipzig.astro
[2026-02-02T15:33:47.243Z] 10:33:47 [watch] src/pages/standorte/wallbox-leipzig.astro
[2026-02-02T15:33:47.243Z] 10:33:47 [watch] src/pages/standorte/wallbox-leipzig.astro
[2026-02-02T15:33:47.243Z] 10:33:47 [watch] src/pages/standorte/weissenfels.astro
[2026-02-02T15:33:47.244Z] 10:33:47 [watch] src/pages/standorte/weissenfels.astro
[2026-02-02T15:33:47.246Z] 10:33:47 [watch] src/pages/standorte/zeitz.astro
[2026-02-02T15:33:47.246Z] 10:33:47 [watch] src/pages/standorte/zeitz.astro
[2026-02-02T15:33:47.247Z] 10:33:47 [watch] src/pages/stromspeicher.astro
[2026-02-02T15:33:47.247Z] 10:33:47 [watch] src/pages/stromspeicher.astro
[2026-02-02T15:33:47.247Z] 10:33:47 [watch] src/pages/wallbox.astro
[2026-02-02T15:33:47.248Z] 10:33:47 [watch] src/pages/wallbox.astro
[2026-02-02T17:26:35.340Z] 12:26:35 [200] / 621ms
[2026-02-02T23:32:13.669Z] 18:32:13 [200] / 122ms
[2026-02-02T23:34:31.637Z] 18:34:31 [watch] src/pages/seo.astro
[2026-02-02T23:34:31.638Z] 18:34:31 [watch] src/pages/seo.astro
[2026-02-02T23:34:31.655Z] 18:34:31 [ERROR] [UnhandledRejection] Astro detected an unhandled rejection. Here's the stack trace:
[2026-02-02T23:34:31.656Z] Error: ENOENT: no such file or directory, open '/home/ubuntu/senec-design/src/pages/seo_new.astro'
[2026-02-02T23:34:31.657Z] at async open (node:internal/fs/promises:638:25)
[2026-02-02T23:34:31.657Z] at async Object.readFile (node:internal/fs/promises:1242:14)
[2026-02-02T23:34:31.657Z] at async file:///home/ubuntu/senec-design/node_modules/.pnpm/astro@5.15.9_@types+node@25.2.0_jiti@1.21.7_rollup@4.57.1_typescript@5.9.3_yaml@2.8.2/node_modules/astro/dist/core/routing/manifest/create.js:333:25
[2026-02-02T23:34:31.658Z] Hint:
[2026-02-02T23:34:31.658Z] Make sure your promises all have an `await` or a `.catch()` handler.
[2026-02-02T23:34:31.658Z] Error reference:
[2026-02-02T23:34:31.659Z] https://docs.astro.build/en/reference/errors/unhandled-rejection/
[2026-02-02T23:34:31.659Z] Stack trace:
[2026-02-02T23:34:31.659Z] at async open (node:internal/fs/promises:638:25)
[2026-02-02T23:34:31.660Z] [...] See full stack trace in the browser, or rerun with --verbose.
[2026-02-02T23:35:43.907Z] 18:35:43 [200] / 255ms
[2026-02-02T23:36:00.441Z] Dev server process group stopped
[2026-02-02T23:36:00.464Z] ELIFECYCLE  Command failed.
[2026-02-02T23:36:00.477Z] Dev server exited with code -15
[2026-02-02T23:36:03.454Z] Starting dev server with command: pnpm run dev
[2026-02-02T23:36:03.924Z] 
[2026-02-02T23:36:03.925Z] > senec-design@0.0.1 dev /home/ubuntu/senec-design
[2026-02-02T23:36:03.925Z] > astro dev --host
[2026-02-02T23:36:03.926Z] 
[2026-02-02T23:36:05.593Z] 18:36:05 [types] Generated 1ms
[2026-02-02T23:36:05.620Z] 18:36:05 [content] Syncing content
[2026-02-02T23:36:05.645Z] 18:36:05 [content] Synced content
[2026-02-02T23:36:05.661Z] 18:36:05 [vite] Re-optimizing dependencies because vite config has changed
[2026-02-02T23:36:05.686Z] 
[2026-02-02T23:36:05.687Z] astro  v5.15.9 ready in 649 ms
[2026-02-02T23:36:05.688Z] 
[2026-02-02T23:36:05.688Z] ┃ Local    http://localhost:3000/
[2026-02-02T23:36:05.689Z] ┃ Network  http://169.254.0.21:3000/
[2026-02-02T23:36:05.689Z] 
[2026-02-02T23:36:05.689Z] 18:36:05 watching for file changes...
[2026-02-02T23:36:15.198Z] 18:36:15 [200] / 989ms
[2026-02-02T23:58:47.491Z] Dev server process group stopped
[2026-02-02T23:58:47.511Z] ELIFECYCLE  Command failed.
[2026-02-02T23:58:47.526Z] Dev server exited with code -15
[2026-02-02T23:58:50.499Z] Starting dev server with command: pnpm run dev
[2026-02-02T23:58:50.862Z] 
[2026-02-02T23:58:50.863Z] > senec-design@0.0.1 dev /home/ubuntu/senec-design
[2026-02-02T23:58:50.864Z] > astro dev --host
[2026-02-02T23:58:50.864Z] 
[2026-02-02T23:58:52.326Z] 18:58:52 [types] Generated 0ms
[2026-02-02T23:58:52.345Z] 18:58:52 [content] Syncing content
[2026-02-02T23:58:52.368Z] 18:58:52 [content] Synced content
[2026-02-02T23:58:52.385Z] 
[2026-02-02T23:58:52.386Z] astro  v5.15.9 ready in 549 ms
[2026-02-02T23:58:52.387Z] 
[2026-02-02T23:58:52.387Z] ┃ Local    http://localhost:3000/
[2026-02-02T23:58:52.388Z] ┃ Network  http://169.254.0.21:3000/
[2026-02-02T23:58:52.388Z] 
[2026-02-02T23:58:52.388Z] 18:58:52 watching for file changes...
[2026-02-02T23:58:56.362Z] 18:58:56 [200] / 870ms
[2026-02-03T00:41:43.295Z] 19:41:43 [200] / 101ms
[2026-02-03T00:43:12.894Z] 19:43:12 Configuration file updated. Restarting...
[2026-02-03T00:43:13.010Z] 19:43:13 [vite] Re-optimizing dependencies because vite config has changed
[2026-02-03T00:43:13.179Z] 19:43:13 [content] Syncing content
[2026-02-03T00:43:13.180Z] 19:43:13 [content] Astro config changed
[2026-02-03T00:43:13.180Z] 19:43:13 [content] Clearing content store
[2026-02-03T00:43:13.187Z] 19:43:13 [content] Synced content
[2026-02-03T00:43:13.188Z] 19:43:13 [types] Generated 226ms
[2026-02-03T00:43:13.197Z] 19:43:13 [vite] Re-optimizing dependencies because vite config has changed
[2026-02-03T00:43:25.528Z] 19:43:25 [200] / 203ms
[2026-02-03T00:43:36.253Z] Dev server process group stopped
[2026-02-03T00:43:36.272Z] ELIFECYCLE  Command failed.
[2026-02-03T00:43:36.298Z] Dev server exited with code -15
[2026-02-03T00:43:39.327Z] Starting dev server with command: pnpm run dev
[2026-02-03T00:43:39.664Z] 
[2026-02-03T00:43:39.664Z] > senec-design@0.0.1 dev /home/ubuntu/senec-design
[2026-02-03T00:43:39.665Z] > astro dev --host
[2026-02-03T00:43:39.665Z] 
[2026-02-03T00:43:41.161Z] 19:43:41 [types] Generated 0ms
[2026-02-03T00:43:41.179Z] 19:43:41 [content] Syncing content
[2026-02-03T00:43:41.205Z] 19:43:41 [content] Synced content
[2026-02-03T00:43:41.218Z] 
[2026-02-03T00:43:41.219Z] astro  v5.15.9 ready in 536 ms
[2026-02-03T00:43:41.219Z] 
[2026-02-03T00:43:41.219Z] ┃ Local    http://localhost:3000/
[2026-02-03T00:43:41.220Z] ┃ Network  http://169.254.0.21:3000/
[2026-02-03T00:43:41.221Z] 
[2026-02-03T00:43:41.221Z] 19:43:41 watching for file changes...
[2026-02-03T00:43:45.296Z] 19:43:45 [200] / 1030ms
[2026-02-03T00:43:45.299Z] 19:43:45 [200] / 145ms
[2026-02-03T00:43:50.437Z] 19:43:50 [200] / 91ms
[2026-02-03T00:43:56.658Z] 19:43:56 [200] /seo 10ms
[2026-02-03T00:44:01.795Z] 19:44:01 [200] / 85ms
[2026-02-03T00:44:01.996Z] 19:44:01 [200] / 90ms
[2026-02-03T00:44:04.975Z] 19:44:04 [200] / 93ms
[2026-02-03T00:44:26.267Z] 19:44:26 [200] / 100ms
[2026-02-03T00:44:35.815Z] 19:44:35 [200] / 97ms
[2026-02-03T00:44:36.323Z] 19:44:36 [200] / 69ms
[2026-02-03T00:44:49.842Z] 19:44:49 [200] / 84ms
[2026-02-03T00:44:59.865Z] 19:44:59 [200] / 67ms
[2026-02-03T00:45:02.216Z] 19:45:02 [200] / 71ms
[2026-02-03T00:45:27.328Z] 19:45:27 [200] / 66ms
[2026-02-03T00:45:31.773Z] 19:45:31 [200] / 67ms
[2026-02-03T00:45:32.924Z] 19:45:32 [200] / 63ms
[2026-02-03T00:45:35.812Z] 19:45:35 [200] / 62ms
[2026-02-03T00:45:36.775Z] 19:45:36 [200] / 63ms
[2026-02-03T00:45:37.766Z] 19:45:37 [200] / 65ms
[2026-02-03T00:45:43.302Z] 19:45:43 [200] / 70ms
[2026-02-03T00:45:46.693Z] 19:45:46 [200] / 57ms
[2026-02-03T00:45:49.016Z] 19:45:49 [200] / 65ms
[2026-02-03T00:45:51.838Z] 19:45:51 [200] / 67ms
[2026-02-03T00:45:54.541Z] 19:45:54 [200] / 64ms
[2026-02-03T00:45:56.786Z] 19:45:56 [200] / 64ms
[2026-02-03T00:45:57.387Z] 19:45:57 [200] / 62ms
[2026-02-03T00:45:57.776Z] 19:45:57 [200] / 59ms
[2026-02-03T00:46:00.435Z] 19:46:00 [200] / 58ms
[2026-02-03T00:46:01.767Z] 19:46:01 [200] / 58ms
[2026-02-03T00:46:02.780Z] 19:46:02 [200] / 62ms
[2026-02-03T00:46:03.189Z] 19:46:03 [200] / 60ms
[2026-02-03T00:46:06.159Z] 19:46:06 [200] / 58ms
[2026-02-03T00:46:06.777Z] 19:46:06 [200] / 56ms
[2026-02-03T00:46:07.774Z] 19:46:07 [200] / 56ms
[2026-02-03T00:46:09.030Z] 19:46:09 [200] / 60ms
[2026-02-03T00:46:11.770Z] 19:46:11 [200] / 57ms
[2026-02-03T00:46:12.772Z] 19:46:12 [200] / 55ms
[2026-02-03T00:46:16.802Z] 19:46:16 [200] / 84ms
[2026-02-03T00:46:17.882Z] 19:46:17 [200] / 56ms
[2026-02-03T00:46:21.773Z] 19:46:21 [200] / 55ms
[2026-02-03T00:46:22.768Z] 19:46:22 [200] / 55ms
[2026-02-03T00:46:26.771Z] 19:46:26 [200] / 57ms
[2026-02-03T00:46:27.773Z] 19:46:27 [200] / 56ms
[2026-02-03T00:46:31.787Z] 19:46:31 [200] / 65ms
[2026-02-03T00:46:31.954Z] 19:46:31 [200] / 56ms
[2026-02-03T00:46:36.814Z] 19:46:36 [200] / 89ms
[2026-02-03T00:46:36.985Z] 19:46:36 [200] / 59ms
[2026-02-03T00:46:41.769Z] 19:46:41 [200] / 57ms
[2026-02-03T00:46:41.933Z] 19:46:41 [200] / 56ms
[2026-02-03T00:46:46.776Z] 19:46:46 [200] / 55ms
[2026-02-03T00:46:46.942Z] 19:46:46 [200] / 56ms
[2026-02-03T00:46:51.788Z] 19:46:51 [200] / 54ms
[2026-02-03T00:46:51.957Z] 19:46:51 [200] / 59ms
[2026-02-03T00:46:56.774Z] 19:46:56 [200] / 57ms
[2026-02-03T00:46:56.949Z] 19:46:56 [200] / 63ms
[2026-02-03T00:47:01.976Z] 19:47:01 [200] / 58ms
[2026-02-03T00:50:55.432Z] 19:50:55 [watch] src/pages/seo.astro
[2026-02-03T00:50:55.717Z] 19:50:55 [200] /seo 9ms
[2026-02-03T00:50:56.022Z] 19:50:56 [200] / 182ms
[2026-02-03T00:50:56.192Z] 19:50:56 [200] / 62ms
[2026-02-03T00:50:56.487Z] 19:50:56 [200] / 61ms
[2026-02-03T00:50:59.842Z] 19:50:59 [200] / 60ms
[2026-02-03T00:51:02.186Z] Dev server process group stopped
[2026-02-03T00:51:02.203Z] ELIFECYCLE  Command failed.
[2026-02-03T00:51:02.220Z] Dev server exited with code -15
[2026-02-03T00:51:05.262Z] Starting dev server with command: pnpm run dev
[2026-02-03T00:51:05.665Z] 
[2026-02-03T00:51:05.666Z] > senec-design@0.0.1 dev /home/ubuntu/senec-design
[2026-02-03T00:51:05.667Z] > astro dev --host
[2026-02-03T00:51:05.667Z] 
[2026-02-03T00:51:07.302Z] 19:51:07 [types] Generated 0ms
[2026-02-03T00:51:07.320Z] 19:51:07 [content] Syncing content
[2026-02-03T00:51:07.345Z] 19:51:07 [content] Synced content
[2026-02-03T00:51:07.361Z] 
[2026-02-03T00:51:07.361Z] astro  v5.15.9 ready in 556 ms
[2026-02-03T00:51:07.362Z] 
[2026-02-03T00:51:07.362Z] ┃ Local    http://localhost:3000/
[2026-02-03T00:51:07.363Z] ┃ Network  http://169.254.0.21:3000/
[2026-02-03T00:51:07.363Z] 
[2026-02-03T00:51:07.363Z] 19:51:07 watching for file changes...
[2026-02-03T00:51:09.432Z] 19:51:09 [200] /seo 26ms
[2026-02-03T00:51:11.598Z] 19:51:11 [200] / 1026ms
[2026-02-03T00:51:11.600Z] 19:51:11 [200] HEAD / 1028ms
[2026-02-03T00:51:11.602Z] 19:51:11 [200] HEAD / 1030ms
[2026-02-03T00:51:11.603Z] 19:51:11 [200] HEAD / 1031ms
[2026-02-03T00:51:11.785Z] 19:51:11 [200] / 52ms
[2026-02-03T00:51:12.076Z] 19:51:12 [200] / 58ms
[2026-02-03T00:51:15.952Z] 19:51:15 [200] / 105ms
[2026-02-03T00:51:17.216Z] 19:51:17 [200] /seo 5ms
[2026-02-03T00:51:18.811Z] 19:51:18 [200] / 97ms
[2026-02-03T00:51:19.039Z] 19:51:19 [200] / 68ms
[2026-02-03T00:51:19.785Z] 19:51:19 [200] / 67ms
[2026-02-03T00:51:22.358Z] 19:51:22 [200] / 68ms
[2026-02-03T00:51:23.776Z] 19:51:23 [200] / 64ms
[2026-02-03T00:51:24.791Z] 19:51:24 [200] / 65ms
[2026-02-03T00:51:25.226Z] 19:51:25 [200] / 68ms
[2026-02-03T00:51:28.313Z] 19:51:28 [200] / 194ms
[2026-02-03T00:51:39.621Z] 19:51:39 [200] / 99ms
[2026-02-03T00:51:49.909Z] 19:51:49 [200] / 99ms
[2026-02-03T00:51:52.684Z] 19:51:52 [200] / 70ms
[2026-02-03T00:51:55.435Z] 19:51:55 [200] / 68ms
[2026-02-03T00:51:58.402Z] 19:51:58 [200] / 64ms
[2026-02-03T00:52:01.211Z] 19:52:01 [200] / 80ms
[2026-02-03T00:52:15.434Z] 19:52:15 [200] / 70ms
[2026-02-03T00:52:30.100Z] 19:52:30 [200] / 71ms
[2026-02-03T00:52:30.778Z] 19:52:30 [200] / 67ms
[2026-02-03T00:52:34.790Z] 19:52:34 [200] / 75ms
[2026-02-03T00:52:35.777Z] 19:52:35 [200] / 66ms
[2026-02-03T00:52:39.788Z] 19:52:39 [200] / 66ms
[2026-02-03T00:52:41.093Z] 19:52:41 [200] / 61ms
[2026-02-03T00:52:45.799Z] 19:52:45 [200] / 73ms
[2026-02-03T00:52:45.971Z] 19:52:45 [200] / 60ms
[2026-02-03T00:52:50.782Z] 19:52:50 [200] / 60ms
[2026-02-03T00:52:50.954Z] 19:52:50 [200] / 59ms
[2026-02-03T00:52:55.779Z] 19:52:55 [200] / 60ms
[2026-02-03T00:52:55.952Z] 19:52:55 [200] / 61ms
[2026-02-03T00:53:00.797Z] 19:53:00 [200] / 64ms
[2026-02-03T00:53:00.964Z] 19:53:00 [200] / 58ms
[2026-02-03T00:53:05.794Z] 19:53:05 [200] / 76ms
[2026-02-03T00:53:05.964Z] 19:53:05 [200] / 61ms
[2026-02-03T00:53:10.799Z] 19:53:10 [200] / 79ms
[2026-02-03T00:53:10.993Z] 19:53:10 [200] / 81ms
[2026-02-03T00:53:15.817Z] 19:53:15 [200] / 84ms
[2026-02-03T00:53:16.008Z] 19:53:16 [200] / 81ms
[2026-02-03T00:53:20.789Z] 19:53:20 [200] / 68ms
[2026-02-03T00:53:20.962Z] 19:53:20 [200] / 59ms
[2026-02-03T00:53:25.769Z] 19:53:25 [200] / 58ms
[2026-02-03T00:53:29.773Z] 19:53:29 [200] / 59ms
[2026-02-03T00:53:33.780Z] 19:53:33 [200] / 62ms
[2026-02-03T00:54:18.626Z] 19:54:18 [watch] src/pages/seo.astro
[2026-02-03T00:54:18.899Z] 19:54:18 [200] /seo 9ms
[2026-02-03T00:54:19.506Z] 19:54:19 [200] / 180ms
[2026-02-03T00:54:19.764Z] 19:54:19 [200] / 61ms
[2026-02-03T00:54:19.970Z] 19:54:19 [200] / 64ms
[2026-02-03T00:54:21.807Z] 19:54:21 [200] / 70ms
[2026-02-03T00:54:22.825Z] 19:54:22 [200] / 60ms
[2026-02-03T00:54:25.448Z] Dev server process group stopped
[2026-02-03T00:54:25.468Z] ELIFECYCLE  Command failed.
[2026-02-03T00:54:25.482Z] Dev server exited with code -15
[2026-02-03T00:54:28.527Z] Starting dev server with command: pnpm run dev
[2026-02-03T00:54:28.907Z] 
[2026-02-03T00:54:28.907Z] > senec-design@0.0.1 dev /home/ubuntu/senec-design
[2026-02-03T00:54:28.908Z] > astro dev --host
[2026-02-03T00:54:28.908Z] 
[2026-02-03T00:54:30.426Z] 19:54:30 [types] Generated 1ms
[2026-02-03T00:54:30.446Z] 19:54:30 [content] Syncing content
[2026-02-03T00:54:30.473Z] 19:54:30 [content] Synced content
[2026-02-03T00:54:30.488Z] 
[2026-02-03T00:54:30.488Z] astro  v5.15.9 ready in 574 ms
[2026-02-03T00:54:30.489Z] 
[2026-02-03T00:54:30.489Z] ┃ Local    http://localhost:3000/
[2026-02-03T00:54:30.490Z] ┃ Network  http://169.254.0.21:3000/
[2026-02-03T00:54:30.490Z] 
[2026-02-03T00:54:30.490Z] 19:54:30 watching for file changes...
[2026-02-03T00:54:32.513Z] 19:54:32 [200] /seo 22ms
[2026-02-03T00:54:35.067Z] 19:54:35 [200] / 1286ms
[2026-02-03T00:54:35.068Z] 19:54:35 [200] / 1288ms
[2026-02-03T00:54:35.070Z] 19:54:35 [200] HEAD / 1289ms
[2026-02-03T00:54:35.071Z] 19:54:35 [200] HEAD / 1290ms
[2026-02-03T00:54:35.072Z] 19:54:35 [200] HEAD / 1291ms
[2026-02-03T00:54:35.072Z] 19:54:35 [200] HEAD / 1292ms
[2026-02-03T00:54:35.313Z] 19:54:35 [200] / 59ms
[2026-02-03T00:54:35.959Z] 19:54:35 [200] / 125ms
[2026-02-03T00:54:39.041Z] 19:54:39 [200] / 103ms
[2026-02-03T00:54:40.810Z] 19:54:40 [200] / 96ms
[2026-02-03T00:54:41.013Z] 19:54:41 [200] / 95ms
[2026-02-03T00:54:41.908Z] 19:54:41 [200] / 93ms
[2026-02-03T00:54:44.761Z] 19:54:44 [200] / 64ms
[2026-02-03T00:54:45.793Z] 19:54:45 [200] / 61ms
[2026-02-03T00:54:45.962Z] 19:54:45 [200] / 59ms
[2026-02-03T00:54:47.642Z] 19:54:47 [200] /seo 4ms
[2026-02-03T00:54:48.051Z] 19:54:48 [200] / 61ms
[2026-02-03T00:54:53.764Z] 19:54:53 [200] / 58ms
[2026-02-03T00:54:57.781Z] 19:54:57 [200] / 59ms
[2026-02-03T00:55:29.013Z] 19:55:29 [200] / 102ms
[2026-02-03T00:55:33.809Z] 19:55:33 [200] / 99ms
[2026-02-03T00:55:36.589Z] 19:55:36 [200] / 74ms
[2026-02-03T00:55:38.779Z] 19:55:38 [200] / 67ms
[2026-02-03T00:55:40.772Z] 19:55:40 [200] / 63ms
[2026-02-03T00:55:43.783Z] 19:55:43 [200] / 67ms
[2026-02-03T00:55:44.762Z] 19:55:44 [200] / 60ms
[2026-02-03T00:55:46.704Z] 19:55:46 [200] / 62ms
[2026-02-03T00:55:48.779Z] 19:55:48 [200] / 60ms
[2026-02-03T00:55:49.774Z] 19:55:49 [200] / 64ms
[2026-02-03T00:55:51.775Z] 19:55:51 [200] / 61ms
[2026-02-03T00:55:53.774Z] 19:55:53 [200] / 59ms
[2026-02-03T00:55:53.941Z] 19:55:53 [200] / 59ms
[2026-02-03T00:55:57.770Z] 19:55:57 [200] / 59ms
[2026-02-03T00:55:58.762Z] 19:55:58 [200] / 59ms
[2026-02-03T00:56:02.783Z] 19:56:02 [200] / 67ms
[2026-02-03T00:56:03.803Z] 19:56:03 [200] / 61ms
[2026-02-03T00:56:07.772Z] 19:56:07 [200] / 60ms
[2026-02-03T00:56:08.774Z] 19:56:08 [200] / 64ms
[2026-02-03T00:56:12.775Z] 19:56:12 [200] / 61ms
[2026-02-03T00:56:13.770Z] 19:56:13 [200] / 60ms
[2026-02-03T00:56:17.794Z] 19:56:17 [200] / 64ms
[2026-02-03T00:56:18.783Z] 19:56:18 [200] / 64ms
[2026-02-03T00:56:22.769Z] 19:56:22 [200] / 58ms
[2026-02-03T00:56:23.765Z] 19:56:23 [200] / 58ms
[2026-02-03T00:56:28.799Z] 19:56:28 [200] / 89ms
[2026-02-03T00:56:33.776Z] 19:56:33 [200] / 58ms
[2026-02-03T00:56:37.774Z] 19:56:37 [200] / 64ms
[2026-02-03T01:04:24.639Z] 20:04:24 [200] / 70ms
[2026-02-03T01:12:46.169Z] 20:12:46 [watch] src/pages/seo.astro
[2026-02-03T01:23:55.747Z] Starting dev server with command: pnpm run dev
[2026-02-03T01:23:56.157Z] 
[2026-02-03T01:23:56.158Z] > senec-design@0.0.1 dev /home/ubuntu/senec-design
[2026-02-03T01:23:56.158Z] > astro dev --host
[2026-02-03T01:23:56.159Z] 
[2026-02-03T01:23:56.846Z] ▶ Astro collects anonymous usage data.
[2026-02-03T01:23:56.846Z] This information helps us improve Astro.
[2026-02-03T01:23:56.847Z] Run "astro telemetry disable" to opt-out.
[2026-02-03T01:23:56.847Z] https://astro.build/telemetry
[2026-02-03T01:23:56.847Z] 
[2026-02-03T01:23:58.051Z] 20:23:58 [types] Generated 1ms
[2026-02-03T01:23:58.073Z] 20:23:58 [content] Syncing content
[2026-02-03T01:23:58.100Z] 20:23:58 [content] Synced content
[2026-02-03T01:23:58.135Z] 
[2026-02-03T01:23:58.136Z] astro  v5.15.9 ready in 776 ms
[2026-02-03T01:23:58.136Z] 
[2026-02-03T01:23:58.136Z] ┃ Local    http://localhost:3000/
[2026-02-03T01:23:58.138Z] ┃ Network  http://169.254.0.21:3000/
[2026-02-03T01:23:58.140Z] 
[2026-02-03T01:23:58.140Z] 20:23:58 watching for file changes...
[2026-02-03T01:24:03.530Z] 20:24:03 [200] / 1300ms
[2026-02-03T01:24:03.533Z] 20:24:03 [200] / 1304ms
[2026-02-03T01:24:03.541Z] 20:24:03 [200] / 1311ms
[2026-02-03T01:24:03.723Z] 20:24:03 [200] / 54ms
[2026-02-03T01:24:09.504Z] 20:24:09 [200] / 124ms
[2026-02-03T01:24:14.395Z] 20:24:14 [200] / 111ms
[2026-02-03T01:24:18.385Z] 20:24:18 [200] / 97ms
[2026-02-03T01:24:21.818Z] 20:24:21 [200] / 114ms
[2026-02-03T01:24:25.583Z] 20:24:25 [200] / 110ms
[2026-02-03T01:24:28.401Z] 20:24:28 [200] / 101ms
[2026-02-03T01:24:31.190Z] 20:24:31 [200] / 122ms
[2026-02-03T01:24:32.804Z] 20:24:32 [200] / 101ms
[2026-02-03T01:24:33.963Z] 20:24:33 [200] / 80ms
[2026-02-03T01:24:36.879Z] 20:24:36 [200] / 76ms
[2026-02-03T01:24:37.773Z] 20:24:37 [200] / 74ms
[2026-02-03T01:24:39.661Z] 20:24:39 [200] / 73ms
[2026-02-03T01:24:41.769Z] 20:24:41 [200] / 70ms
[2026-02-03T01:24:42.497Z] 20:24:42 [200] / 66ms
[2026-02-03T01:24:45.378Z] 20:24:45 [200] / 69ms
[2026-02-03T01:24:46.768Z] 20:24:46 [200] / 65ms
[2026-02-03T01:24:48.183Z] 20:24:48 [200] / 68ms
[2026-02-03T01:24:50.953Z] 20:24:50 [200] / 66ms
[2026-02-03T01:24:51.777Z] 20:24:51 [200] / 71ms
[2026-02-03T01:24:53.835Z] 20:24:53 [200] / 64ms
[2026-02-03T01:24:55.775Z] 20:24:55 [200] / 65ms
[2026-02-03T01:24:56.731Z] 20:24:56 [200] / 67ms
[2026-02-03T01:25:00.780Z] 20:25:00 [200] / 69ms
[2026-02-03T01:25:04.774Z] 20:25:04 [200] / 65ms
[2026-02-03T01:25:08.788Z] 20:25:08 [200] / 80ms
[2026-02-03T01:25:13.785Z] 20:25:13 [200] / 77ms
[2026-02-03T01:25:21.055Z] 20:25:21 [200] / 67ms
[2026-02-03T01:25:24.099Z] 20:25:24 [200] / 63ms
[2026-02-03T01:25:26.891Z] 20:25:26 [200] / 71ms
[2026-02-03T01:25:27.688Z] 20:25:27 [200] / 72ms
[2026-02-03T01:25:28.987Z] 20:25:28 [200] / 70ms
[2026-02-03T01:25:31.969Z] 20:25:31 [200] / 70ms
[2026-02-03T01:25:34.786Z] 20:25:34 [200] / 62ms
[2026-02-03T01:25:37.670Z] 20:25:37 [200] / 70ms
[2026-02-03T01:25:40.447Z] 20:25:40 [200] / 69ms
[2026-02-03T01:25:40.788Z] 20:25:40 [200] / 77ms
[2026-02-03T01:25:43.755Z] 20:25:43 [200] / 75ms
[2026-02-03T01:25:46.526Z] 20:25:46 [200] / 95ms
[2026-02-03T01:25:48.047Z] 20:25:48 [200] / 65ms
[2026-02-03T01:25:49.410Z] 20:25:49 [200] / 91ms
[2026-02-03T01:25:52.194Z] 20:25:52 [200] / 75ms
[2026-02-03T01:25:52.786Z] 20:25:52 [200] / 77ms
[2026-02-03T01:25:54.962Z] 20:25:54 [200] / 64ms
[2026-02-03T01:25:56.776Z] 20:25:56 [200] / 69ms
[2026-02-03T01:25:57.791Z] 20:25:57 [200] / 107ms
[2026-02-03T01:26:00.582Z] 20:26:00 [200] / 86ms
[2026-02-03T01:26:01.803Z] 20:26:01 [200] / 91ms
[2026-02-03T01:26:03.368Z] 20:26:03 [200] / 85ms
[2026-02-03T01:26:06.211Z] 20:26:06 [200] / 76ms
[2026-02-03T01:26:06.802Z] 20:26:06 [200] / 83ms
[2026-02-03T01:26:09.277Z] 20:26:09 [200] / 66ms
[2026-02-03T01:26:12.193Z] 20:26:12 [200] / 75ms
[2026-02-03T01:26:20.893Z] 20:26:20 [200] / 82ms
[2026-02-03T01:26:25.432Z] 20:26:25 [200] / 203ms
[2026-02-03T01:26:29.807Z] 20:26:29 [200] / 103ms
[2026-02-03T01:26:34.779Z] 20:26:34 [200] / 75ms
[2026-02-03T01:26:39.805Z] 20:26:39 [200] / 83ms
[2026-02-03T01:26:43.783Z] 20:26:43 [200] / 72ms
[2026-02-03T01:26:47.778Z] 20:26:47 [200] / 74ms
[2026-02-03T01:26:51.773Z] 20:26:51 [200] / 64ms
[2026-02-03T01:26:56.069Z] 20:26:56 [200] / 66ms
[2026-02-03T01:27:01.310Z] 20:27:01 [200] / 67ms
[2026-02-03T01:33:39.329Z] 20:33:39 [watch] src/pages/seo.astro
[2026-02-03T01:33:39.331Z] 20:33:39 [watch] src/pages/seo.astro
[2026-02-03T01:33:40.088Z] 20:33:40 [200] / 213ms
[2026-02-03T01:33:57.568Z] 20:33:57 [watch] src/pages/seo.astro
[2026-02-03T01:33:57.569Z] 20:33:57 [watch] src/pages/seo.astro
[2026-02-03T01:33:58.028Z] 20:33:58 [200] / 184ms
[2026-02-03T01:34:11.259Z] 20:34:11 [watch] src/pages/seo.astro
[2026-02-03T01:34:11.261Z] 20:34:11 [watch] src/pages/seo.astro
[2026-02-03T01:34:11.726Z] 20:34:11 [200] / 181ms
[2026-02-03T01:34:26.714Z] 20:34:26 [watch] src/pages/seo.astro
[2026-02-03T01:34:26.715Z] 20:34:26 [watch] src/pages/seo.astro
[2026-02-03T01:34:27.184Z] 20:34:27 [200] / 158ms
[2026-02-03T01:34:43.847Z] 20:34:43 [watch] src/pages/seo.astro
[2026-02-03T01:34:43.848Z] 20:34:43 [watch] src/pages/seo.astro
[2026-02-03T01:34:44.316Z] 20:34:44 [200] / 153ms
[2026-02-03T01:36:12.602Z] 20:36:12 [200] / 67ms
[2026-02-03T01:36:17.488Z] 20:36:17 [200] / 80ms
[2026-02-03T01:36:20.233Z] 20:36:20 [200] / 66ms
[2026-02-03T01:36:22.980Z] 20:36:22 [200] / 70ms
[2026-02-03T01:36:30.888Z] 20:36:30 [200] / 62ms
[2026-02-03T01:36:33.737Z] 20:36:33 [200] / 62ms
[2026-02-03T01:36:37.714Z] 20:36:37 [200] / 64ms
[2026-02-03T01:36:46.160Z] 20:36:46 [200] / 66ms
[2026-02-03T01:36:48.944Z] 20:36:48 [200] / 78ms
[2026-02-03T01:36:51.711Z] 20:36:51 [200] / 76ms
[2026-02-03T01:36:54.463Z] 20:36:54 [200] / 85ms
[2026-02-03T01:36:57.202Z] 20:36:57 [200] / 76ms
[2026-02-03T01:37:00.780Z] 20:37:00 [200] / 69ms
[2026-02-03T01:37:05.770Z] 20:37:05 [200] / 68ms
[2026-02-03T01:37:10.777Z] 20:37:10 [200] / 76ms
[2026-02-03T01:37:14.770Z] 20:37:14 [200] / 68ms
[2026-02-03T01:37:19.101Z] 20:37:19 [200] / 82ms
[2026-02-03T01:37:23.765Z] 20:37:23 [200] / 62ms
[2026-02-03T05:57:22.703Z] 00:57:22 [200] / 136ms
[2026-02-03T05:57:22.971Z] 00:57:22 [200] / 61ms
[2026-02-03T05:57:26.291Z] 00:57:26 [200] / 62ms
[2026-02-03T05:57:29.067Z] 00:57:29 [200] / 81ms
[2026-02-03T07:22:47.531Z] 02:22:47 [200] / 296ms
[2026-02-03T07:27:16.429Z] 02:27:16 [watch] src/components/Header.astro
[2026-02-03T07:27:16.429Z] 02:27:16 [watch] src/components/Header.astro
[2026-02-03T07:27:17.591Z] 02:27:17 [200] / 220ms
[2026-02-03T07:28:54.769Z] 02:28:54 [200] / 85ms
[2026-02-03T07:28:59.927Z] 02:28:59 [200] / 76ms
[2026-02-03T07:29:04.163Z] 02:29:04 [200] / 76ms
[2026-02-03T07:29:58.746Z] 02:29:58 [200] / 75ms
[2026-02-03T07:30:03.171Z] 02:30:03 [200] / 80ms
[2026-02-03T07:30:07.159Z] 02:30:07 [200] / 69ms
[2026-02-03T07:30:12.176Z] 02:30:12 [200] / 88ms
[2026-02-03T07:30:16.166Z] 02:30:16 [200] / 76ms
[2026-02-03T07:30:21.171Z] 02:30:21 [200] / 76ms
[2026-02-03T07:30:25.164Z] 02:30:25 [200] / 79ms
[2026-02-03T07:30:30.174Z] 02:30:30 [200] / 71ms
[2026-02-03T07:30:35.163Z] 02:30:35 [200] / 78ms
[2026-02-03T07:30:39.177Z] 02:30:39 [200] / 83ms
[2026-02-03T07:30:43.161Z] 02:30:43 [200] / 80ms
[2026-02-03T07:30:48.152Z] 02:30:48 [200] / 68ms
[2026-02-03T07:30:53.164Z] 02:30:53 [200] / 84ms
[2026-02-03T07:30:57.169Z] 02:30:57 [200] / 81ms
[2026-02-03T07:31:02.153Z] 02:31:02 [200] / 74ms
[2026-02-03T07:42:02.195Z] 02:42:02 [200] / 75ms
[2026-02-03T07:42:06.562Z] 02:42:06 [200] / 76ms
[2026-02-03T07:42:10.649Z] 02:42:10 [200] / 66ms
[2026-02-03T07:42:13.382Z] 02:42:13 [200] / 66ms
[2026-02-03T07:42:19.179Z] 02:42:19 [200] / 80ms
[2026-02-03T07:42:25.669Z] 02:42:25 [200] / 83ms
[2026-02-03T07:42:30.916Z] 02:42:30 [200] / 71ms
[2026-02-03T07:42:35.790Z] 02:42:35 [200] / 66ms
[2026-02-03T07:42:40.965Z] 02:42:40 [200] / 80ms
[2026-02-03T07:42:45.711Z] 02:42:45 [200] / 65ms
[2026-02-03T07:42:50.337Z] 02:42:50 [200] / 87ms
[2026-02-03T07:42:54.815Z] 02:42:54 [200] / 61ms
[2026-02-03T07:42:58.390Z] 02:42:58 [200] / 64ms
[2026-02-03T07:43:01.419Z] 02:43:01 [200] / 88ms
[2026-02-03T07:43:05.273Z] 02:43:05 [200] / 78ms
[2026-02-03T07:43:09.234Z] 02:43:09 [200] / 68ms
[2026-02-03T07:43:13.115Z] 02:43:13 [200] / 74ms
[2026-02-03T07:44:03.040Z] 02:44:03 [watch] src/pages/gewerbe-photovoltaik-leipzig.astro
[2026-02-03T07:44:03.042Z] 02:44:03 [watch] src/pages/gewerbe-photovoltaik-leipzig.astro
[2026-02-03T07:44:04.429Z] 02:44:04 [200] / 189ms
[2026-02-03T07:44:04.604Z] 02:44:04 [200] / 64ms
[2026-02-03T07:44:28.415Z] 02:44:28 [200] / 96ms
[2026-02-03T07:44:47.705Z] 02:44:47 [200] / 75ms
[2026-02-03T07:44:47.917Z] 02:44:47 [200] / 82ms
[2026-02-03T07:44:48.156Z] 02:44:48 [200] / 74ms
[2026-02-03T07:44:53.142Z] 02:44:53 [200] / 68ms
[2026-02-03T07:44:58.193Z] 02:44:58 [200] / 110ms
[2026-02-03T07:45:02.149Z] 02:45:02 [200] / 66ms
[2026-02-03T07:45:06.184Z] 02:45:06 [200] / 71ms
[2026-02-03T07:45:10.163Z] 02:45:10 [200] / 65ms
[2026-02-03T07:45:15.241Z] 02:45:15 [200] / 158ms
[2026-02-03T07:45:19.141Z] 02:45:19 [200] / 64ms
[2026-02-03T07:45:23.171Z] 02:45:23 [200] / 87ms
[2026-02-03T07:45:26.121Z] 02:45:26 [200] / 67ms
[2026-02-03T07:45:27.166Z] 02:45:27 [200] / 76ms
[2026-02-03T07:45:32.147Z] 02:45:32 [200] / 70ms
[2026-02-03T07:45:37.179Z] 02:45:37 [200] /gewerbe-photovoltaik-leipzig 10ms
[2026-02-03T07:45:57.734Z] 02:45:57 [200] / 64ms
[2026-02-03T07:46:03.167Z] 02:46:03 [200] / 72ms
[2026-02-03T07:46:08.156Z] 02:46:08 [200] / 82ms
[2026-02-03T07:46:47.344Z] 02:46:47 [200] / 82ms
[2026-02-03T08:40:02.212Z] 03:40:02 [200] / 75ms
[2026-02-03T08:40:05.310Z] 03:40:05 [200] / 80ms
[2026-02-03T08:40:08.184Z] 03:40:08 [200] / 83ms
[2026-02-03T08:40:11.027Z] 03:40:11 [200] / 67ms
[2026-02-03T08:40:13.871Z] 03:40:13 [200] / 72ms
[2026-02-03T08:40:16.606Z] 03:40:16 [200] / 75ms
[2026-02-03T08:40:19.346Z] 03:40:19 [200] / 63ms
[2026-02-03T08:40:22.189Z] 03:40:22 [200] / 65ms
[2026-02-03T08:40:24.940Z] 03:40:24 [200] / 64ms
[2026-02-03T08:40:27.784Z] 03:40:27 [200] / 64ms
[2026-02-03T08:40:30.543Z] 03:40:30 [200] / 68ms
[2026-02-03T08:40:33.398Z] 03:40:33 [200] / 74ms
[2026-02-03T08:40:36.235Z] 03:40:36 [200] / 60ms
[2026-02-03T08:40:39.101Z] 03:40:39 [200] / 68ms
[2026-02-03T08:40:41.982Z] 03:40:41 [200] / 67ms
[2026-02-03T08:40:44.818Z] 03:40:44 [200] / 67ms
[2026-02-03T08:40:47.589Z] 03:40:47 [200] / 64ms
[2026-02-03T08:41:20.683Z] 03:41:20 [200] / 72ms
[2026-02-03T13:00:01.129Z] 08:00:01 [200] / 131ms
[2026-02-03T13:00:01.306Z] 08:00:01 [200] / 74ms
[2026-02-03T14:37:32.769Z] 09:37:32 [200] / 159ms
[2026-02-03T14:37:33.303Z] 09:37:33 [200] / 79ms
[2026-02-03T14:37:37.455Z] 09:37:37 [200] / 77ms
[2026-02-03T14:38:01.012Z] 09:38:01 [200] / 105ms
[2026-02-03T14:38:03.247Z] 09:38:03 [200] / 77ms
[2026-02-03T14:38:03.795Z] 09:38:03 [200] / 69ms
[2026-02-03T14:38:06.662Z] 09:38:06 [200] / 73ms
[2026-02-03T14:38:08.038Z] 09:38:08 [200] / 69ms
[2026-02-03T14:38:09.459Z] 09:38:09 [200] / 73ms
[2026-02-03T14:38:12.247Z] 09:38:12 [200] / 65ms
[2026-02-03T14:38:13.035Z] 09:38:13 [200] / 67ms
[2026-02-03T14:38:15.028Z] 09:38:15 [200] / 70ms
[2026-02-03T14:38:17.111Z] 09:38:17 [200] / 98ms
[2026-02-03T14:38:17.799Z] 09:38:17 [200] / 66ms
[2026-02-03T14:38:20.679Z] 09:38:20 [200] / 66ms
[2026-02-03T14:38:23.696Z] 09:38:23 [200] / 67ms
[2026-02-03T14:38:28.354Z] 09:38:28 [200] / 69ms
[2026-02-03T14:38:35.076Z] 09:38:35 [200] / 86ms
[2026-02-03T14:38:36.466Z] 09:38:36 [200] / 70ms
[2026-02-03T14:38:39.479Z] 09:38:39 [200] / 78ms
[2026-02-03T14:38:42.317Z] 09:38:42 [200] / 68ms
[2026-02-03T14:38:45.059Z] 09:38:45 [200] / 67ms
[2026-02-03T14:38:48.229Z] 09:38:48 [200] / 63ms
[2026-02-03T14:38:51.124Z] 09:38:51 [200] / 95ms
[2026-02-03T14:38:53.056Z] 09:38:53 [200] / 74ms
[2026-02-03T14:38:53.961Z] 09:38:53 [200] / 67ms
[2026-02-03T14:38:58.050Z] 09:38:58 [200] / 77ms
[2026-02-03T14:39:02.038Z] 09:39:02 [200] / 68ms
[2026-02-03T14:39:06.055Z] 09:39:06 [200] / 78ms
[2026-02-03T14:39:11.055Z] 09:39:11 [200] / 81ms
[2026-02-03T14:39:15.059Z] 09:39:15 [200] / 70ms
[2026-02-03T14:39:19.043Z] 09:39:19 [200] / 69ms
[2026-02-03T14:39:24.068Z] 09:39:24 [200] / 78ms
[2026-02-03T14:39:29.041Z] 09:39:29 [200] / 68ms
[2026-02-03T14:39:34.036Z] 09:39:34 [200] / 70ms
[2026-02-03T14:39:38.040Z] 09:39:38 [200] / 66ms
[2026-02-03T14:39:43.063Z] 09:39:43 [200] / 92ms
[2026-02-03T15:00:42.267Z] 10:00:42 [200] / 80ms
[2026-02-03T15:00:57.805Z] 10:00:57 [200] / 68ms
[2026-02-03T15:01:01.099Z] 10:01:01 [200] / 72ms
[2026-02-03T15:01:03.725Z] 10:01:03 [200] / 65ms
[2026-02-03T15:01:08.662Z] 10:01:08 [200] / 66ms
[2026-02-03T15:01:11.495Z] 10:01:11 [200] / 76ms
[2026-02-03T15:01:14.321Z] 10:01:14 [200] / 97ms
[2026-02-03T15:01:17.156Z] 10:01:17 [200] / 68ms
[2026-02-03T15:01:19.976Z] 10:01:19 [200] / 72ms
[2026-02-03T15:01:22.851Z] 10:01:22 [200] / 99ms
[2026-02-03T15:01:25.338Z] 10:01:25 [200] / 74ms
[2026-02-03T15:01:25.654Z] 10:01:25 [200] / 70ms
[2026-02-03T15:01:28.597Z] 10:01:28 [200] / 109ms
[2026-02-03T15:01:30.029Z] 10:01:30 [200] / 63ms
[2026-02-03T15:01:31.449Z] 10:01:31 [200] / 69ms
[2026-02-03T15:01:34.326Z] 10:01:34 [200] / 112ms
[2026-02-03T15:01:35.042Z] 10:01:35 [200] / 75ms
[2026-02-03T15:01:37.189Z] 10:01:37 [200] / 63ms
[2026-02-03T15:01:40.023Z] 10:01:40 [200] / 67ms
[2026-02-03T15:01:40.198Z] 10:01:40 [200] / 66ms
[2026-02-03T15:01:43.173Z] 10:01:43 [200] / 98ms
[2026-02-03T15:01:45.043Z] 10:01:45 [200] / 63ms
[2026-02-03T15:01:45.945Z] 10:01:45 [200] / 74ms
[2026-02-03T15:01:48.850Z] 10:01:48 [200] / 65ms
[2026-02-03T15:01:50.038Z] 10:01:50 [200] / 61ms
[2026-02-03T15:01:55.036Z] 10:01:55 [200] / 68ms
[2026-02-03T15:01:59.054Z] 10:01:59 [200] / 86ms
[2026-02-03T15:02:03.042Z] 10:02:03 [200] / 70ms
[2026-02-03T15:02:07.035Z] 10:02:07 [200] / 68ms
[2026-02-03T15:02:12.091Z] 10:02:12 [200] / 115ms
[2026-02-03T15:02:16.035Z] 10:02:16 [200] / 63ms
[2026-02-03T15:02:20.034Z] 10:02:20 [200] / 66ms
[2026-02-03T15:02:24.043Z] 10:02:24 [200] / 64ms
[2026-02-03T15:02:28.033Z] 10:02:28 [200] / 65ms
[2026-02-03T15:02:32.069Z] 10:02:32 [200] / 100ms
[2026-02-03T15:48:07.381Z] 10:48:07 [watch] src/pages/index.astro
[2026-02-03T15:48:07.382Z] 10:48:07 [watch] src/pages/index.astro
[2026-02-03T15:48:07.874Z] 10:48:07 [200] / 183ms
[2026-02-03T15:48:27.932Z] 10:48:27 [200] / 65ms
[2026-02-03T15:48:31.243Z] 10:48:31 [200] / 76ms
[2026-02-03T15:48:34.137Z] 10:48:34 [200] / 70ms
[2026-02-03T15:48:36.986Z] 10:48:36 [200] / 67ms
[2026-02-03T15:48:39.791Z] 10:48:39 [watch] src/pages/gewerbe-photovoltaik-leipzig.astro
[2026-02-03T15:48:40.189Z] 10:48:40 [200] / 230ms
[2026-02-03T15:48:40.190Z] 10:48:40 [200] / 144ms
[2026-02-03T15:48:40.591Z] 10:48:40 [200] / 69ms
[2026-02-03T15:48:44.354Z] 10:48:44 [200] / 68ms
[2026-02-03T15:48:48.803Z] 10:48:48 [200] / 75ms
[2026-02-03T15:48:51.712Z] 10:48:51 [200] / 65ms
[2026-02-03T15:48:54.597Z] 10:48:54 [200] / 62ms
[2026-02-03T15:48:57.568Z] 10:48:57 [200] / 97ms
[2026-02-03T15:49:00.450Z] 10:49:00 [200] / 67ms
[2026-02-03T15:49:03.340Z] 10:49:03 [200] / 60ms
[2026-02-03T15:49:06.035Z] 10:49:06 [watch] src/pages/pv-wartung-leipzig.astro
[2026-02-03T15:49:06.036Z] 10:49:06 [watch] src/pages/pv-wartung-leipzig.astro
[2026-02-03T15:49:06.317Z] 10:49:06 [200] / 129ms
[2026-02-03T15:49:06.428Z] 10:49:06 [200] / 72ms
[2026-02-03T15:49:06.746Z] 10:49:06 [200] / 79ms
[2026-02-03T15:49:11.080Z] 10:49:11 [200] / 73ms
[2026-02-03T15:49:16.927Z] 10:49:16 [200] / 60ms
[2026-02-03T15:49:20.222Z] 10:49:20 [200] / 59ms
[2026-02-03T15:49:23.142Z] 10:49:23 [200] / 58ms
[2026-02-03T15:49:25.885Z] 10:49:25 [200] / 62ms
[2026-02-03T15:49:28.792Z] 10:49:28 [200] / 88ms
[2026-02-03T15:49:31.734Z] 10:49:31 [200] / 62ms
[2026-02-03T15:49:32.397Z] 10:49:32 [watch] src/pages/pv-reinigung-leipzig.astro
[2026-02-03T15:49:32.399Z] 10:49:32 [watch] src/pages/pv-reinigung-leipzig.astro
[2026-02-03T15:49:32.722Z] 10:49:32 [200] / 179ms
[2026-02-03T15:49:33.193Z] 10:49:33 [200] / 68ms
[2026-02-03T15:49:34.591Z] 10:49:34 [200] / 72ms
[2026-02-03T15:49:35.963Z] 10:49:35 [200] / 61ms
[2026-02-03T15:49:37.365Z] 10:49:37 [200] / 59ms
[2026-02-03T15:49:38.954Z] 10:49:38 [200] / 75ms
[2026-02-03T15:49:38.962Z] 10:49:38 [watch] src/pages/pv-reinigung-leipzig.astro
[2026-02-03T15:49:38.963Z] 10:49:38 [watch] src/pages/pv-reinigung-leipzig.astro
[2026-02-03T15:49:39.233Z] 10:49:39 [200] / 126ms
[2026-02-03T15:49:39.956Z] 10:49:39 [200] / 64ms
[2026-02-03T15:49:40.242Z] 10:49:40 [200] / 60ms
[2026-02-03T15:49:43.297Z] 10:49:43 [200] / 62ms
[2026-02-03T15:49:46.174Z] 10:49:46 [200] / 66ms
[2026-02-03T15:49:50.986Z] 10:49:50 [200] / 62ms
[2026-02-03T15:49:53.897Z] 10:49:53 [200] / 95ms
[2026-02-03T15:49:57.085Z] 10:49:57 [200] / 65ms
[2026-02-03T15:49:59.961Z] 10:49:59 [200] / 93ms
[2026-02-03T15:50:02.725Z] 10:50:02 [200] / 62ms
[2026-02-03T15:50:05.747Z] 10:50:05 [200] / 61ms
[2026-02-03T15:50:06.918Z] 10:50:06 [watch] src/pages/solarpark-betreuung.astro
[2026-02-03T15:50:06.921Z] 10:50:06 [watch] src/pages/solarpark-betreuung.astro
[2026-02-03T15:50:07.215Z] 10:50:07 [200] / 142ms
[2026-02-03T15:50:07.532Z] 10:50:07 [200] / 64ms
[2026-02-03T15:50:08.544Z] 10:50:08 [200] / 64ms
[2026-02-03T15:50:10.405Z] 10:50:10 [200] / 62ms
[2026-02-03T15:50:11.423Z] 10:50:11 [200] / 73ms
[2026-02-03T15:50:13.616Z] 10:50:13 [200] / 65ms
[2026-02-03T15:50:17.716Z] 10:50:17 [200] / 61ms
[2026-02-03T15:50:19.698Z] 10:50:19 [200] / 80ms
[2026-02-03T15:50:20.776Z] 10:50:20 [200] / 61ms
[2026-02-03T15:50:22.591Z] 10:50:22 [200] / 64ms
[2026-02-03T15:50:23.640Z] 10:50:23 [200] / 66ms
[2026-02-03T15:50:25.480Z] 10:50:25 [200] / 76ms
[2026-02-03T15:50:26.409Z] 10:50:26 [200] / 62ms
[2026-02-03T15:50:28.372Z] 10:50:28 [200] / 76ms
[2026-02-03T15:50:29.285Z] 10:50:29 [200] / 66ms
[2026-02-03T15:50:31.255Z] 10:50:31 [200] / 65ms
[2026-02-03T15:50:32.181Z] 10:50:32 [200] / 110ms
[2026-02-03T15:50:34.111Z] 10:50:34 [200] / 60ms
[2026-02-03T15:51:09.863Z] 10:51:09 [200] / 66ms
[2026-02-03T15:51:12.776Z] 10:51:12 [200] / 70ms
[2026-02-03T15:51:15.683Z] 10:51:15 [200] / 68ms
[2026-02-03T15:51:19.402Z] 10:51:19 [200] / 69ms
[2026-02-03T15:51:22.277Z] 10:51:22 [200] / 70ms
[2026-02-03T15:51:25.154Z] 10:51:25 [200] / 67ms
[2026-02-03T15:51:28.069Z] 10:51:28 [200] / 70ms
[2026-02-03T15:51:30.949Z] 10:51:30 [200] / 63ms
[2026-02-03T15:51:33.792Z] 10:51:33 [200] / 62ms
[2026-02-03T19:38:31.658Z] Starting dev server with command: pnpm run dev
[2026-02-03T19:38:31.915Z] 
[2026-02-03T19:38:31.915Z] > senec-design@0.0.1 dev /home/ubuntu/senec-design
[2026-02-03T19:38:31.916Z] > astro dev --host
[2026-02-03T19:38:31.916Z] 
[2026-02-03T19:38:32.488Z] ▶ Astro collects anonymous usage data.
[2026-02-03T19:38:32.489Z] This information helps us improve Astro.
[2026-02-03T19:38:32.489Z] Run "astro telemetry disable" to opt-out.
[2026-02-03T19:38:32.489Z] https://astro.build/telemetry
[2026-02-03T19:38:32.489Z] 
[2026-02-03T19:38:33.549Z] 14:38:33 [types] Generated 0ms
[2026-02-03T19:38:33.567Z] 14:38:33 [content] Syncing content
[2026-02-03T19:38:33.594Z] 14:38:33 [content] Synced content
[2026-02-03T19:38:33.613Z] 
[2026-02-03T19:38:33.613Z] astro  v5.15.9 ready in 631 ms
[2026-02-03T19:38:33.613Z] 
[2026-02-03T19:38:33.614Z] ┃ Local    http://localhost:3000/
[2026-02-03T19:38:33.614Z] ┃ Network  http://169.254.0.21:3000/
[2026-02-03T19:38:33.615Z] 
[2026-02-03T19:38:33.615Z] 14:38:33 watching for file changes...
[2026-02-03T19:38:38.142Z] 14:38:38 [200] / 692ms
[2026-02-03T19:38:38.335Z] 14:38:38 [200] / 33ms
[2026-02-03T19:38:48.365Z] 14:38:48 [200] / 70ms
[2026-02-03T19:38:48.567Z] 14:38:48 [200] / 63ms
[2026-02-03T19:39:00.624Z] 14:39:00 [200] / 75ms
[2026-02-03T19:39:01.157Z] 14:39:01 [200] / 71ms
[2026-02-03T19:39:01.918Z] 14:39:01 [200] / 73ms
[2026-02-03T19:39:05.704Z] 14:39:05 [200] / 69ms
[2026-02-03T19:39:06.391Z] 14:39:06 [200] / 77ms
[2026-02-03T19:39:09.346Z] 14:39:09 [200] / 72ms
[2026-02-03T19:39:11.386Z] 14:39:11 [200] / 72ms
[2026-02-03T19:39:12.352Z] 14:39:12 [200] / 72ms
[2026-02-03T19:39:19.326Z] 14:39:19 [200] / 53ms
[2026-02-03T19:39:20.322Z] 14:39:20 [200] / 47ms
[2026-02-03T19:39:27.325Z] 14:39:27 [200] / 52ms
[2026-02-03T19:39:35.869Z] 14:39:35 [200] / 50ms
[2026-02-03T19:39:37.327Z] 14:39:37 [200] / 49ms
[2026-02-03T19:39:42.331Z] 14:39:42 [200] / 48ms
[2026-02-03T19:39:42.524Z] 14:39:42 [200] / 51ms
[2026-02-03T19:39:47.318Z] 14:39:47 [200] / 47ms
[2026-02-03T19:39:48.342Z] 14:39:48 [200] / 47ms
[2026-02-03T19:39:51.326Z] 14:39:51 [200] / 48ms
[2026-02-03T19:39:53.317Z] 14:39:53 [200] / 48ms
[2026-02-03T19:39:55.319Z] 14:39:55 [200] / 45ms
[2026-02-03T19:39:58.706Z] 14:39:58 [watch] src/pages/blog/fehler-solarkauf.astro
[2026-02-03T19:39:58.707Z] 14:39:58 [watch] src/pages/blog/fehler-solarkauf.astro
[2026-02-03T19:39:59.524Z] 14:39:59 [200] / 132ms
[2026-02-03T19:39:59.711Z] 14:39:59 [200] / 48ms
[2026-02-03T19:39:59.982Z] 14:39:59 [200] / 49ms
[2026-02-03T19:40:00.214Z] 14:40:00 [200] / 51ms
[2026-02-03T19:40:01.338Z] 14:40:01 [200] / 53ms
[2026-02-03T19:40:01.528Z] 14:40:01 [200] / 45ms
[2026-02-03T19:40:15.322Z] 14:40:15 [200] / 46ms
[2026-02-03T19:40:15.504Z] 14:40:15 [200] / 42ms
[2026-02-03T19:40:22.625Z] 14:40:22 [200] / 48ms
[2026-02-03T19:40:24.314Z] 14:40:24 [200] / 42ms
[2026-02-03T19:40:28.320Z] 14:40:28 [200] / 45ms
[2026-02-03T19:40:29.339Z] 14:40:29 [200] / 45ms
[2026-02-03T19:40:33.315Z] 14:40:33 [200] / 45ms
[2026-02-03T19:40:34.322Z] 14:40:34 [200] / 42ms
[2026-02-03T19:40:35.026Z] 14:40:35 [watch] src/pages/blog/neue-speicher-technologien-2026.astro
[2026-02-03T19:40:35.027Z] 14:40:35 [watch] src/pages/blog/neue-speicher-technologien-2026.astro
[2026-02-03T19:40:35.430Z] 14:40:35 [200] / 97ms
[2026-02-03T19:40:36.720Z] 14:40:36 [200] / 44ms
[2026-02-03T19:40:37.891Z] 14:40:37 [200] / 46ms
[2026-02-03T19:40:45.341Z] 14:40:45 [200] / 45ms
[2026-02-03T19:40:45.526Z] 14:40:45 [200] / 45ms
[2026-02-03T19:40:51.321Z] 14:40:51 [200] / 43ms
[2026-02-03T19:40:51.504Z] 14:40:51 [200] / 47ms
[2026-02-03T19:40:56.329Z] 14:40:56 [200] / 42ms
[2026-02-03T19:40:56.511Z] 14:40:56 [200] / 46ms
[2026-02-03T19:41:00.010Z] 14:41:00 [watch] src/pages/blog/photovoltaik-foerderung-2026.astro
[2026-02-03T19:41:00.011Z] 14:41:00 [watch] src/pages/blog/photovoltaik-foerderung-2026.astro
[2026-02-03T19:41:00.407Z] 14:41:00 [200] / 91ms
[2026-02-03T19:41:00.586Z] 14:41:00 [200] / 42ms
[2026-02-03T19:41:10.320Z] 14:41:10 [200] / 46ms
[2026-02-03T19:41:11.734Z] 14:41:11 [200] / 58ms
[2026-02-03T19:41:13.607Z] 14:41:13 [200] / 43ms
[2026-02-03T19:41:25.330Z] 14:41:25 [200] / 45ms
[2026-02-03T19:41:26.521Z] 14:41:26 [200] / 45ms
[2026-02-03T19:41:31.323Z] 14:41:31 [200] / 43ms
[2026-02-03T19:41:33.319Z] 14:41:33 [200] / 41ms
[2026-02-03T19:41:36.306Z] 14:41:36 [200] / 43ms
[2026-02-03T19:41:37.085Z] 14:41:37 [watch] src/pages/blog/photovoltaik-kosten-2026.astro
[2026-02-03T19:41:37.087Z] 14:41:37 [watch] src/pages/blog/photovoltaik-kosten-2026.astro
[2026-02-03T19:41:38.397Z] 14:41:38 [200] / 92ms
[2026-02-03T19:41:41.348Z] 14:41:41 [200] / 45ms
[2026-02-03T19:41:42.539Z] 14:41:42 [200] / 42ms
[2026-02-03T19:41:48.338Z] 14:41:48 [200] / 44ms
[2026-02-03T19:41:51.311Z] 14:41:51 [200] / 42ms
[2026-02-03T19:41:52.319Z] 14:41:52 [200] / 45ms
[2026-02-03T19:41:53.373Z] 14:41:53 [200] / 42ms
[2026-02-03T19:41:56.324Z] 14:41:56 [200] / 48ms
[2026-02-03T19:41:58.327Z] 14:41:58 [200] / 53ms
[2026-02-03T19:42:00.318Z] 14:42:00 [200] / 44ms
[2026-02-03T19:42:03.307Z] 14:42:03 [200] / 42ms
[2026-02-03T19:42:04.519Z] 14:42:04 [watch] src/pages/service.astro
[2026-02-03T19:42:04.520Z] 14:42:04 [watch] src/pages/service.astro
[2026-02-03T19:42:05.399Z] 14:42:05 [200] / 88ms
[2026-02-03T19:42:06.104Z] 14:42:06 [200] / 44ms
[2026-02-03T19:42:06.632Z] 14:42:06 [200] / 41ms
[2026-02-03T19:42:07.311Z] 14:42:07 [200] / 41ms
[2026-02-03T19:42:08.317Z] 14:42:08 [200] / 45ms
[2026-02-03T19:42:19.318Z] 14:42:19 [200] / 46ms
[2026-02-03T19:42:20.319Z] 14:42:20 [200] / 41ms
[2026-02-03T19:42:25.325Z] 14:42:25 [200] / 46ms
[2026-02-03T19:42:25.509Z] 14:42:25 [200] / 43ms
[2026-02-03T19:42:29.334Z] 14:42:29 [200] / 59ms
[2026-02-03T19:42:30.312Z] 14:42:30 [200] / 40ms
[2026-02-03T19:42:34.328Z] 14:42:34 [200] / 46ms
[2026-02-03T19:42:34.511Z] 14:42:34 [200] / 45ms
[2026-02-03T19:42:38.362Z] 14:42:38 [200] / 80ms
[2026-02-03T19:42:39.348Z] 14:42:39 [200] / 77ms
[2026-02-03T19:42:43.326Z] 14:42:43 [200] / 51ms
[2026-02-03T19:42:44.339Z] 14:42:44 [200] / 51ms
[2026-02-03T19:42:48.333Z] 14:42:48 [200] / 60ms
[2026-02-03T19:42:49.330Z] 14:42:49 [200] / 52ms
[2026-02-03T19:42:52.325Z] 14:42:52 [200] / 47ms
[2026-02-03T19:42:54.317Z] 14:42:54 [200] / 44ms
[2026-02-03T19:42:56.328Z] 14:42:56 [200] / 50ms
[2026-02-03T19:42:59.324Z] 14:42:59 [200] / 44ms
[2026-02-03T19:43:00.849Z] 14:43:00 [200] / 46ms
[2026-02-03T19:43:01.324Z] 14:43:01 [200] / 49ms
[2026-02-03T19:43:03.318Z] 14:43:03 [200] / 44ms
[2026-02-03T19:43:07.315Z] 14:43:07 [200] / 45ms
[2026-02-03T19:43:08.328Z] 14:43:08 [200] / 44ms
[2026-02-03T19:43:31.968Z] 14:43:31 [200] / 70ms
[2026-02-03T19:43:36.345Z] 14:43:36 [200] / 73ms
[2026-02-03T19:43:39.316Z] 14:43:39 [200] / 47ms
[2026-02-03T19:43:41.322Z] 14:43:41 [200] / 49ms
[2026-02-03T19:43:44.326Z] 14:43:44 [200] / 47ms
[2026-02-03T19:43:46.315Z] 14:43:46 [200] / 46ms
[2026-02-03T19:43:49.316Z] 14:43:49 [200] / 47ms
[2026-02-03T19:43:53.329Z] 14:43:53 [200] / 46ms
[2026-02-03T20:29:23.657Z] 15:29:23 [200] / 54ms
[2026-02-03T22:57:42.036Z] 17:57:42 [200] / 278ms
[2026-02-03T22:57:51.096Z] 17:57:51 [200] / 47ms
[2026-02-03T22:58:00.712Z] 17:58:00 [watch] src/pages/blog/stromspeicher-2026-lohnt-sich.astro
[2026-02-03T22:58:00.713Z] 17:58:00 [watch] src/pages/blog/stromspeicher-2026-lohnt-sich.astro
[2026-02-03T22:58:01.774Z] 17:58:01 [200] / 118ms
[2026-02-03T22:58:02.129Z] 17:58:02 [200] / 219ms
[2026-02-03T22:58:14.865Z] 17:58:14 [200] / 47ms
[2026-02-03T22:58:20.291Z] 17:58:20 [200] / 49ms
[2026-02-03T22:58:21.957Z] 17:58:21 [200] / 44ms
[2026-02-03T22:58:24.825Z] 17:58:24 [watch] src/pages/blog/stromspeicher-nachruesten.astro
[2026-02-03T22:58:24.826Z] 17:58:24 [watch] src/pages/blog/stromspeicher-nachruesten.astro
[2026-02-03T22:58:25.021Z] 17:58:25 [200] / 124ms
[2026-02-03T22:58:25.273Z] 17:58:25 [200] / 52ms
[2026-02-03T22:58:25.462Z] 17:58:25 [200] / 51ms
[2026-02-03T22:58:25.646Z] 17:58:25 [200] / 48ms
[2026-02-03T22:58:27.534Z] 17:58:27 [200] / 42ms
[2026-02-03T22:58:28.261Z] 17:58:28 [200] / 45ms
[2026-02-03T22:58:35.519Z] 17:58:35 [200] / 45ms
[2026-02-03T22:58:45.791Z] 17:58:45 [watch] src/pages/blog/stromspeicher-vergleich-2026.astro
[2026-02-03T22:58:45.793Z] 17:58:45 [watch] src/pages/blog/stromspeicher-vergleich-2026.astro
[2026-02-03T22:58:46.410Z] 17:58:46 [200] / 102ms
[2026-02-03T22:58:46.590Z] 17:58:46 [200] / 44ms
[2026-02-03T22:58:46.785Z] 17:58:46 [200] / 58ms
[2026-02-03T22:58:46.966Z] 17:58:46 [200] / 46ms
[2026-02-03T22:58:48.230Z] 17:58:48 [200] / 48ms
[2026-02-03T22:58:49.255Z] 17:58:49 [200] / 47ms
[2026-02-03T22:58:49.439Z] 17:58:49 [200] / 45ms
[2026-02-03T22:59:05.907Z] 17:59:05 [watch] src/pages/blog/wartungstipps-winter.astro
[2026-02-03T22:59:05.909Z] 17:59:05 [watch] src/pages/blog/wartungstipps-winter.astro
[2026-02-03T22:59:06.378Z] 17:59:06 [200] / 93ms
[2026-02-03T22:59:06.581Z] 17:59:06 [200] / 46ms
[2026-02-03T22:59:06.762Z] 17:59:06 [200] / 45ms
[2026-02-03T22:59:06.949Z] 17:59:06 [200] / 47ms
[2026-02-03T22:59:07.920Z] 17:59:07 [200] / 42ms
[2026-02-03T22:59:09.845Z] 17:59:09 [200] / 43ms
[2026-02-03T22:59:14.439Z] 17:59:14 [200] / 46ms
[2026-02-03T22:59:16.327Z] 17:59:16 [200] / 49ms
[2026-02-03T22:59:21.283Z] 17:59:21 [200] / 57ms
[2026-02-03T22:59:22.274Z] 17:59:22 [200] / 48ms
[2026-02-03T22:59:22.324Z] 17:59:22 [200] / 46ms
[2026-02-03T22:59:26.271Z] 17:59:26 [200] / 42ms
[2026-02-03T22:59:27.267Z] 17:59:27 [200] / 42ms
[2026-02-03T22:59:31.277Z] 17:59:31 [watch] src/pages/blog/solar-leipzig.astro
[2026-02-03T22:59:31.279Z] 17:59:31 [watch] src/pages/blog/solar-leipzig.astro
[2026-02-03T22:59:32.517Z] 17:59:32 [200] / 203ms
[2026-02-03T22:59:32.694Z] 17:59:32 [200] / 42ms
[2026-02-03T22:59:32.871Z] 17:59:32 [200] / 42ms
[2026-02-03T22:59:33.047Z] 17:59:33 [200] / 42ms
[2026-02-03T22:59:33.225Z] 17:59:33 [200] / 45ms
[2026-02-03T22:59:38.485Z] 17:59:38 [200] / 43ms
[2026-02-03T22:59:40.308Z] 17:59:40 [200] / 43ms
[2026-02-03T22:59:43.251Z] 17:59:43 [200] / 44ms
[2026-02-03T22:59:46.875Z] 17:59:46 [200] / 42ms
[2026-02-03T22:59:48.294Z] 17:59:48 [200] / 49ms
[2026-02-03T22:59:51.574Z] 17:59:51 [watch] src/pages/blog/solaranlage-wartung.astro
[2026-02-03T22:59:51.575Z] 17:59:51 [watch] src/pages/blog/solaranlage-wartung.astro
[2026-02-03T22:59:52.378Z] 17:59:52 [200] / 98ms
[2026-02-03T22:59:52.560Z] 17:59:52 [200] / 43ms
[2026-02-03T22:59:52.738Z] 17:59:52 [200] / 42ms
[2026-02-03T22:59:52.916Z] 17:59:52 [200] / 44ms
[2026-02-03T22:59:53.094Z] 17:59:53 [200] / 41ms
[2026-02-03T22:59:53.276Z] 17:59:53 [200] / 42ms
[2026-02-03T22:59:53.468Z] 17:59:53 [200] / 48ms
[2026-02-03T22:59:53.669Z] 17:59:53 [200] / 61ms
[2026-02-03T22:59:54.267Z] 17:59:54 [200] / 44ms
[2026-02-03T23:00:07.495Z] 18:00:07 [200] / 59ms
[2026-02-03T23:00:11.279Z] 18:00:11 [200] / 42ms
[2026-02-03T23:00:12.267Z] 18:00:12 [200] / 43ms
[2026-02-03T23:00:16.305Z] 18:00:16 [200] / 42ms
[2026-02-03T23:00:18.267Z] 18:00:18 [200] / 41ms
[2026-02-03T23:00:20.258Z] 18:00:20 [200] / 41ms
[2026-02-03T23:00:29.109Z] 18:00:29 [200] / 43ms
[2026-02-03T23:00:39.052Z] 18:00:39 [200] / 46ms
[2026-02-03T23:00:41.334Z] 18:00:41 [200] / 48ms
[2026-02-03T23:00:52.086Z] 18:00:52 [200] / 47ms
[2026-02-03T23:01:02.093Z] 18:01:02 [200] / 54ms
[2026-02-03T23:01:02.282Z] 18:01:02 [200] / 53ms
[2026-02-03T23:01:04.271Z] 18:01:04 [200] / 46ms
[2026-02-03T23:01:07.266Z] 18:01:07 [200] / 44ms
[2026-02-03T23:01:08.558Z] 18:01:08 [200] / 43ms
[2026-02-03T23:01:09.268Z] 18:01:09 [200] / 43ms
[2026-02-03T23:01:11.268Z] 18:01:11 [200] / 47ms
[2026-02-03T23:01:13.294Z] 18:01:13 [200] / 51ms
[2026-02-03T23:01:16.284Z] 18:01:16 [200] / 43ms
[2026-02-03T23:01:43.709Z] 18:01:43 [200] / 78ms
[2026-02-03T23:02:01.514Z] 18:02:01 [200] / 72ms
[2026-02-03T23:02:04.274Z] 18:02:04 [200] / 48ms
[2026-02-03T23:02:05.969Z] 18:02:05 [200] / 48ms
[2026-02-03T23:02:08.288Z] 18:02:08 [200] / 60ms
[2026-02-03T23:02:08.637Z] 18:02:08 [200] / 54ms
[2026-02-03T23:02:11.281Z] 18:02:11 [200] / 46ms
[2026-02-03T23:02:13.270Z] 18:02:13 [200] / 47ms
[2026-02-03T23:02:13.935Z] 18:02:13 [200] / 46ms
[2026-02-03T23:02:16.567Z] 18:02:16 [200] / 45ms
[2026-02-03T23:02:18.266Z] 18:02:18 [200] / 44ms
[2026-02-03T23:02:23.274Z] 18:02:23 [200] / 45ms
[2026-02-03T23:02:27.257Z] 18:02:27 [200] / 43ms
[2026-02-03T23:02:32.275Z] 18:02:32 [200] / 43ms
[2026-02-03T23:02:37.281Z] 18:02:37 [200] / 56ms
[2026-02-03T23:02:42.267Z] 18:02:42 [200] / 46ms
[2026-02-03T23:02:47.272Z] 18:02:47 [200] / 43ms
[2026-02-03T23:02:52.274Z] 18:02:52 [200] / 44ms
[2026-02-03T23:04:19.415Z] 18:04:19 [200] / 54ms
[2026-02-03T23:04:22.438Z] 18:04:22 [200] / 48ms
[2026-02-03T23:04:25.089Z] 18:04:25 [200] / 47ms
[2026-02-03T23:04:27.017Z] 18:04:27 [200] / 47ms
[2026-02-03T23:04:27.799Z] 18:04:27 [200] / 45ms
[2026-02-03T23:04:30.425Z] 18:04:30 [200] / 44ms
[2026-02-03T23:04:32.275Z] 18:04:32 [200] / 44ms
[2026-02-03T23:04:33.215Z] 18:04:33 [200] / 47ms
[2026-02-03T23:04:36.049Z] 18:04:36 [200] / 53ms
[2026-02-03T23:04:42.281Z] 18:04:42 [200] / 56ms
[2026-02-03T23:04:43.265Z] 18:04:43 [200] / 49ms
[2026-02-03T23:04:46.271Z] 18:04:46 [200] / 45ms
[2026-02-03T23:04:48.270Z] 18:04:48 [200] / 47ms
[2026-02-03T23:04:51.270Z] 18:04:51 [200] / 45ms
[2026-02-03T23:04:53.264Z] 18:04:53 [200] / 46ms
[2026-02-03T23:04:56.292Z] 18:04:56 [200] / 64ms
[2026-02-03T23:04:58.271Z] 18:04:58 [200] / 47ms
[2026-02-03T23:05:02.287Z] 18:05:02 [200] / 50ms
[2026-02-03T23:05:02.473Z] 18:05:02 [200] / 46ms
[2026-02-03T23:05:07.276Z] 18:05:07 [200] / 46ms
[2026-02-03T23:05:07.460Z] 18:05:07 [200] / 47ms
[2026-02-03T23:05:12.267Z] 18:05:12 [200] / 40ms
[2026-02-03T23:05:12.447Z] 18:05:12 [200] / 43ms
[2026-02-03T23:05:16.312Z] 18:05:16 [200] / 44ms
[2026-02-03T23:05:17.285Z] 18:05:17 [200] / 50ms
[2026-02-03T23:05:21.284Z] 18:05:21 [200] / 62ms
[2026-02-03T23:05:22.269Z] 18:05:22 [200] / 44ms
[2026-02-03T23:05:26.266Z] 18:05:26 [200] / 42ms
[2026-02-03T23:05:27.267Z] 18:05:27 [200] / 46ms
[2026-02-03T23:05:30.259Z] 18:05:30 [200] / 42ms
[2026-02-03T23:05:34.316Z] 18:05:34 [200] / 50ms
[2026-02-03T23:05:38.315Z] 18:05:38 [200] / 50ms
[2026-02-03T23:05:43.271Z] 18:05:43 [200] / 43ms
[2026-02-03T23:05:47.278Z] 18:05:47 [200] / 41ms
[2026-02-03T23:14:32.975Z] 18:14:32 [200] / 44ms
[2026-02-03T23:14:35.857Z] 18:14:35 [200] / 48ms
[2026-02-03T23:14:38.635Z] 18:14:38 [200] / 54ms
[2026-02-03T23:14:41.434Z] 18:14:41 [200] / 65ms
[2026-02-03T23:14:44.202Z] 18:14:44 [200] / 53ms
[2026-02-03T23:14:46.862Z] 18:14:46 [200] / 49ms
[2026-02-03T23:14:49.649Z] 18:14:49 [200] / 67ms
[2026-02-03T23:14:52.351Z] 18:14:52 [200] / 44ms
[2026-02-03T23:14:55.007Z] 18:14:55 [200] / 47ms
[2026-02-03T23:14:57.662Z] 18:14:57 [200] / 48ms
[2026-02-03T23:15:00.341Z] 18:15:00 [200] / 58ms
[2026-02-03T23:15:03.006Z] 18:15:03 [200] / 44ms
[2026-02-03T23:15:05.650Z] 18:15:05 [200] / 43ms
[2026-02-03T23:15:08.436Z] 18:15:08 [200] / 43ms
[2026-02-03T23:15:11.121Z] 18:15:11 [200] / 53ms
[2026-02-03T23:15:13.818Z] 18:15:13 [200] / 44ms
[2026-02-03T23:15:16.481Z] 18:15:16 [200] / 46ms
[2026-02-03T23:19:14.443Z] 18:19:14 [watch] src/pages/standorte/photovoltaik-anbieter-leipzig.astro
[2026-02-03T23:19:14.444Z] 18:19:14 [watch] src/pages/standorte/photovoltaik-anbieter-leipzig.astro
[2026-02-03T23:19:15.414Z] 18:19:15 [200] / 100ms
[2026-02-03T23:19:15.685Z] 18:19:15 [200] / 48ms
[2026-02-03T23:19:23.289Z] 18:19:23 [200] / 47ms
[2026-02-03T23:19:29.310Z] 18:19:29 [200] / 44ms
[2026-02-03T23:19:33.275Z] 18:19:33 [200] / 44ms
[2026-02-03T23:19:34.780Z] 18:19:34 [watch] src/pages/standorte/solarteur-leipzig.astro
[2026-02-03T23:19:34.781Z] 18:19:34 [watch] src/pages/standorte/solarteur-leipzig.astro
[2026-02-03T23:19:35.376Z] 18:19:35 [200] / 85ms
[2026-02-03T23:19:36.553Z] 18:19:36 [200] / 44ms
[2026-02-03T23:19:48.879Z] 18:19:48 [200] / 42ms
[2026-02-03T23:19:54.324Z] 18:19:54 [200] / 43ms
[2026-02-03T23:20:00.263Z] 18:20:00 [200] / 45ms
[2026-02-03T23:20:05.321Z] 18:20:05 [200] / 46ms
[2026-02-03T23:20:08.839Z] 18:20:08 [200] / 48ms
[2026-02-03T23:20:10.278Z] 18:20:10 [200] / 44ms
[2026-02-03T23:20:15.277Z] 18:20:15 [200] / 59ms
[2026-02-03T23:20:20.277Z] 18:20:20 [200] / 44ms
[2026-02-03T23:20:25.269Z] 18:20:25 [200] / 43ms
[2026-02-03T23:20:30.259Z] 18:20:30 [200] / 42ms
[2026-02-03T23:20:35.282Z] 18:20:35 [200] / 44ms
[2026-02-03T23:20:38.038Z] 18:20:38 [200] / 42ms
[2026-02-03T23:20:39.269Z] 18:20:39 [200] / 43ms
[2026-02-03T23:20:44.298Z] 18:20:44 [200] / 55ms
[2026-02-03T23:21:01.244Z] 18:21:01 [200] / 42ms
[2026-02-03T23:21:26.357Z] 18:21:26 [200] / 60ms
[2026-02-03T23:21:31.344Z] 18:21:31 [200] / 81ms
[2026-02-03T23:21:36.264Z] 18:21:36 [200] / 44ms
[2026-02-03T23:21:40.271Z] 18:21:40 [200] / 44ms
[2026-02-03T23:21:45.267Z] 18:21:45 [200] / 45ms
[2026-02-03T23:21:50.280Z] 18:21:50 [200] / 45ms
[2026-02-03T23:21:54.269Z] 18:21:54 [200] / 45ms
[2026-02-03T23:32:28.611Z] 18:32:28 [watch] src/pages/gewerbe-photovoltaik-leipzig.astro
[2026-02-03T23:32:28.612Z] 18:32:28 [watch] src/pages/gewerbe-photovoltaik-leipzig.astro
[2026-02-03T23:32:52.149Z] 18:32:52 [200] / 99ms
[2026-02-03T23:33:00.299Z] 18:33:00 [200] / 47ms
[2026-02-03T23:33:05.274Z] 18:33:05 [200] / 45ms
[2026-02-03T23:33:09.956Z] 18:33:09 [200] / 46ms
[2026-02-03T23:33:12.623Z] 18:33:12 [200] / 45ms
[2026-02-03T23:33:15.338Z] 18:33:15 [200] / 43ms
[2026-02-03T23:33:18.102Z] 18:33:18 [200] / 48ms
[2026-02-03T23:33:21.007Z] 18:33:21 [200] / 45ms
[2026-02-03T23:33:23.767Z] 18:33:23 [200] / 53ms
[2026-02-03T23:33:27.261Z] 18:33:27 [200] / 43ms
[2026-02-03T23:33:32.276Z] 18:33:32 [200] / 54ms
[2026-02-03T23:33:41.903Z] 18:33:41 [200] / 45ms
[2026-02-03T23:33:47.271Z] 18:33:47 [200] / 45ms
[2026-02-03T23:33:54.269Z] 18:33:54 [200] / 49ms
[2026-02-03T23:33:59.281Z] 18:33:59 [200] / 64ms
[2026-02-03T23:34:02.463Z] 18:34:02 [200] / 55ms
[2026-02-03T23:34:05.288Z] 18:34:05 [200] / 44ms
[2026-02-03T23:35:35.007Z] 18:35:35 [200] / 52ms
[2026-02-03T23:35:39.293Z] 18:35:39 [200] / 51ms
[2026-02-03T23:35:44.283Z] 18:35:44 [200] / 55ms
[2026-02-03T23:35:49.267Z] 18:35:49 [200] / 49ms
[2026-02-03T23:35:54.280Z] 18:35:54 [200] / 67ms
[2026-02-03T23:35:57.583Z] 18:35:57 [200] / 46ms
[2026-02-03T23:35:59.271Z] 18:35:59 [200] / 45ms
[2026-02-03T23:36:04.273Z] 18:36:04 [200] / 43ms
[2026-02-03T23:36:38.899Z] 18:36:38 [200] / 47ms
[2026-02-03T23:36:48.269Z] 18:36:48 [200] / 47ms
[2026-02-03T23:36:53.267Z] 18:36:53 [200] / 45ms
[2026-02-03T23:36:58.320Z] 18:36:58 [200] / 46ms
[2026-02-03T23:37:03.266Z] 18:37:03 [200] / 46ms
[2026-02-03T23:37:08.276Z] 18:37:08 [200] / 46ms
[2026-02-03T23:37:13.257Z] 18:37:13 [200] / 44ms
[2026-02-03T23:37:18.258Z] 18:37:18 [200] / 41ms
[2026-02-03T23:37:23.273Z] 18:37:23 [200] / 47ms
[2026-02-03T23:37:27.990Z] 18:37:27 [200] / 43ms
[2026-02-03T23:39:32.489Z] 18:39:32 [200] / 50ms
[2026-02-03T23:39:35.251Z] 18:39:35 [200] / 49ms
[2026-02-03T23:39:38.040Z] 18:39:38 [200] / 53ms
[2026-02-03T23:39:40.735Z] 18:39:40 [200] / 57ms
[2026-02-03T23:39:43.448Z] 18:39:43 [200] / 59ms
[2026-02-03T23:39:46.157Z] 18:39:46 [200] / 46ms
[2026-02-03T23:39:48.948Z] 18:39:48 [200] / 46ms
[2026-02-03T23:39:51.622Z] 18:39:51 [200] / 43ms
[2026-02-03T23:39:54.264Z] 18:39:54 [200] / 46ms
[2026-02-03T23:39:56.967Z] 18:39:56 [200] / 44ms
[2026-02-03T23:39:59.629Z] 18:39:59 [200] / 46ms
[2026-02-03T23:40:02.433Z] 18:40:02 [200] / 43ms
[2026-02-03T23:40:05.232Z] 18:40:05 [200] / 42ms
[2026-02-03T23:40:07.897Z] 18:40:07 [200] / 42ms
[2026-02-03T23:40:10.606Z] 18:40:10 [200] / 42ms
[2026-02-03T23:40:13.302Z] 18:40:13 [200] / 44ms
[2026-02-03T23:40:16.012Z] 18:40:16 [200] / 42ms
[2026-02-03T23:45:04.562Z] 18:45:04 [200] / 46ms
[2026-02-03T23:45:07.402Z] 18:45:07 [200] / 45ms
[2026-02-03T23:45:10.230Z] 18:45:10 [200] / 46ms
[2026-02-03T23:45:13.023Z] 18:45:13 [200] / 44ms
[2026-02-03T23:45:15.671Z] 18:45:15 [200] / 44ms
[2026-02-03T23:45:18.453Z] 18:45:18 [200] / 43ms
[2026-02-03T23:45:21.190Z] 18:45:21 [200] / 44ms
[2026-02-03T23:45:23.958Z] 18:45:23 [200] / 44ms
[2026-02-03T23:45:26.678Z] 18:45:26 [200] / 43ms
[2026-02-03T23:45:29.500Z] 18:45:29 [200] / 47ms
[2026-02-03T23:45:32.152Z] 18:45:32 [200] / 42ms
[2026-02-03T23:45:34.794Z] 18:45:34 [200] / 45ms
[2026-02-03T23:45:37.495Z] 18:45:37 [200] / 45ms
[2026-02-03T23:45:40.313Z] 18:45:40 [200] / 66ms
[2026-02-03T23:45:42.990Z] 18:45:42 [200] / 52ms
[2026-02-03T23:45:45.815Z] 18:45:45 [200] / 61ms
[2026-02-03T23:45:48.538Z] 18:45:48 [200] / 46ms
[2026-02-04T10:42:51.481Z] 05:42:51 [200] HEAD / 374ms
[2026-02-04T10:42:51.541Z] 05:42:51 [200] HEAD / 55ms
[2026-02-04T10:42:51.725Z] 05:42:51 [200] / 171ms
[2026-02-04T10:42:54.882Z] 05:42:54 [200] / 46ms
[2026-02-04T10:42:57.664Z] 05:42:57 [200] / 95ms
[2026-02-04T10:43:00.303Z] 05:43:00 [200] / 50ms
[2026-02-04T10:43:03.035Z] 05:43:03 [200] / 47ms
[2026-02-04T10:43:05.713Z] 05:43:05 [200] / 47ms
[2026-02-04T10:43:08.444Z] 05:43:08 [200] / 47ms
[2026-02-04T10:43:16.352Z] Starting dev server with command: pnpm run dev
[2026-02-04T10:43:16.629Z] 
[2026-02-04T10:43:16.629Z] > senec-design@0.0.1 dev /home/ubuntu/senec-design
[2026-02-04T10:43:16.630Z] > astro dev --host
[2026-02-04T10:43:16.630Z] 
[2026-02-04T10:43:20.225Z] 05:43:20 [types] Generated 0ms
[2026-02-04T10:43:20.248Z] 05:43:20 [content] Syncing content
[2026-02-04T10:43:20.277Z] 05:43:20 [content] Synced content
[2026-02-04T10:43:20.283Z] 05:43:20 [vite] Re-optimizing dependencies because vite config has changed
[2026-02-04T10:43:20.311Z] 
[2026-02-04T10:43:20.312Z] astro  v5.15.9 ready in 759 ms
[2026-02-04T10:43:20.313Z] 
[2026-02-04T10:43:20.317Z] ┃ Local    http://localhost:3000/
[2026-02-04T10:43:20.318Z] ┃ Network  http://169.254.0.21:3000/
[2026-02-04T10:43:20.334Z] 
[2026-02-04T10:43:20.335Z] 05:43:20 watching for file changes...
[2026-02-04T10:43:58.704Z] 05:43:58 [200] / 783ms
[2026-02-04T10:44:10.137Z] 05:44:10 [200] / 73ms
[2026-02-04T10:44:11.612Z] 05:44:11 [watch] src/components/Footer.astro
[2026-02-04T10:44:11.613Z] 05:44:11 [watch] src/components/Footer.astro
[2026-02-04T10:44:12.270Z] 05:44:12 [200] / 125ms
[2026-02-04T10:44:12.845Z] 05:44:12 [200] / 68ms
[2026-02-04T10:44:17.138Z] 05:44:17 [200] / 75ms
[2026-02-04T10:44:28.161Z] 05:44:28 [200] / 83ms
[2026-02-04T10:44:33.149Z] 05:44:33 [200] / 79ms
[2026-02-04T10:44:38.121Z] 05:44:38 [200] / 63ms
[2026-02-04T10:44:45.227Z] 05:44:45 [200] / 56ms
[2026-02-04T10:44:46.120Z] 05:44:46 [200] / 55ms
[2026-02-04T10:44:52.113Z] 05:44:52 [200] / 55ms
[2026-02-04T10:45:20.847Z] 05:45:20 [200] / 55ms
[2026-02-04T10:45:30.118Z] 05:45:30 [200] / 58ms
[2026-02-04T10:45:34.118Z] 05:45:34 [200] / 52ms
[2026-02-04T10:45:35.020Z] 05:45:35 [watch] src/pages/referenzen.astro
[2026-02-04T10:45:35.021Z] 05:45:35 [watch] src/pages/referenzen.astro
[2026-02-04T10:45:36.129Z] 05:45:36 [200] / 122ms
[2026-02-04T10:45:45.118Z] 05:45:45 [200] / 51ms
[2026-02-04T10:45:48.022Z] 05:45:48 [watch] src/pages/stromspeicher.astro
[2026-02-04T10:45:48.022Z] 05:45:48 [watch] src/pages/stromspeicher.astro
[2026-02-04T10:45:48.964Z] 05:45:48 [200] / 104ms
[2026-02-04T10:45:50.118Z] 05:45:50 [200] / 47ms
[2026-02-04T10:45:59.940Z] 05:45:59 [watch] src/pages/blog/solar-leipzig.astro
[2026-02-04T10:45:59.940Z] 05:45:59 [watch] src/pages/blog/solar-leipzig.astro
[2026-02-04T10:46:01.231Z] 05:46:01 [200] / 104ms
[2026-02-04T10:46:04.284Z] 05:46:04 [200] / 49ms
[2026-02-04T10:46:26.468Z] 05:46:26 [200] / 51ms
[2026-02-04T10:46:31.116Z] 05:46:31 [200] / 51ms
[2026-02-04T10:46:36.121Z] 05:46:36 [200] / 51ms
[2026-02-04T10:46:40.121Z] 05:46:40 [200] / 50ms
[2026-02-04T10:46:45.116Z] 05:46:45 [200] / 54ms
[2026-02-04T10:46:50.145Z] 05:46:50 [200] / 80ms
[2026-02-04T10:46:55.111Z] 05:46:55 [200] / 51ms
[2026-02-04T10:47:00.131Z] 05:47:00 [200] / 50ms
[2026-02-04T10:47:05.127Z] 05:47:05 [200] / 64ms
[2026-02-04T10:47:08.020Z] 05:47:08 [200] / 50ms
[2026-02-04T10:47:10.101Z] 05:47:10 [200] / 47ms
[2026-02-04T10:47:15.136Z] 05:47:15 [200] / 50ms
[2026-02-04T10:47:44.730Z] 05:47:44 [200] / 78ms
[2026-02-04T10:47:51.143Z] 05:47:51 [200] / 84ms
[2026-02-04T10:47:55.119Z] 05:47:55 [200] / 54ms
[2026-02-04T10:48:00.106Z] 05:48:00 [200] / 52ms
[2026-02-04T10:48:05.117Z] 05:48:05 [200] / 54ms
[2026-02-04T11:05:36.928Z] 06:05:36 [200] / 57ms
[2026-02-04T11:05:40.058Z] 06:05:40 [200] / 57ms
[2026-02-04T11:05:42.762Z] 06:05:42 [200] / 52ms
[2026-02-04T11:05:45.418Z] 06:05:45 [200] / 55ms
[2026-02-04T11:05:48.094Z] 06:05:48 [200] / 58ms
[2026-02-04T11:05:50.786Z] 06:05:50 [200] / 72ms
[2026-02-04T11:05:53.433Z] 06:05:53 [200] / 66ms
[2026-02-04T11:05:56.099Z] 06:05:56 [200] / 52ms
[2026-02-04T11:05:58.783Z] 06:05:58 [200] / 88ms
[2026-02-04T11:06:01.432Z] 06:06:01 [200] / 56ms
[2026-02-04T11:06:04.080Z] 06:06:04 [200] / 50ms
[2026-02-04T11:06:06.687Z] 06:06:06 [200] / 49ms
[2026-02-04T11:06:09.332Z] 06:06:09 [200] / 51ms
[2026-02-04T11:06:12.010Z] 06:06:12 [200] / 69ms
[2026-02-04T11:06:14.644Z] 06:06:14 [200] / 48ms
[2026-02-04T11:06:17.305Z] 06:06:17 [200] / 48ms
[2026-02-04T11:06:19.945Z] 06:06:19 [200] / 51ms
[2026-02-04T11:09:53.626Z] 06:09:53 [200] / 74ms
[2026-02-04T11:10:33.706Z] 06:10:33 [200] / 54ms
[2026-02-04T11:10:36.046Z] 06:10:36 [200] / 50ms
[2026-02-04T11:10:38.129Z] 06:10:38 [200] / 74ms
[2026-02-04T11:10:43.109Z] 06:10:43 [200] / 50ms
[2026-02-04T11:10:48.117Z] 06:10:48 [200] / 51ms
[2026-02-04T11:11:17.832Z] 06:11:17 [200] / 53ms
[2026-02-04T11:11:26.162Z] 06:11:26 [200] / 107ms
[2026-02-04T11:11:31.148Z] 06:11:31 [200] / 101ms
[2026-02-04T11:11:36.116Z] 06:11:36 [200] / 57ms
[2026-02-04T11:11:41.106Z] 06:11:41 [200] / 52ms
[2026-02-04T11:11:46.099Z] 06:11:46 [200] / 52ms
[2026-02-04T11:11:51.102Z] 06:11:51 [200] / 51ms
[2026-02-04T11:11:56.136Z] 06:11:56 [200] / 73ms
[2026-02-04T11:12:01.105Z] 06:12:01 [200] / 58ms
[2026-02-04T11:12:06.105Z] 06:12:06 [200] / 49ms
[2026-02-04T11:12:11.147Z] 06:12:11 [200] / 86ms
[2026-02-04T11:12:16.099Z] 06:12:16 [200] / 53ms
[2026-02-04T11:29:10.612Z] 06:29:10 [200] / 52ms
[2026-02-04T11:29:13.383Z] 06:29:13 [200] / 49ms
[2026-02-04T11:29:16.077Z] 06:29:16 [200] / 50ms
[2026-02-04T11:29:18.785Z] 06:29:18 [200] / 47ms
[2026-02-04T11:29:21.511Z] 06:29:21 [200] / 48ms
[2026-02-04T11:29:24.308Z] 06:29:24 [200] / 46ms
[2026-02-04T11:29:26.969Z] 06:29:26 [200] / 50ms
[2026-02-04T11:29:29.685Z] 06:29:29 [200] / 46ms
[2026-02-04T11:29:32.425Z] 06:29:32 [200] / 46ms
[2026-02-04T11:29:35.123Z] 06:29:35 [200] / 47ms
[2026-02-04T11:29:37.794Z] 06:29:37 [200] / 47ms
[2026-02-04T11:29:40.454Z] 06:29:40 [200] / 49ms
[2026-02-04T11:29:43.137Z] 06:29:43 [200] / 51ms
[2026-02-04T11:29:45.800Z] 06:29:45 [200] / 49ms
[2026-02-04T11:29:48.502Z] 06:29:48 [200] / 49ms
[2026-02-04T11:29:51.188Z] 06:29:51 [200] / 48ms
[2026-02-04T11:29:54.020Z] 06:29:54 [200] / 49ms
[2026-02-04T11:41:36.207Z] 06:41:36 [200] / 51ms
[2026-02-04T11:41:39.112Z] 06:41:39 [200] / 49ms
[2026-02-04T12:02:53.410Z] 07:02:53 [200] / 76ms
[2026-02-04T12:02:56.237Z] 07:02:56 [200] / 59ms
[2026-02-04T12:02:59.488Z] 07:02:59 [200] / 52ms
[2026-02-04T12:03:01.032Z] 07:03:01 [200] / 51ms
[2026-02-04T12:03:04.884Z] 07:03:04 [200] / 50ms
[2026-02-04T12:03:05.109Z] 07:03:05 [200] / 64ms
[2026-02-04T12:03:05.309Z] 07:03:05 [200] / 63ms
[2026-02-04T12:03:12.125Z] 07:03:12 [200] / 53ms
[2026-02-04T12:03:19.131Z] 07:03:19 [200] / 86ms
[2026-02-04T12:03:24.095Z] 07:03:24 [200] / 58ms
[2026-02-04T12:03:36.389Z] 07:03:36 [200] / 52ms
[2026-02-04T12:03:59.163Z] 07:03:59 [200] / 74ms
[2026-02-04T12:04:07.126Z] 07:04:07 [200] / 50ms
[2026-02-04T12:04:13.107Z] 07:04:13 [200] / 52ms
[2026-02-04T12:04:15.096Z] 07:04:15 [200] / 49ms
[2026-02-04T12:04:20.097Z] 07:04:20 [200] / 60ms
[2026-02-04T12:04:25.092Z] 07:04:25 [200] / 54ms
[2026-02-04T12:04:30.079Z] 07:04:30 [200] / 49ms
[2026-02-04T12:04:35.098Z] 07:04:35 [200] / 51ms
[2026-02-04T12:04:40.099Z] 07:04:40 [200] / 52ms
[2026-02-04T12:04:45.094Z] 07:04:45 [200] / 56ms
[2026-02-04T12:04:49.742Z] 07:04:49 [200] / 54ms
[2026-02-04T12:04:50.105Z] 07:04:50 [200] / 54ms
[2026-02-04T12:04:56.107Z] 07:04:56 [200] / 53ms
[2026-02-04T12:05:01.085Z] 07:05:01 [200] / 47ms
[2026-02-04T12:05:06.093Z] 07:05:06 [200] / 50ms
[2026-02-04T12:05:16.195Z] 07:05:16 [200] / 57ms
[2026-02-04T12:05:33.105Z] 07:05:33 [200] / 58ms
[2026-02-04T12:05:38.079Z] 07:05:38 [200] / 49ms
[2026-02-04T12:13:59.741Z] 07:13:59 [200] / 51ms
[2026-02-04T12:14:02.524Z] 07:14:02 [200] / 54ms
[2026-02-04T12:14:05.285Z] 07:14:05 [200] / 52ms
[2026-02-04T12:14:07.960Z] 07:14:07 [200] / 50ms
[2026-02-04T12:14:10.741Z] 07:14:10 [200] / 51ms
[2026-02-04T12:14:13.460Z] 07:14:13 [200] / 49ms
[2026-02-04T12:14:16.113Z] 07:14:16 [200] / 45ms
[2026-02-04T12:14:18.764Z] 07:14:18 [200] / 50ms
[2026-02-04T12:14:21.422Z] 07:14:21 [200] / 46ms
[2026-02-04T12:14:24.174Z] 07:14:24 [200] / 53ms
[2026-02-04T12:14:26.818Z] 07:14:26 [200] / 49ms
[2026-02-04T12:14:29.542Z] 07:14:29 [200] / 95ms
[2026-02-04T12:14:32.227Z] 07:14:32 [200] / 50ms
[2026-02-04T12:14:34.882Z] 07:14:34 [200] / 52ms
[2026-02-04T12:14:37.543Z] 07:14:37 [200] / 48ms
[2026-02-04T12:14:40.246Z] 07:14:40 [200] / 50ms
[2026-02-04T12:14:42.951Z] 07:14:42 [200] / 45ms
[2026-02-04T12:24:15.360Z] 07:24:15 [200] / 50ms
[2026-02-04T12:24:58.298Z] 07:24:58 [200] / 48ms
[2026-02-04T12:25:03.079Z] 07:25:03 [200] / 51ms
[2026-02-04T12:25:10.088Z] 07:25:10 [200] / 50ms
[2026-02-04T12:25:14.083Z] 07:25:14 [200] / 47ms
[2026-02-04T12:25:19.078Z] 07:25:19 [200] / 46ms
[2026-02-04T12:25:23.085Z] 07:25:23 [200] / 49ms
[2026-02-04T12:25:27.075Z] 07:25:27 [200] / 44ms
[2026-02-04T12:25:27.821Z] 07:25:27 [200] / 47ms
[2026-02-04T12:25:31.082Z] 07:25:31 [200] / 50ms
[2026-02-04T12:25:36.082Z] 07:25:36 [200] / 46ms
[2026-02-04T12:25:53.964Z] 07:25:53 [200] / 54ms
[2026-02-04T12:25:59.091Z] 07:25:59 [200] / 51ms
[2026-02-04T12:26:04.094Z] 07:26:04 [200] / 54ms
[2026-02-04T12:26:09.086Z] 07:26:09 [200] / 54ms
[2026-02-04T12:26:13.084Z] 07:26:13 [200] / 48ms
[2026-02-04T12:26:17.084Z] 07:26:17 [200] / 48ms
[2026-02-04T12:26:22.082Z] 07:26:22 [200] / 46ms
[2026-02-04T12:40:18.196Z] 07:40:18 [200] / 49ms
[2026-02-04T12:40:24.086Z] 07:40:24 [200] / 51ms
[2026-02-04T12:40:29.098Z] 07:40:29 [200] / 52ms
[2026-02-04T12:40:34.101Z] 07:40:34 [200] / 58ms
[2026-02-04T12:40:39.075Z] 07:40:39 [200] / 48ms
[2026-02-04T12:40:44.076Z] 07:40:44 [200] / 48ms
[2026-02-04T12:40:49.073Z] 07:40:49 [200] / 46ms
[2026-02-04T12:40:54.073Z] 07:40:54 [200] / 46ms
[2026-02-04T12:40:58.072Z] 07:40:58 [200] / 46ms
[2026-02-04T12:41:03.085Z] 07:41:03 [200] / 47ms
[2026-02-04T12:41:08.081Z] 07:41:08 [200] / 49ms
[2026-02-04T12:41:13.082Z] 07:41:13 [200] / 50ms
[2026-02-04T12:41:17.087Z] 07:41:17 [200] / 51ms
[2026-02-04T12:41:22.087Z] 07:41:22 [200] / 48ms
[2026-02-04T12:41:27.083Z] 07:41:27 [200] / 47ms
[2026-02-04T12:41:32.118Z] 07:41:32 [200] / 45ms
[2026-02-04T12:41:37.079Z] 07:41:37 [200] / 47ms
[2026-02-04T14:48:28.240Z] 09:48:28 [200] / 47ms
[2026-02-04T14:48:31.029Z] 09:48:31 [200] / 46ms
[2026-02-04T14:50:29.410Z] 09:50:29 [watch] src/pages/index.astro
[2026-02-04T14:50:29.410Z] 09:50:29 [watch] src/pages/index.astro
[2026-02-04T14:50:30.352Z] 09:50:30 [200] / 127ms
[2026-02-04T14:50:33.349Z] 09:50:33 [200] / 41ms
[2026-02-04T14:50:36.124Z] 09:50:36 [200] / 40ms
[2026-02-04T14:50:38.873Z] 09:50:38 [watch] src/pages/index.astro
[2026-02-04T14:50:38.873Z] 09:50:38 [watch] src/pages/index.astro
[2026-02-04T14:50:39.149Z] 09:50:39 [200] / 85ms
[2026-02-04T14:50:39.666Z] 09:50:39 [200] / 43ms
[2026-02-04T14:50:42.363Z] 09:50:42 [200] / 42ms
[2026-02-04T14:50:44.396Z] 09:50:44 [watch] src/pages/index.astro
[2026-02-04T14:50:44.397Z] 09:50:44 [watch] src/pages/index.astro
[2026-02-04T14:50:45.020Z] 09:50:45 [200] / 88ms
[2026-02-04T14:50:45.132Z] 09:50:45 [200] / 38ms
[2026-02-04T14:50:47.945Z] 09:50:47 [200] / 41ms
[2026-02-04T14:50:50.890Z] 09:50:50 [200] / 43ms
[2026-02-04T14:50:51.111Z] 09:50:51 [watch] src/pages/index.astro
[2026-02-04T14:50:51.112Z] 09:50:51 [watch] src/pages/index.astro
[2026-02-04T14:50:51.916Z] 09:50:51 [200] / 81ms
[2026-02-04T14:50:56.290Z] 09:50:56 [200] / 47ms
[2026-02-04T14:50:56.433Z] 09:50:56 [watch] src/pages/index.astro
[2026-02-04T14:50:56.434Z] 09:50:56 [watch] src/pages/index.astro
[2026-02-04T14:50:57.072Z] 09:50:57 [200] / 81ms
[2026-02-04T14:51:00.079Z] 09:51:00 [200] / 42ms
[2026-02-04T14:51:02.002Z] 09:51:02 [watch] src/pages/index.astro
[2026-02-04T14:51:02.003Z] 09:51:02 [watch] src/pages/index.astro
[2026-02-04T14:51:02.568Z] 09:51:02 [200] / 85ms
[2026-02-04T14:51:02.758Z] 09:51:02 [200] / 40ms
[2026-02-04T14:51:05.817Z] 09:51:05 [200] / 41ms
[2026-02-04T14:51:07.156Z] 09:51:07 [watch] src/pages/index.astro
[2026-02-04T14:51:07.157Z] 09:51:07 [watch] src/pages/index.astro
[2026-02-04T14:51:07.909Z] 09:51:07 [200] / 81ms
[2026-02-04T14:51:11.308Z] 09:51:11 [200] / 44ms
[2026-02-04T14:51:13.265Z] 09:51:13 [200] / 37ms
[2026-02-04T14:51:15.373Z] 09:51:15 [200] / 46ms
[2026-02-04T14:51:17.105Z] 09:51:17 [200] / 41ms
[2026-02-04T14:51:21.123Z] 09:51:21 [200] / 48ms
[2026-02-04T14:51:21.507Z] 09:51:21 [200] / 43ms
[2026-02-04T14:51:24.340Z] 09:51:24 [200] / 57ms
[2026-02-04T14:51:27.106Z] 09:51:27 [200] / 50ms
[2026-02-04T14:51:29.757Z] 09:51:29 [200] / 45ms
[2026-02-04T14:51:32.413Z] 09:51:32 [200] / 43ms
[2026-02-04T14:51:35.277Z] 09:51:35 [200] / 173ms
[2026-02-04T14:51:37.943Z] 09:51:37 [200] / 63ms
[2026-02-04T14:51:40.629Z] 09:51:40 [200] / 54ms
[2026-02-04T14:51:43.348Z] 09:51:43 [200] / 56ms
[2026-02-04T14:51:46.059Z] 09:51:46 [200] / 54ms
[2026-02-04T14:51:48.791Z] 09:51:48 [200] / 51ms
[2026-02-04T14:54:05.211Z] 09:54:05 [watch] src/pages/index.astro
[2026-02-04T14:54:05.211Z] 09:54:05 [watch] src/pages/index.astro
[2026-02-04T14:54:06.164Z] 09:54:06 [200] / 138ms
[2026-02-04T14:54:09.160Z] 09:54:09 [200] / 68ms
[2026-02-04T14:54:10.672Z] 09:54:10 [watch] src/pages/index.astro
[2026-02-04T14:54:10.672Z] 09:54:10 [watch] src/pages/index.astro
[2026-02-04T14:54:11.186Z] 09:54:11 [200] / 98ms
[2026-02-04T14:54:11.233Z] 09:54:11 [200] / 42ms
[2026-02-04T14:54:11.960Z] 09:54:11 [200] / 43ms
[2026-02-04T14:54:14.656Z] 09:54:14 [200] / 40ms
[2026-02-04T14:54:16.559Z] 09:54:16 [watch] src/pages/index.astro
[2026-02-04T14:54:16.560Z] 09:54:16 [watch] src/pages/index.astro
[2026-02-04T14:54:17.251Z] 09:54:17 [200] / 163ms
[2026-02-04T14:54:17.252Z] 09:54:17 [200] / 159ms
[2026-02-04T14:54:17.433Z] 09:54:17 [200] / 41ms
[2026-02-04T14:54:20.176Z] 09:54:20 [200] / 44ms
[2026-02-04T14:54:22.385Z] 09:54:22 [watch] src/pages/index.astro
[2026-02-04T14:54:22.387Z] 09:54:22 [watch] src/pages/index.astro
[2026-02-04T14:54:22.986Z] 09:54:22 [200] / 93ms
[2026-02-04T14:54:24.828Z] 09:54:24 [200] / 47ms
[2026-02-04T14:54:27.507Z] 09:54:27 [watch] src/pages/index.astro
[2026-02-04T14:54:27.509Z] 09:54:27 [watch] src/pages/index.astro
[2026-02-04T14:54:27.660Z] 09:54:27 [200] / 75ms
[2026-02-04T14:54:27.844Z] 09:54:27 [200] / 45ms
[2026-02-04T14:54:28.024Z] 09:54:28 [200] / 44ms
[2026-02-04T14:54:31.100Z] 09:54:31 [200] / 44ms
[2026-02-04T14:54:32.419Z] 09:54:32 [watch] src/pages/index.astro
[2026-02-04T14:54:32.420Z] 09:54:32 [watch] src/pages/index.astro
[2026-02-04T14:54:32.811Z] 09:54:32 [200] / 108ms
[2026-02-04T14:54:32.993Z] 09:54:32 [200] / 39ms
[2026-02-04T14:54:33.831Z] 09:54:33 [200] / 45ms
[2026-02-04T14:54:35.823Z] 09:54:35 [200] / 39ms
[2026-02-04T14:54:36.472Z] 09:54:36 [200] / 44ms
[2026-02-04T14:54:38.215Z] 09:54:38 [watch] src/pages/index.astro
[2026-02-04T14:54:38.216Z] 09:54:38 [watch] src/pages/index.astro
[2026-02-04T14:54:38.592Z] 09:54:38 [200] / 88ms
[2026-02-04T14:54:38.776Z] 09:54:38 [200] / 43ms
[2026-02-04T14:54:39.085Z] 09:54:39 [200] / 39ms
[2026-02-04T14:54:42.422Z] 09:54:42 [200] / 38ms
[2026-02-04T14:54:42.533Z] 09:54:42 [200] / 40ms
[2026-02-04T14:54:45.861Z] 09:54:45 [200] / 45ms
[2026-02-04T14:54:48.581Z] 09:54:48 [200] / 42ms
[2026-02-04T14:54:51.187Z] 09:54:51 [200] / 44ms
[2026-02-04T14:54:53.834Z] 09:54:53 [200] / 42ms
[2026-02-04T14:54:56.137Z] 09:54:56 [watch] src/pages/solaranlage-leipzig.astro
[2026-02-04T14:54:56.138Z] 09:54:56 [watch] src/pages/solaranlage-leipzig.astro
[2026-02-04T14:54:56.495Z] 09:54:56 [200] / 99ms
[2026-02-04T14:54:56.720Z] 09:54:56 [200] / 46ms
[2026-02-04T14:54:59.393Z] 09:54:59 [200] / 47ms
[2026-02-04T14:55:03.620Z] 09:55:03 [200] / 43ms
[2026-02-04T14:55:06.519Z] 09:55:06 [200] / 41ms
[2026-02-04T14:55:09.377Z] 09:55:09 [200] / 45ms
[2026-02-04T14:55:12.061Z] 09:55:12 [200] / 57ms
[2026-02-04T14:55:13.161Z] 09:55:13 [watch] src/pages/index.astro
[2026-02-04T14:55:13.162Z] 09:55:13 [watch] src/pages/index.astro
[2026-02-04T14:55:13.533Z] 09:55:13 [200] / 86ms
[2026-02-04T14:55:13.721Z] 09:55:13 [200] / 46ms
[2026-02-04T14:55:14.829Z] 09:55:14 [200] / 46ms
[2026-02-04T14:55:16.718Z] 09:55:16 [200] / 45ms
[2026-02-04T14:55:17.650Z] 09:55:17 [200] / 42ms
[2026-02-04T14:55:19.487Z] 09:55:19 [200] / 59ms
[2026-02-04T14:55:20.383Z] 09:55:20 [200] / 40ms
[2026-02-04T14:55:21.130Z] 09:55:21 [watch] src/pages/index.astro
[2026-02-04T14:55:21.131Z] 09:55:21 [watch] src/pages/index.astro
[2026-02-04T14:55:21.493Z] 09:55:21 [200] / 89ms
[2026-02-04T14:55:21.680Z] 09:55:21 [200] / 48ms
[2026-02-04T14:55:22.142Z] 09:55:22 [200] / 52ms
[2026-02-04T14:55:23.095Z] 09:55:23 [200] / 54ms
[2026-02-04T14:55:24.820Z] 09:55:24 [200] / 44ms
[2026-02-04T14:55:29.547Z] 09:55:29 [200] / 46ms
[2026-02-04T14:55:29.652Z] 09:55:29 [200] / 41ms
[2026-02-04T14:55:32.527Z] 09:55:32 [200] / 51ms
[2026-02-04T14:55:35.603Z] 09:55:35 [200] / 63ms
[2026-02-04T14:55:36.463Z] 09:55:36 [watch] src/components/Header.astro
[2026-02-04T14:55:36.465Z] 09:55:36 [watch] src/components/Header.astro
[2026-02-04T14:55:36.810Z] 09:55:36 [200] / 84ms
[2026-02-04T14:55:36.991Z] 09:55:36 [200] / 42ms
[2026-02-04T14:55:38.261Z] 09:55:38 [200] / 50ms
[2026-02-04T14:55:39.646Z] 09:55:39 [200] / 47ms
[2026-02-04T14:55:40.912Z] 09:55:40 [200] / 57ms
[2026-02-04T14:55:42.374Z] 09:55:42 [200] / 49ms
[2026-02-04T14:55:42.618Z] 09:55:42 [watch] src/components/Header.astro
[2026-02-04T14:55:42.621Z] 09:55:42 [watch] src/components/Header.astro
[2026-02-04T14:55:42.972Z] 09:55:42 [200] / 90ms
[2026-02-04T14:55:43.149Z] 09:55:43 [200] / 38ms
[2026-02-04T14:55:43.544Z] 09:55:43 [200] / 49ms
[2026-02-04T14:55:45.015Z] 09:55:45 [200] / 51ms
[2026-02-04T14:55:46.166Z] 09:55:46 [200] / 38ms
[2026-02-04T14:55:50.085Z] 09:55:50 [200] / 49ms
[2026-02-04T14:55:53.107Z] 09:55:53 [200] / 44ms
[2026-02-04T14:55:55.752Z] 09:55:55 [200] / 41ms
[2026-02-04T14:55:58.383Z] 09:55:58 [200] / 44ms
[2026-02-04T14:56:01.043Z] 09:56:01 [200] / 43ms
[2026-02-04T14:56:03.659Z] 09:56:03 [200] / 42ms
[2026-02-04T14:56:06.804Z] 09:56:06 [200] / 41ms
[2026-02-04T14:56:10.141Z] 09:56:10 [200] / 76ms
[2026-02-04T14:56:15.081Z] 09:56:15 [200] / 73ms
[2026-02-04T14:56:20.077Z] 09:56:20 [200] / 68ms
[2026-02-04T14:56:25.042Z] 09:56:25 [200] / 50ms
[2026-02-04T14:56:30.050Z] 09:56:30 [200] / 58ms
[2026-02-04T14:56:36.408Z] 09:56:36 [200] / 44ms
[2026-02-04T14:58:33.613Z] 09:58:33 [watch] src/pages/index.astro
[2026-02-04T14:58:33.613Z] 09:58:33 [watch] src/pages/index.astro
[2026-02-04T14:58:34.077Z] 09:58:34 [200] / 113ms
[2026-02-04T14:58:34.269Z] 09:58:34 [200] / 52ms
[2026-02-04T14:58:37.132Z] 09:58:37 [200] / 49ms
[2026-02-04T14:58:40.484Z] 09:58:40 [200] / 46ms
[2026-02-04T14:58:43.249Z] 09:58:43 [200] / 55ms
[2026-02-04T14:58:45.959Z] 09:58:45 [200] / 50ms
[2026-02-04T14:58:48.610Z] 09:58:48 [200] / 47ms
[2026-02-04T14:58:51.269Z] 09:58:51 [200] / 42ms
[2026-02-04T14:58:53.999Z] 09:58:53 [200] / 45ms
[2026-02-04T14:58:56.638Z] 09:58:56 [200] / 40ms
[2026-02-04T14:58:59.284Z] 09:58:59 [200] / 40ms
[2026-02-04T14:59:01.925Z] 09:59:01 [200] / 43ms
[2026-02-04T14:59:04.604Z] 09:59:04 [200] / 41ms
[2026-02-04T14:59:07.241Z] 09:59:07 [200] / 44ms
[2026-02-04T14:59:09.885Z] 09:59:09 [200] / 43ms
[2026-02-04T15:35:40.333Z] Starting dev server with command: pnpm run dev
[2026-02-04T15:35:40.576Z] 
[2026-02-04T15:35:40.577Z] > senec-design@0.0.1 dev /home/ubuntu/senec-design
[2026-02-04T15:35:40.577Z] > astro dev --host
[2026-02-04T15:35:40.577Z] 
[2026-02-04T15:35:41.645Z] 10:35:41 [types] Added src/env.d.ts type declarations
[2026-02-04T15:35:41.646Z] 10:35:41 [types] Generated 2ms
[2026-02-04T15:35:41.683Z] 
[2026-02-04T15:35:41.684Z] astro  v4.16.19 ready in 353 ms
[2026-02-04T15:35:41.684Z] 
[2026-02-04T15:35:41.684Z] ┃ Local    http://localhost:3000/
[2026-02-04T15:35:41.685Z] ┃ Network  http://169.254.0.21:3000/
[2026-02-04T15:35:41.685Z] 
[2026-02-04T15:35:41.702Z] 10:35:41 watching for file changes...
[2026-02-04T15:35:41.829Z] 10:35:41 [ERROR] [vite] Error: The following dependencies are imported but could not be resolved:
[2026-02-04T15:35:41.829Z] 
[2026-02-04T15:35:41.830Z] jspdf (imported by /home/ubuntu/senec-design/src/components/SolarCalculator.tsx)
[2026-02-04T15:35:41.830Z] 
[2026-02-04T15:35:41.830Z] Are they installed?
[2026-02-04T15:35:41.830Z] at file:///home/ubuntu/senec-design/node_modules/.pnpm/vite@5.4.21_@types+node@25.2.0/node_modules/vite/dist/node/chunks/dep-BK3b2jBa.js:50669:15
[2026-02-04T15:35:41.830Z] at process.processTicksAndRejections (node:internal/process/task_queues:105:5)
[2026-02-04T15:35:41.831Z] at async file:///home/ubuntu/senec-design/node_modules/.pnpm/vite@5.4.21_@types+node@25.2.0/node_modules/vite/dist/node/chunks/dep-BK3b2jBa.js:50174:26
[2026-02-04T15:35:45.679Z] 10:35:45 [ERROR] Cannot find module 'jspdf' imported from '/home/ubuntu/senec-design/src/components/SolarCalculator.tsx'
[2026-02-04T15:35:45.680Z] Stack trace:
[2026-02-04T15:35:45.681Z] at nodeImport (file:///home/ubuntu/senec-design/node_modules/.pnpm/vite@5.4.21_@types+node@25.2.0/node_modules/vite/dist/node/chunks/dep-BK3b2jBa.js:53096:19)
[2026-02-04T15:35:45.681Z] at eval (/home/ubuntu/senec-design/src/components/SolarCalculator.tsx:12:37)
[2026-02-04T15:36:02.383Z] Dev server process group stopped
[2026-02-04T15:36:02.398Z] ELIFECYCLE  Command failed.
[2026-02-04T15:36:02.411Z] Dev server exited with code -15
[2026-02-04T15:36:05.388Z] Starting dev server with command: pnpm run dev
[2026-02-04T15:36:05.647Z] 
[2026-02-04T15:36:05.648Z] > senec-design@0.0.1 dev /home/ubuntu/senec-design
[2026-02-04T15:36:05.648Z] > astro dev --host
[2026-02-04T15:36:05.649Z] 
[2026-02-04T15:36:06.793Z] 10:36:06 [types] Generated 0ms
[2026-02-04T15:36:06.812Z] 10:36:06 [content] Syncing content
[2026-02-04T15:36:06.839Z] 10:36:06 [content] Synced content
[2026-02-04T15:36:06.848Z] 10:36:06 [vite] Re-optimizing dependencies because vite config has changed
[2026-02-04T15:36:06.868Z] 
[2026-02-04T15:36:06.868Z] astro  v5.15.9 ready in 439 ms
[2026-02-04T15:36:06.869Z] 
[2026-02-04T15:36:06.869Z] ┃ Local    http://localhost:3000/
[2026-02-04T15:36:06.869Z] ┃ Network  http://169.254.0.21:3000/
[2026-02-04T15:36:06.870Z] 
[2026-02-04T15:36:06.870Z] 10:36:06 watching for file changes...
[2026-02-04T15:36:10.112Z] 10:36:10 [200] / 594ms
[2026-02-04T15:37:03.909Z] 10:37:03 [200] / 77ms
[2026-02-04T15:37:08.344Z] 10:37:08 [200] / 72ms
[2026-02-04T15:37:12.100Z] 10:37:12 [200] / 62ms
[2026-02-04T15:37:15.566Z] 10:37:15 [200] / 62ms
[2026-02-04T15:37:19.055Z] 10:37:19 [200] / 63ms
[2026-02-04T15:37:21.720Z] 10:37:21 [200] / 47ms
[2026-02-04T15:37:24.431Z] 10:37:24 [200] / 46ms
[2026-02-04T15:37:27.109Z] 10:37:27 [200] / 48ms
[2026-02-04T15:37:29.864Z] 10:37:29 [200] / 43ms
[2026-02-04T15:37:32.514Z] 10:37:32 [200] / 45ms
[2026-02-04T15:37:35.288Z] 10:37:35 [200] / 47ms
[2026-02-04T15:37:37.955Z] 10:37:37 [200] / 48ms
[2026-02-04T15:37:40.627Z] 10:37:40 [200] / 43ms
[2026-02-04T15:37:44.760Z] 10:37:44 [200] / 51ms
[2026-02-04T15:37:47.507Z] 10:37:47 [200] / 39ms
[2026-02-04T15:37:50.190Z] 10:37:50 [200] / 46ms
[2026-02-04T15:37:52.848Z] 10:37:52 [200] / 44ms
[2026-02-04T15:37:55.512Z] 10:37:55 [200] / 48ms
[2026-02-04T15:38:08.584Z] 10:38:08 [200] / 42ms
[2026-02-04T15:38:11.205Z] 10:38:11 [200] / 40ms
[2026-02-04T15:38:13.848Z] 10:38:13 [200] / 45ms
[2026-02-04T15:38:16.484Z] 10:38:16 [200] / 43ms
[2026-02-04T15:38:19.123Z] 10:38:19 [200] / 44ms
[2026-02-04T15:38:21.777Z] 10:38:21 [200] / 47ms
[2026-02-04T15:38:24.450Z] 10:38:24 [200] / 40ms
[2026-02-04T15:38:27.120Z] 10:38:27 [200] / 39ms
[2026-02-04T15:38:29.773Z] 10:38:29 [200] / 41ms
[2026-02-04T15:38:32.426Z] 10:38:32 [200] / 41ms
[2026-02-04T15:38:35.077Z] 10:38:35 [200] / 41ms
[2026-02-04T15:38:37.718Z] 10:38:37 [200] / 42ms
[2026-02-04T15:38:40.370Z] 10:38:40 [200] / 43ms
[2026-02-04T15:39:49.940Z] 10:39:49 [200] / 67ms
[2026-02-04T15:39:53.911Z] 10:39:53 [200] / 39ms
[2026-02-04T15:39:56.646Z] 10:39:56 [200] / 44ms
[2026-02-04T15:40:00.491Z] 10:40:00 [200] / 46ms
[2026-02-04T15:40:03.445Z] 10:40:03 [200] / 41ms
[2026-02-04T15:40:06.118Z] 10:40:06 [200] / 42ms
[2026-02-04T15:40:08.805Z] 10:40:08 [200] / 44ms
[2026-02-04T15:40:11.462Z] 10:40:11 [200] / 46ms
[2026-02-04T15:40:14.139Z] 10:40:14 [200] / 46ms
[2026-02-04T15:40:16.831Z] 10:40:16 [200] / 55ms
[2026-02-04T15:40:19.575Z] 10:40:19 [200] / 43ms
[2026-02-04T15:40:22.254Z] 10:40:22 [200] / 49ms
[2026-02-04T15:40:24.950Z] 10:40:24 [200] / 67ms
[2026-02-04T15:40:27.590Z] 10:40:27 [200] / 41ms
[2026-02-04T15:40:30.227Z] 10:40:30 [200] / 38ms
[2026-02-04T15:40:32.884Z] 10:40:32 [200] / 54ms
[2026-02-04T15:40:35.553Z] 10:40:35 [200] / 42ms
[2026-02-04T15:40:38.190Z] 10:40:38 [200] / 45ms
[2026-02-04T16:34:04.999Z] 11:34:04 [200] / 47ms
[2026-02-04T17:17:14.661Z] 12:17:14 [200] / 52ms
[2026-02-04T17:17:18.200Z] 12:17:18 [200] / 43ms
[2026-02-04T17:17:20.866Z] 12:17:20 [200] / 44ms
[2026-02-04T17:17:23.598Z] 12:17:23 [200] / 42ms
[2026-02-04T17:17:23.604Z] 12:17:23 Configuration file updated. Restarting...
[2026-02-04T17:17:23.733Z] 12:17:23 [content] Syncing content
[2026-02-04T17:17:23.734Z] 12:17:23 [content] Astro config changed
[2026-02-04T17:17:23.735Z] 12:17:23 [content] Clearing content store
[2026-02-04T17:17:23.742Z] 12:17:23 [content] Synced content
[2026-02-04T17:17:23.742Z] 12:17:23 [types] Generated 67ms
[2026-02-04T17:17:23.750Z] 12:17:23 [vite] Re-optimizing dependencies because vite config has changed
[2026-02-04T17:17:24.966Z] 12:17:24 [200] / 103ms
[2026-02-04T17:17:28.841Z] Dev server process group stopped
[2026-02-04T17:17:28.856Z] ELIFECYCLE  Command failed.
[2026-02-04T17:17:28.879Z] Dev server exited with code -15
[2026-02-04T17:17:31.867Z] Starting dev server with command: pnpm run dev
[2026-02-04T17:17:32.147Z] 
[2026-02-04T17:17:32.148Z] > senec-design@0.0.1 dev /home/ubuntu/senec-design
[2026-02-04T17:17:32.149Z] > astro dev --host
[2026-02-04T17:17:32.149Z] 
[2026-02-04T17:17:33.352Z] 12:17:33 [types] Generated 0ms
[2026-02-04T17:17:33.371Z] 12:17:33 [content] Syncing content
[2026-02-04T17:17:33.398Z] 12:17:33 [content] Synced content
[2026-02-04T17:17:33.410Z] 
[2026-02-04T17:17:33.411Z] astro  v5.15.9 ready in 419 ms
[2026-02-04T17:17:33.411Z] 
[2026-02-04T17:17:33.411Z] ┃ Local    http://localhost:3000/
[2026-02-04T17:17:33.412Z] ┃ Network  http://169.254.0.21:3000/
[2026-02-04T17:17:33.412Z] 
[2026-02-04T17:17:33.412Z] 12:17:33 watching for file changes...
[2026-02-04T17:17:36.576Z] 12:17:36 [200] / 718ms
[2026-02-04T17:17:36.578Z] 12:17:36 [200] / 720ms
[2026-02-04T17:17:40.210Z] 12:17:40 [200] / 66ms
[2026-02-04T17:17:42.978Z] 12:17:42 [200] / 63ms
[2026-02-04T17:17:45.968Z] 12:17:45 [200] / 67ms
[2026-02-04T17:17:48.671Z] 12:17:48 [200] / 69ms
[2026-02-04T17:17:51.406Z] 12:17:51 [200] / 45ms
[2026-02-04T17:17:54.104Z] 12:17:54 [200] / 46ms
[2026-02-04T17:17:56.859Z] 12:17:56 [200] / 78ms
[2026-02-04T17:17:59.605Z] 12:17:59 [200] / 78ms
[2026-02-04T17:18:02.330Z] 12:18:02 [200] / 69ms
[2026-02-04T17:18:05.154Z] 12:18:05 [200] / 46ms
[2026-02-04T17:18:07.859Z] 12:18:07 [200] / 55ms
[2026-02-04T17:18:10.590Z] 12:18:10 [200] / 42ms
[2026-02-04T17:18:13.301Z] 12:18:13 [200] / 41ms
[2026-02-04T17:18:16.979Z] 12:18:16 [200] / 46ms
[2026-02-04T17:18:19.676Z] 12:18:19 [200] / 51ms
[2026-02-04T17:18:22.389Z] 12:18:22 [200] / 45ms
[2026-02-04T17:18:28.577Z] 12:18:28 [200] / 72ms
[2026-02-04T17:18:31.240Z] 12:18:31 [200] / 43ms
[2026-02-04T17:18:33.935Z] 12:18:33 [200] / 49ms
[2026-02-04T17:18:36.616Z] 12:18:36 [200] / 46ms
[2026-02-04T17:18:39.385Z] 12:18:39 [200] / 49ms
[2026-02-04T17:18:42.120Z] 12:18:42 [200] / 46ms
[2026-02-04T17:18:44.837Z] 12:18:44 [200] / 61ms
[2026-02-04T17:18:45.745Z] 12:18:45 [200] / 50ms
[2026-02-04T17:18:48.022Z] 12:18:48 [200] / 66ms
[2026-02-04T17:18:53.000Z] 12:18:53 [200] / 51ms
[2026-02-04T17:19:09.237Z] 12:19:09 [200] / 43ms
[2026-02-04T17:19:14.005Z] 12:19:14 [200] / 49ms
[2026-02-04T17:19:17.997Z] 12:19:17 [200] / 46ms
[2026-02-04T17:19:22.006Z] 12:19:22 [200] / 47ms
[2026-02-04T17:19:25.669Z] 12:19:25 [200] / 45ms
[2026-02-04T17:20:50.654Z] 12:20:50 [200] / 44ms
[2026-02-04T17:20:57.997Z] 12:20:57 [200] / 45ms
[2026-02-04T17:21:10.003Z] 12:21:10 [200] / 47ms
[2026-02-04T17:21:15.031Z] 12:21:15 [200] / 51ms
[2026-02-04T17:21:24.307Z] 12:21:24 [200] / 48ms
[2026-02-04T17:21:33.001Z] 12:21:33 [200] / 53ms
[2026-02-04T17:21:38.223Z] 12:21:38 [watch] src/pages/stromspeicher.astro
[2026-02-04T17:21:38.224Z] 12:21:38 [watch] src/pages/stromspeicher.astro
[2026-02-04T17:21:39.136Z] 12:21:39 [200] / 119ms
[2026-02-04T17:21:40.217Z] 12:21:40 [200] / 49ms
[2026-02-04T17:21:41.012Z] 12:21:41 [200] / 69ms
[2026-02-04T17:21:48.453Z] 12:21:48 [watch] src/pages/ratgeber.astro
[2026-02-04T17:21:48.453Z] 12:21:48 [watch] src/pages/ratgeber.astro
[2026-02-04T17:21:48.641Z] 12:21:48 [200] / 98ms
[2026-02-04T17:21:48.952Z] 12:21:48 [200] / 39ms
[2026-02-04T17:21:53.949Z] 12:21:53 [200] / 45ms
[2026-02-04T17:21:56.629Z] 12:21:56 [200] / 49ms
[2026-02-04T17:21:58.928Z] 12:21:58 [watch] src/pages/blog/wartungstipps-winter.astro
[2026-02-04T17:21:58.928Z] 12:21:58 [watch] src/pages/blog/wartungstipps-winter.astro
[2026-02-04T17:21:59.447Z] 12:21:59 [200] / 87ms
[2026-02-04T17:21:59.543Z] 12:21:59 [200] / 40ms
[2026-02-04T17:22:02.277Z] 12:22:02 [200] / 46ms
[2026-02-04T17:22:08.091Z] 12:22:08 [200] / 45ms
[2026-02-04T17:22:10.101Z] 12:22:10 [watch] src/pages/blog.astro
[2026-02-04T17:22:10.101Z] 12:22:10 [watch] src/pages/blog.astro
[2026-02-04T17:22:10.731Z] 12:22:10 [200] / 87ms
[2026-02-04T17:22:12.985Z] 12:22:12 [200] / 42ms
[2026-02-04T17:22:17.236Z] 12:22:17 [200] / 44ms
[2026-02-04T17:22:17.997Z] 12:22:17 [200] / 42ms
[2026-02-04T17:22:22.007Z] 12:22:22 [watch] src/pages/standorte.astro
[2026-02-04T17:22:22.008Z] 12:22:22 [watch] src/pages/standorte.astro
[2026-02-04T17:22:23.075Z] 12:22:23 [200] / 83ms
[2026-02-04T17:22:26.648Z] 12:22:26 [200] / 48ms
[2026-02-04T17:22:29.179Z] 12:22:29 [200] / 39ms
[2026-02-04T17:22:34.202Z] 12:22:34 [200] / 38ms
[2026-02-04T17:22:37.073Z] 12:22:37 [200] / 46ms
[2026-02-04T17:22:39.780Z] 12:22:39 [200] / 45ms
[2026-02-04T17:22:42.539Z] 12:22:42 [200] / 48ms
[2026-02-04T17:22:45.207Z] 12:22:45 [200] / 52ms
[2026-02-04T17:22:47.889Z] 12:22:47 [200] / 49ms
[2026-02-04T17:22:50.639Z] 12:22:50 [200] / 48ms
[2026-02-04T17:22:51.004Z] 12:22:51 [200] / 47ms
[2026-02-04T17:22:53.702Z] 12:22:53 [200] / 46ms
[2026-02-04T17:22:57.901Z] 12:22:57 [200] / 45ms
[2026-02-04T17:23:06.051Z] 12:23:06 [200] / 60ms
[2026-02-04T17:23:08.770Z] 12:23:08 [200] / 47ms
[2026-02-04T17:23:11.502Z] 12:23:11 [200] / 47ms
[2026-02-04T17:23:14.186Z] 12:23:14 [200] / 45ms
[2026-02-04T17:23:16.857Z] 12:23:16 [200] / 49ms
[2026-02-04T17:23:19.550Z] 12:23:19 [200] / 44ms
[2026-02-04T17:23:22.992Z] 12:23:22 [200] / 42ms
[2026-02-04T17:23:27.988Z] 12:23:27 [200] / 40ms
[2026-02-04T17:23:32.985Z] 12:23:32 [200] / 44ms
[2026-02-04T17:23:35.105Z] 12:23:35 [200] / 41ms
[2026-02-04T17:23:37.230Z] 12:23:37 [200] / 46ms
[2026-02-04T17:23:40.003Z] 12:23:40 [200] / 42ms
[2026-02-04T17:23:42.802Z] 12:23:42 [200] / 42ms
[2026-02-04T17:23:45.449Z] 12:23:45 [200] / 42ms
[2026-02-04T17:23:48.083Z] 12:23:48 [200] / 42ms
[2026-02-04T17:23:50.899Z] 12:23:50 [200] / 43ms
[2026-02-04T17:23:53.546Z] 12:23:53 [200] / 40ms
[2026-02-04T17:23:56.766Z] 12:23:56 [200] / 40ms
[2026-02-04T17:24:19.690Z] 12:24:19 [watch] src/layouts/Layout.astro
[2026-02-04T17:24:19.693Z] 12:24:19 [watch] src/layouts/Layout.astro
[2026-02-04T17:24:20.092Z] 12:24:20 [200] / 83ms
[2026-02-04T17:24:20.189Z] 12:24:20 [200] / 41ms
[2026-02-04T17:24:22.956Z] 12:24:22 [200] / 41ms
[2026-02-04T17:24:25.919Z] 12:24:25 [200] / 42ms
[2026-02-04T17:24:28.599Z] 12:24:28 [200] / 43ms
[2026-02-04T17:24:31.296Z] 12:24:31 [200] / 43ms
[2026-02-04T17:24:34.002Z] 12:24:34 [200] / 46ms
[2026-02-04T17:24:41.052Z] 12:24:41 [200] / 46ms
[2026-02-04T17:24:48.576Z] 12:24:48 [200] / 73ms
[2026-02-04T17:24:54.062Z] 12:24:54 [200] / 73ms
[2026-02-04T17:24:59.209Z] 12:24:59 [watch] src/pages/standorte/anhalt-bitterfeld.astro
[2026-02-04T17:24:59.209Z] 12:24:59 [watch] src/pages/standorte/anhalt-bitterfeld.astro
[2026-02-04T17:24:59.212Z] 12:24:59 [watch] src/pages/standorte.astro
[2026-02-04T17:24:59.212Z] 12:24:59 [watch] src/pages/standorte.astro
[2026-02-04T17:24:59.214Z] 12:24:59 [watch] src/pages/standorte/burgenlandkreis.astro
[2026-02-04T17:24:59.215Z] 12:24:59 [watch] src/pages/standorte/burgenlandkreis.astro
[2026-02-04T17:25:00.169Z] 12:25:00 [200] / 141ms
[2026-02-04T17:25:02.009Z] 12:25:02 [200] / 46ms
[2026-02-04T17:25:07.956Z] 12:25:07 [watch] src/pages/standorte/magdeburg.astro
[2026-02-04T17:25:07.957Z] 12:25:07 [watch] src/pages/standorte/magdeburg.astro
[2026-02-04T17:25:07.960Z] 12:25:07 [watch] src/pages/standorte/stromspeicher-leipzig.astro
[2026-02-04T17:25:07.961Z] 12:25:07 [watch] src/pages/standorte/stromspeicher-leipzig.astro
[2026-02-04T17:25:07.964Z] 12:25:07 [watch] src/pages/blog.astro
[2026-02-04T17:25:07.964Z] 12:25:07 [watch] src/pages/blog.astro
[2026-02-04T17:25:07.968Z] 12:25:07 [watch] src/pages/pv-reinigung-leipzig.astro
[2026-02-04T17:25:07.968Z] 12:25:07 [watch] src/pages/pv-reinigung-leipzig.astro
[2026-02-04T17:25:07.969Z] 12:25:07 [watch] src/pages/standorte/solarteur-leipzig.astro
[2026-02-04T17:25:07.969Z] 12:25:07 [watch] src/pages/standorte/solarteur-leipzig.astro
[2026-02-04T17:25:08.782Z] 12:25:08 [200] / 120ms
[2026-02-04T17:25:14.008Z] 12:25:14 [200] / 44ms
[2026-02-04T17:25:20.719Z] 12:25:20 [watch] src/pages/standorte/elbe-elster.astro
[2026-02-04T17:25:20.720Z] 12:25:20 [watch] src/pages/standorte/elbe-elster.astro
[2026-02-04T17:25:20.727Z] 12:25:20 [watch] src/pages/heizung.astro
[2026-02-04T17:25:20.727Z] 12:25:20 [watch] src/pages/heizung.astro
[2026-02-04T17:25:20.730Z] 12:25:20 [watch] src/pages/standorte/wallbox-leipzig.astro
[2026-02-04T17:25:20.731Z] 12:25:20 [watch] src/pages/standorte/wallbox-leipzig.astro
[2026-02-04T17:25:20.731Z] 12:25:20 [watch] src/pages/blog/photovoltaik-foerderung-2026.astro
[2026-02-04T17:25:20.731Z] 12:25:20 [watch] src/pages/blog/photovoltaik-foerderung-2026.astro
[2026-02-04T17:25:20.731Z] 12:25:20 [watch] src/pages/wallbox-leipzig.astro
[2026-02-04T17:25:20.732Z] 12:25:20 [watch] src/pages/wallbox-leipzig.astro
[2026-02-04T17:25:21.125Z] 12:25:21 [200] / 110ms
[2026-02-04T17:25:23.024Z] 12:25:23 [200] / 44ms
[2026-02-04T17:25:28.534Z] 12:25:28 [watch] src/pages/wallbox.astro
[2026-02-04T17:25:28.535Z] 12:25:28 [watch] src/pages/wallbox.astro
[2026-02-04T17:25:28.543Z] 12:25:28 [watch] src/pages/privat.astro
[2026-02-04T17:25:28.544Z] 12:25:28 [watch] src/pages/privat.astro
[2026-02-04T17:25:28.547Z] 12:25:28 [watch] src/pages/gewerbe-photovoltaik-leipzig.astro
[2026-02-04T17:25:28.548Z] 12:25:28 [watch] src/pages/gewerbe-photovoltaik-leipzig.astro
[2026-02-04T17:25:28.552Z] 12:25:28 [watch] src/pages/standorte/solaranlage-leipzig.astro
[2026-02-04T17:25:28.552Z] 12:25:28 [watch] src/pages/standorte/solaranlage-leipzig.astro
[2026-02-04T17:25:28.553Z] 12:25:28 [watch] src/pages/standorte/photovoltaik-markkleeberg.astro
[2026-02-04T17:25:28.553Z] 12:25:28 [watch] src/pages/standorte/photovoltaik-markkleeberg.astro
[2026-02-04T17:25:29.127Z] 12:25:29 [200] / 114ms
[2026-02-04T17:25:29.992Z] 12:25:29 [200] / 43ms
[2026-02-04T17:25:37.025Z] 12:25:37 [watch] src/pages/standorte/leipzig.astro
[2026-02-04T17:25:37.026Z] 12:25:37 [watch] src/pages/standorte/leipzig.astro
[2026-02-04T17:25:37.030Z] 12:25:37 [watch] src/pages/standorte/photovoltaik-anbieter-leipzig.astro
[2026-02-04T17:25:37.031Z] 12:25:37 [watch] src/pages/standorte/photovoltaik-anbieter-leipzig.astro
[2026-02-04T17:25:37.032Z] 12:25:37 [watch] src/pages/faq.astro
[2026-02-04T17:25:37.032Z] 12:25:37 [watch] src/pages/faq.astro
[2026-02-04T17:25:37.035Z] 12:25:37 [watch] src/pages/standorte/solaranlage-kaufen-leipzig.astro
[2026-02-04T17:25:37.035Z] 12:25:37 [watch] src/pages/standorte/solaranlage-kaufen-leipzig.astro
[2026-02-04T17:25:37.035Z] 12:25:37 [watch] src/pages/blog/solar-leipzig.astro
[2026-02-04T17:25:37.036Z] 12:25:37 [watch] src/pages/blog/solar-leipzig.astro
[2026-02-04T17:25:38.114Z] 12:25:38 [200] / 106ms
[2026-02-04T17:25:41.996Z] 12:25:41 [200] / 46ms
[2026-02-04T17:25:45.184Z] 12:25:45 [watch] src/pages/standorte/weissenfels.astro
[2026-02-04T17:25:45.184Z] 12:25:45 [watch] src/pages/standorte/weissenfels.astro
[2026-02-04T17:25:45.188Z] 12:25:45 [watch] src/pages/standorte/nordsachsen.astro
[2026-02-04T17:25:45.189Z] 12:25:45 [watch] src/pages/standorte/nordsachsen.astro
[2026-02-04T17:25:45.192Z] 12:25:45 [watch] src/pages/standorte/gera.astro
[2026-02-04T17:25:45.192Z] 12:25:45 [watch] src/pages/standorte/gera.astro
[2026-02-04T17:25:45.193Z] 12:25:45 [watch] src/pages/standorte/erfurt.astro
[2026-02-04T17:25:45.193Z] 12:25:45 [watch] src/pages/standorte/erfurt.astro
[2026-02-04T17:25:45.198Z] 12:25:45 [watch] src/pages/pv-wartung-leipzig.astro
[2026-02-04T17:25:45.198Z] 12:25:45 [watch] src/pages/pv-wartung-leipzig.astro
[2026-02-04T17:25:46.113Z] 12:25:46 [200] / 103ms
[2026-02-04T17:25:46.991Z] 12:25:46 [200] / 44ms
[2026-02-04T17:25:47.986Z] 12:25:47 [200] / 41ms
[2026-02-04T17:25:53.964Z] 12:25:53 [watch] src/pages/blog/stromspeicher-vergleich-2026.astro
[2026-02-04T17:25:53.965Z] 12:25:53 [watch] src/pages/blog/stromspeicher-vergleich-2026.astro
[2026-02-04T17:25:53.969Z] 12:25:53 [watch] src/pages/standorte/photovoltaik-firma-leipzig.astro
[2026-02-04T17:25:53.969Z] 12:25:53 [watch] src/pages/standorte/photovoltaik-firma-leipzig.astro
[2026-02-04T17:25:53.973Z] 12:25:53 [watch] src/pages/standorte/photovoltaik-eilenburg.astro
[2026-02-04T17:25:53.974Z] 12:25:53 [watch] src/pages/standorte/photovoltaik-eilenburg.astro
[2026-02-04T17:25:53.976Z] 12:25:53 [watch] src/pages/standorte/photovoltaik-delitzsch.astro
[2026-02-04T17:25:53.976Z] 12:25:53 [watch] src/pages/standorte/photovoltaik-delitzsch.astro
[2026-02-04T17:25:53.979Z] 12:25:53 [watch] src/pages/standorte/naumburg.astro
[2026-02-04T17:25:53.980Z] 12:25:53 [watch] src/pages/standorte/naumburg.astro
[2026-02-04T17:25:55.142Z] 12:25:55 [200] / 121ms
[2026-02-04T17:26:08.683Z] 12:26:08 [watch] src/pages/gewerbe.astro
[2026-02-04T17:26:08.684Z] 12:26:08 [watch] src/pages/gewerbe.astro
[2026-02-04T17:26:08.689Z] 12:26:08 [watch] src/pages/standorte/saalekreis.astro
[2026-02-04T17:26:08.689Z] 12:26:08 [watch] src/pages/standorte/saalekreis.astro
[2026-02-04T17:26:08.689Z] 12:26:08 [watch] src/pages/standorte/dresden.astro
[2026-02-04T17:26:08.689Z] 12:26:08 [watch] src/pages/standorte/dresden.astro
[2026-02-04T17:26:08.692Z] 12:26:08 [watch] src/pages/standorte/borna.astro
[2026-02-04T17:26:08.692Z] 12:26:08 [watch] src/pages/standorte/borna.astro
[2026-02-04T17:26:08.692Z] 12:26:08 [watch] src/pages/standorte/photovoltaik-wurzen.astro
[2026-02-04T17:26:08.693Z] 12:26:08 [watch] src/pages/standorte/photovoltaik-wurzen.astro
[2026-02-04T17:26:09.197Z] 12:26:09 [200] / 154ms
[2026-02-04T17:26:17.423Z] 12:26:17 [watch] src/pages/standorte/photovoltaik-taucha.astro
[2026-02-04T17:26:17.423Z] 12:26:17 [watch] src/pages/standorte/photovoltaik-taucha.astro
[2026-02-04T17:26:17.427Z] 12:26:17 [watch] src/pages/standorte/grimma.astro
[2026-02-04T17:26:17.427Z] 12:26:17 [watch] src/pages/standorte/grimma.astro
[2026-02-04T17:26:17.428Z] 12:26:17 [watch] src/pages/standorte/zeitz.astro
[2026-02-04T17:26:17.428Z] 12:26:17 [watch] src/pages/standorte/zeitz.astro
[2026-02-04T17:26:17.431Z] 12:26:17 [watch] src/pages/solarmanager.astro
[2026-02-04T17:26:17.431Z] 12:26:17 [watch] src/pages/solarmanager.astro
[2026-02-04T17:26:17.431Z] 12:26:17 [watch] src/pages/datenschutz.astro
[2026-02-04T17:26:17.431Z] 12:26:17 [watch] src/pages/datenschutz.astro
[2026-02-04T17:26:18.134Z] 12:26:18 [200] / 129ms
[2026-02-04T17:26:27.108Z] 12:26:27 [watch] src/pages/blog/neue-speicher-technologien-2026.astro
[2026-02-04T17:26:27.108Z] 12:26:27 [watch] src/pages/blog/neue-speicher-technologien-2026.astro
[2026-02-04T17:26:27.112Z] 12:26:27 [watch] src/pages/blog/stromspeicher-2026-lohnt-sich.astro
[2026-02-04T17:26:27.112Z] 12:26:27 [watch] src/pages/blog/stromspeicher-2026-lohnt-sich.astro
[2026-02-04T17:26:27.114Z] 12:26:27 [watch] src/pages/blog/photovoltaik-kosten-2026.astro
[2026-02-04T17:26:27.114Z] 12:26:27 [watch] src/pages/blog/photovoltaik-kosten-2026.astro
[2026-02-04T17:26:27.115Z] 12:26:27 [watch] src/pages/blog/solaranlage-wartung.astro
[2026-02-04T17:26:27.116Z] 12:26:27 [watch] src/pages/blog/solaranlage-wartung.astro
[2026-02-04T17:26:27.116Z] 12:26:27 [watch] src/pages/blog/fehler-solarkauf.astro
[2026-02-04T17:26:27.117Z] 12:26:27 [watch] src/pages/blog/fehler-solarkauf.astro
[2026-02-04T17:26:28.105Z] 12:26:28 [200] / 104ms
[2026-02-04T17:26:32.399Z] 12:26:32 [watch] src/pages/blog/stromspeicher-nachruesten.astro
[2026-02-04T17:26:32.400Z] 12:26:32 [watch] src/pages/blog/stromspeicher-nachruesten.astro
[2026-02-04T17:26:33.057Z] 12:26:33 [200] / 82ms
[2026-02-04T17:26:47.290Z] 12:26:47 [watch] src/pages/standorte.astro
[2026-02-04T17:26:47.290Z] 12:26:47 [watch] src/pages/standorte.astro
[2026-02-04T17:26:47.291Z] 12:26:47 [watch] src/pages/blog.astro
[2026-02-04T17:26:47.292Z] 12:26:47 [watch] src/pages/blog.astro
[2026-02-04T17:26:47.293Z] 12:26:47 [watch] src/pages/heizung.astro
[2026-02-04T17:26:47.293Z] 12:26:47 [watch] src/pages/heizung.astro
[2026-02-04T17:26:47.294Z] 12:26:47 [watch] src/pages/pv-wartung-leipzig.astro
[2026-02-04T17:26:47.295Z] 12:26:47 [watch] src/pages/pv-wartung-leipzig.astro
[2026-02-04T17:26:47.657Z] 12:26:47 [200] / 113ms
[2026-02-04T17:26:59.048Z] 12:26:59 [watch] src/pages/standorte.astro
[2026-02-04T17:26:59.049Z] 12:26:59 [watch] src/pages/standorte.astro
[2026-02-04T17:26:59.402Z] 12:26:59 [200] / 98ms
[2026-02-04T17:27:02.185Z] 12:27:02 [200] / 55ms
[2026-02-04T17:27:12.126Z] 12:27:12 [watch] src/pages/blog.astro
[2026-02-04T17:27:12.127Z] 12:27:12 [watch] src/pages/blog.astro
[2026-02-04T17:27:26.108Z] 12:27:26 [watch] src/pages/blog/photovoltaik-foerderung-2026.astro
[2026-02-04T17:27:26.109Z] 12:27:26 [watch] src/pages/blog/photovoltaik-foerderung-2026.astro
[2026-02-04T17:27:38.899Z] 12:27:38 [watch] src/pages/heizung.astro
[2026-02-04T17:27:38.900Z] 12:27:38 [watch] src/pages/heizung.astro
[2026-02-04T17:27:49.365Z] 12:27:49 [watch] src/pages/pv-wartung-leipzig.astro
[2026-02-04T17:27:49.365Z] 12:27:49 [watch] src/pages/pv-wartung-leipzig.astro
[2026-02-04T17:28:04.094Z] 12:28:04 [watch] src/pages/standorte/halle.astro
[2026-02-04T17:28:04.095Z] 12:28:04 [watch] src/pages/standorte/halle.astro
[2026-02-04T17:28:04.096Z] 12:28:04 [watch] src/pages/solaranlage-leipzig.astro
[2026-02-04T17:28:04.096Z] 12:28:04 [watch] src/pages/solaranlage-leipzig.astro
[2026-02-04T17:28:21.936Z] 12:28:21 [watch] src/pages/solarpark-betreuung.astro
[2026-02-04T17:28:21.936Z] 12:28:21 [watch] src/pages/solarpark-betreuung.astro
[2026-02-04T17:29:21.904Z] 12:29:21 [200] / 172ms
[2026-02-04T17:32:02.366Z] 12:32:02 [200] / 64ms
[2026-02-04T17:32:05.639Z] 12:32:05 [200] / 49ms
[2026-02-04T17:32:08.424Z] 12:32:08 [200] / 49ms
[2026-02-04T17:32:11.191Z] 12:32:11 [200] / 47ms
[2026-02-04T17:32:13.859Z] 12:32:13 [200] / 55ms
[2026-02-04T17:32:17.003Z] 12:32:17 [200] / 47ms
[2026-02-04T17:32:22.000Z] 12:32:22 [200] / 47ms
[2026-02-04T17:32:26.986Z] 12:32:26 [200] / 41ms
[2026-02-04T17:32:44.031Z] 12:32:44 [200] / 49ms
[2026-02-04T17:32:48.996Z] 12:32:48 [200] / 43ms
[2026-02-04T17:32:53.994Z] 12:32:53 [200] / 44ms
[2026-02-04T17:32:58.987Z] 12:32:58 [200] / 48ms
[2026-02-04T17:33:03.999Z] 12:33:03 [200] / 56ms
[2026-02-04T17:33:08.981Z] 12:33:08 [200] / 40ms
[2026-02-04T17:33:13.205Z] 12:33:13 [200] / 46ms
[2026-02-04T17:33:15.914Z] 12:33:15 [200] / 43ms
[2026-02-04T17:33:18.619Z] 12:33:18 [200] / 51ms
[2026-02-04T17:34:14.420Z] 12:34:14 [200] / 49ms
[2026-02-04T17:34:17.408Z] 12:34:17 [200] / 47ms
[2026-02-04T17:34:20.069Z] 12:34:20 [200] / 48ms
[2026-02-04T17:34:24.246Z] 12:34:24 [200] / 54ms
[2026-02-04T17:34:26.931Z] 12:34:26 [200] / 45ms
[2026-02-04T17:34:29.621Z] 12:34:29 [200] / 51ms
[2026-02-04T17:34:32.268Z] 12:34:32 [200] / 43ms
[2026-02-04T17:34:35.331Z] 12:34:35 [200] / 44ms
[2026-02-04T17:34:38.155Z] 12:34:38 [200] / 43ms
[2026-02-04T17:34:40.832Z] 12:34:40 [200] / 42ms
[2026-02-04T17:34:48.514Z] 12:34:48 [200] / 49ms
[2026-02-04T17:34:59.114Z] 12:34:59 [200] / 48ms
[2026-02-04T17:35:04.126Z] 12:35:04 [200] / 46ms
[2026-02-04T17:35:07.197Z] 12:35:07 [200] / 44ms
[2026-02-04T17:35:10.591Z] 12:35:10 [200] / 45ms
[2026-02-04T17:35:13.239Z] 12:35:13 [200] / 48ms
[2026-02-04T17:35:19.612Z] 12:35:19 [200] / 49ms
[2026-02-04T19:59:57.030Z] 14:59:57 [200] / 46ms
[2026-02-04T20:00:00.155Z] 15:00:00 [200] / 46ms
[2026-02-04T20:00:02.794Z] 15:00:02 [200] / 44ms
[2026-02-04T20:00:05.564Z] 15:00:05 [200] / 43ms
[2026-02-04T20:00:08.251Z] 15:00:08 [200] / 46ms
[2026-02-04T20:00:11.003Z] 15:00:11 [200] / 44ms
[2026-02-04T20:00:13.726Z] 15:00:13 [200] / 41ms
[2026-02-04T20:00:16.477Z] 15:00:16 [200] / 43ms
[2026-02-04T20:00:19.146Z] 15:00:19 [200] / 42ms
[2026-02-04T20:00:21.816Z] 15:00:21 [200] / 42ms
[2026-02-04T20:00:24.533Z] 15:00:24 [200] / 49ms
[2026-02-04T20:00:27.300Z] 15:00:27 [200] / 43ms
[2026-02-04T20:00:30.006Z] 15:00:30 [200] / 53ms
[2026-02-04T20:00:32.770Z] 15:00:32 [200] / 45ms
[2026-02-04T20:00:35.424Z] 15:00:35 [200] / 43ms
[2026-02-04T20:00:38.093Z] 15:00:38 [200] / 43ms
[2026-02-04T20:00:40.756Z] 15:00:40 [200] / 43ms
[2026-02-04T20:05:14.053Z] 15:05:14 [200] / 59ms
[2026-02-04T20:05:37.240Z] 15:05:37 [200] / 44ms
[2026-02-04T20:05:42.080Z] 15:05:42 [200] / 46ms
[2026-02-04T20:05:47.237Z] 15:05:47 [200] / 58ms
[2026-02-04T20:05:52.099Z] 15:05:52 [200] / 48ms
[2026-02-04T20:05:57.082Z] 15:05:57 [200] / 46ms
[2026-02-04T20:06:02.069Z] 15:06:02 [200] / 47ms
[2026-02-04T20:06:07.081Z] 15:06:07 [200] / 55ms
[2026-02-04T20:12:14.743Z] 15:12:14 [200] / 48ms
[2026-02-04T20:12:17.967Z] 15:12:17 [200] / 45ms
[2026-02-04T20:12:20.624Z] 15:12:20 [200] / 45ms
[2026-02-04T20:12:23.293Z] 15:12:23 [200] / 44ms
[2026-02-04T20:12:25.931Z] 15:12:25 [200] / 42ms
[2026-02-04T20:12:28.564Z] 15:12:28 [200] / 43ms
[2026-02-04T20:12:31.206Z] 15:12:31 [200] / 42ms
[2026-02-04T20:12:33.853Z] 15:12:33 [200] / 43ms
[2026-02-04T20:12:36.500Z] 15:12:36 [200] / 42ms
[2026-02-04T20:12:39.164Z] 15:12:39 [200] / 44ms
[2026-02-04T20:12:41.842Z] 15:12:41 [200] / 42ms
[2026-02-04T20:12:44.517Z] 15:12:44 [200] / 47ms
[2026-02-04T20:12:47.176Z] 15:12:47 [200] / 45ms
[2026-02-04T20:12:49.836Z] 15:12:49 [200] / 45ms
[2026-02-04T20:12:52.490Z] 15:12:52 [200] / 44ms
[2026-02-04T20:12:55.151Z] 15:12:55 [200] / 45ms
[2026-02-04T20:12:57.917Z] 15:12:57 [200] / 48ms
[2026-02-04T20:25:17.105Z] 15:25:17 [200] / 53ms
[2026-02-04T20:25:22.333Z] 15:25:22 [200] / 49ms
[2026-02-04T20:25:25.104Z] 15:25:25 [200] / 49ms
[2026-02-04T20:25:28.866Z] 15:25:28 [200] / 52ms
[2026-02-04T20:25:32.088Z] 15:25:32 [200] / 44ms
[2026-02-04T20:25:38.816Z] 15:25:38 [200] / 53ms
[2026-02-04T20:25:41.546Z] 15:25:41 [200] / 55ms
[2026-02-04T20:25:44.237Z] 15:25:44 [200] / 46ms
[2026-02-04T20:25:48.480Z] 15:25:48 [200] / 56ms
[2026-02-04T20:25:55.067Z] 15:25:55 [200] / 44ms
[2026-02-04T20:26:02.089Z] 15:26:02 [200] / 46ms
[2026-02-04T20:26:08.071Z] 15:26:08 [200] / 48ms
[2026-02-04T20:26:13.071Z] 15:26:13 [200] / 48ms
[2026-02-04T20:26:13.524Z] 15:26:13 [watch] src/layouts/Layout.astro
[2026-02-04T20:26:13.526Z] 15:26:13 [watch] src/layouts/Layout.astro
[2026-02-04T20:26:14.566Z] 15:26:14 [200] / 95ms
[2026-02-04T20:26:19.057Z] 15:26:19 [200] / 46ms
[2026-02-04T20:26:28.105Z] 15:26:28 [200] / 50ms
[2026-02-04T20:26:30.264Z] 15:26:30 [watch] src/pages/index.astro
[2026-02-04T20:26:30.265Z] 15:26:30 [watch] src/pages/index.astro
[2026-02-04T20:26:31.219Z] 15:26:31 [200] / 98ms
[2026-02-04T20:26:31.684Z] 15:26:31 [200] / 49ms
[2026-02-04T20:26:33.075Z] 15:26:33 [200] / 44ms
[2026-02-04T20:26:40.078Z] 15:26:40 [200] / 47ms
[2026-02-04T20:26:44.083Z] 15:26:44 [200] / 45ms
[2026-02-04T20:28:02.355Z] 15:28:02 [200] / 50ms
[2026-02-04T20:28:05.176Z] 15:28:05 [200] / 44ms
[2026-02-04T20:28:11.817Z] 15:28:11 [200] / 45ms
[2026-02-04T20:28:16.068Z] 15:28:16 [200] / 46ms
[2026-02-04T20:28:20.069Z] 15:28:20 [200] / 44ms
[2026-02-04T20:28:24.067Z] 15:28:24 [200] / 44ms
[2026-02-04T20:28:26.772Z] 15:28:26 [200] / 44ms
[2026-02-04T20:28:29.430Z] 15:28:29 [200] / 43ms
[2026-02-04T20:28:32.159Z] 15:28:32 [200] / 44ms
[2026-02-04T20:28:34.960Z] 15:28:34 [200] / 47ms
[2026-02-04T20:28:37.624Z] 15:28:37 [200] / 44ms
[2026-02-04T20:28:40.384Z] 15:28:40 [200] / 45ms
[2026-02-04T20:28:43.177Z] 15:28:43 [200] / 42ms
[2026-02-04T20:28:45.955Z] 15:28:45 [200] / 42ms
[2026-02-04T20:28:49.031Z] 15:28:49 [200] / 46ms
[2026-02-04T20:28:52.056Z] 15:28:52 [200] / 44ms
[2026-02-04T20:28:55.160Z] 15:28:55 [200] / 45ms
[2026-02-04T20:29:15.597Z] 15:29:15 [200] / 45ms
[2026-02-04T20:29:18.298Z] 15:29:18 [200] / 46ms
[2026-02-04T20:29:21.382Z] 15:29:21 [200] / 44ms
[2026-02-04T20:29:24.041Z] 15:29:24 [200] / 46ms
[2026-02-04T20:29:27.179Z] 15:29:27 [200] / 44ms
[2026-02-04T20:29:31.421Z] 15:29:31 [200] / 45ms
[2026-02-04T20:29:34.206Z] 15:29:34 [200] / 47ms
[2026-02-04T20:29:36.932Z] 15:29:36 [200] / 49ms
[2026-02-04T20:29:39.657Z] 15:29:39 [200] / 42ms
[2026-02-04T20:29:42.320Z] 15:29:42 [200] / 41ms
[2026-02-04T20:29:45.031Z] 15:29:45 [200] / 48ms
[2026-02-04T20:29:47.864Z] 15:29:47 [200] / 44ms
[2026-02-04T20:29:51.062Z] 15:29:51 [200] / 43ms
[2026-02-04T20:29:55.059Z] 15:29:55 [200] / 41ms
[2026-02-04T20:29:59.058Z] 15:29:59 [200] / 42ms
[2026-02-04T20:30:04.073Z] 15:30:04 [200] / 49ms
[2026-02-04T20:30:08.063Z] 15:30:08 [200] / 44ms
[2026-02-04T20:59:28.603Z] 15:59:28 [watch] src/pages/gewerbe-photovoltaik-leipzig.astro
[2026-02-04T20:59:28.604Z] 15:59:28 [watch] src/pages/gewerbe-photovoltaik-leipzig.astro
[2026-02-04T20:59:28.605Z] 15:59:28 [watch] src/pages/standorte/elbe-elster.astro
[2026-02-04T20:59:28.605Z] 15:59:28 [watch] src/pages/standorte/elbe-elster.astro
[2026-02-04T20:59:29.242Z] 15:59:29 [200] / 103ms
[2026-02-04T20:59:39.843Z] 15:59:39 [watch] src/pages/service.astro
[2026-02-04T20:59:39.844Z] 15:59:39 [watch] src/pages/service.astro
[2026-02-04T20:59:39.848Z] 15:59:39 [watch] src/pages/pv-wartung-leipzig.astro
[2026-02-04T20:59:39.849Z] 15:59:39 [watch] src/pages/pv-wartung-leipzig.astro
[2026-02-04T20:59:39.849Z] 15:59:39 [watch] src/pages/pv-reinigung-leipzig.astro
[2026-02-04T20:59:39.850Z] 15:59:39 [watch] src/pages/pv-reinigung-leipzig.astro
[2026-02-04T20:59:41.193Z] 15:59:41 [200] / 112ms
[2026-02-04T20:59:52.038Z] 15:59:52 [watch] src/pages/standorte/weissenfels.astro
[2026-02-04T20:59:52.039Z] 15:59:52 [watch] src/pages/standorte/weissenfels.astro
[2026-02-04T20:59:52.042Z] 15:59:52 [watch] src/pages/wallbox-leipzig.astro
[2026-02-04T20:59:52.043Z] 15:59:52 [watch] src/pages/wallbox-leipzig.astro
[2026-02-04T20:59:52.043Z] 15:59:52 [watch] src/pages/solarmanager.astro
[2026-02-04T20:59:52.044Z] 15:59:52 [watch] src/pages/solarmanager.astro
[2026-02-04T20:59:53.224Z] 15:59:53 [200] / 104ms
[2026-02-04T21:00:03.630Z] 16:00:03 [watch] src/pages/blog/wartungstipps-winter.astro
[2026-02-04T21:00:03.631Z] 16:00:03 [watch] src/pages/blog/wartungstipps-winter.astro
[2026-02-04T21:00:03.635Z] 16:00:03 [watch] src/pages/solarpark-betreuung.astro
[2026-02-04T21:00:03.635Z] 16:00:03 [watch] src/pages/solarpark-betreuung.astro
[2026-02-04T21:00:03.637Z] 16:00:03 [watch] src/pages/standorte/naumburg.astro
[2026-02-04T21:00:03.638Z] 16:00:03 [watch] src/pages/standorte/naumburg.astro
[2026-02-04T21:00:04.180Z] 16:00:04 [200] / 100ms
[2026-02-04T21:05:37.975Z] 16:05:37 [watch] src/pages/blog/fehler-solarkauf.astro
[2026-02-04T21:05:37.976Z] 16:05:37 [watch] src/pages/blog/fehler-solarkauf.astro
[2026-02-04T21:05:37.978Z] 16:05:37 [watch] src/pages/blog/solaranlage-wartung.astro
[2026-02-04T21:05:37.980Z] 16:05:37 [watch] src/pages/blog/solaranlage-wartung.astro
[2026-02-04T21:05:37.983Z] 16:05:37 [watch] src/pages/blog/neue-speicher-technologien-2026.astro
[2026-02-04T21:05:37.983Z] 16:05:37 [watch] src/pages/blog/neue-speicher-technologien-2026.astro
[2026-02-04T21:05:46.956Z] 16:05:46 [watch] src/pages/solarmanager.astro
[2026-02-04T21:05:46.956Z] 16:05:46 [watch] src/pages/solarmanager.astro
[2026-02-04T21:05:46.958Z] 16:05:46 [watch] src/pages/blog/photovoltaik-kosten-2026.astro
[2026-02-04T21:05:46.959Z] 16:05:46 [watch] src/pages/blog/photovoltaik-kosten-2026.astro
[2026-02-04T21:05:46.960Z] 16:05:46 [watch] src/pages/blog/stromspeicher-2026-lohnt-sich.astro
[2026-02-04T21:05:46.960Z] 16:05:46 [watch] src/pages/blog/stromspeicher-2026-lohnt-sich.astro
[2026-02-04T21:05:46.960Z] 16:05:46 [watch] src/pages/blog/stromspeicher-nachruesten.astro
[2026-02-04T21:05:46.961Z] 16:05:46 [watch] src/pages/blog/stromspeicher-nachruesten.astro
[2026-02-04T21:12:01.422Z] 16:12:01 [watch] src/pages/blog/solaranlage-wartung.astro
[2026-02-04T21:12:01.422Z] 16:12:01 [watch] src/pages/blog/solaranlage-wartung.astro
[2026-02-04T21:12:11.606Z] 16:12:11 [watch] src/pages/blog/stromspeicher-2026-lohnt-sich.astro
[2026-02-04T21:12:11.607Z] 16:12:11 [watch] src/pages/blog/stromspeicher-2026-lohnt-sich.astro
[2026-02-04T21:12:11.609Z] 16:12:11 [watch] src/pages/blog/fehler-solarkauf.astro
[2026-02-04T21:12:11.609Z] 16:12:11 [watch] src/pages/blog/fehler-solarkauf.astro
[2026-02-04T21:12:20.315Z] 16:12:20 [watch] src/pages/blog/neue-speicher-technologien-2026.astro
[2026-02-04T21:12:20.316Z] 16:12:20 [watch] src/pages/blog/neue-speicher-technologien-2026.astro
[2026-02-04T21:12:20.316Z] 16:12:20 [watch] src/pages/blog/photovoltaik-kosten-2026.astro
[2026-02-04T21:12:20.316Z] 16:12:20 [watch] src/pages/blog/photovoltaik-kosten-2026.astro
[2026-02-04T21:17:29.732Z] 16:17:29 [200] / 126ms
[2026-02-04T21:17:32.688Z] 16:17:32 [200] / 44ms
[2026-02-04T21:17:35.399Z] 16:17:35 [200] / 43ms
[2026-02-04T21:17:40.049Z] 16:17:40 [200] / 45ms
[2026-02-04T21:17:44.062Z] 16:17:44 [200] / 46ms
[2026-02-04T21:17:48.049Z] 16:17:48 [200] / 44ms
[2026-02-04T21:17:52.052Z] 16:17:52 [200] / 46ms
[2026-02-04T21:17:55.999Z] 16:17:55 [200] / 43ms
[2026-02-04T21:17:58.723Z] 16:17:58 [200] / 51ms
[2026-02-04T21:18:01.384Z] 16:18:01 [200] / 39ms
[2026-02-04T21:18:04.089Z] 16:18:04 [200] / 42ms
[2026-02-04T21:18:06.735Z] 16:18:06 [200] / 39ms
[2026-02-04T21:18:09.404Z] 16:18:09 [200] / 40ms
[2026-02-04T21:18:12.073Z] 16:18:12 [200] / 40ms
[2026-02-04T21:18:14.736Z] 16:18:14 [200] / 41ms
[2026-02-04T21:18:18.280Z] 16:18:18 [200] / 40ms
[2026-02-04T21:18:22.220Z] 16:18:22 [200] / 40ms
[2026-02-04T21:18:27.046Z] 16:18:27 [watch] src/pages/standorte/solaranlage-leipzig.astro
[2026-02-04T21:18:27.047Z] 16:18:27 [watch] src/pages/standorte/solaranlage-leipzig.astro
[2026-02-04T21:18:27.049Z] 16:18:27 [watch] src/pages/standorte/stromspeicher-leipzig.astro
[2026-02-04T21:18:27.050Z] 16:18:27 [watch] src/pages/standorte/stromspeicher-leipzig.astro
[2026-02-04T21:18:27.394Z] 16:18:27 [200] / 91ms
[2026-02-04T22:45:14.148Z] 17:45:14 [200] / 46ms
[2026-02-04T22:45:18.107Z] 17:45:18 [200] / 59ms
[2026-02-04T22:45:25.431Z] 17:45:25 [200] / 48ms
[2026-02-04T22:45:31.079Z] 17:45:31 [200] / 51ms
[2026-02-04T22:45:33.836Z] 17:45:33 [200] / 46ms
[2026-02-04T22:45:36.538Z] 17:45:36 [200] / 47ms
[2026-02-04T22:45:39.338Z] 17:45:39 [200] / 47ms
[2026-02-04T22:45:42.128Z] 17:45:42 [200] / 44ms
[2026-02-04T22:45:44.823Z] 17:45:44 [200] / 41ms
[2026-02-04T22:45:47.521Z] 17:45:47 [200] / 44ms
[2026-02-04T22:45:50.317Z] 17:45:50 [200] / 44ms
[2026-02-04T22:45:53.006Z] 17:45:53 [200] / 44ms
[2026-02-04T22:45:55.694Z] 17:45:55 [200] / 55ms
[2026-02-04T22:45:58.495Z] 17:45:58 [200] / 45ms
[2026-02-04T22:46:01.177Z] 17:46:01 [200] / 43ms
[2026-02-04T22:46:03.885Z] 17:46:03 [200] / 47ms
[2026-02-04T22:46:06.616Z] 17:46:06 [200] / 46ms
[2026-02-04T22:58:25.548Z] 17:58:25 [watch] src/pages/solaranlage-leipzig.astro
[2026-02-04T22:58:25.549Z] 17:58:25 [watch] src/pages/solaranlage-leipzig.astro
[2026-02-04T22:58:26.154Z] 17:58:26 [200] / 85ms
[2026-02-04T22:58:26.434Z] 17:58:26 [200] / 43ms
[2026-02-04T22:58:29.651Z] 17:58:29 [200] / 43ms
[2026-02-04T22:58:34.787Z] 17:58:34 [200] / 43ms
[2026-02-04T22:58:38.054Z] 17:58:38 [200] / 42ms
[2026-02-04T22:58:41.030Z] 17:58:41 [200] / 43ms
[2026-02-04T22:58:43.715Z] 17:58:43 [200] / 72ms
[2026-02-04T22:58:46.432Z] 17:58:46 [200] / 73ms
[2026-02-04T22:58:49.141Z] 17:58:49 [200] / 49ms
[2026-02-04T22:58:51.837Z] 17:58:51 [200] / 50ms
[2026-02-04T22:58:54.570Z] 17:58:54 [200] / 62ms
[2026-02-04T22:58:59.833Z] 17:58:59 [200] / 49ms
[2026-02-04T22:59:05.595Z] 17:59:05 [200] / 62ms
[2026-02-04T22:59:08.292Z] 17:59:08 [200] / 57ms
[2026-02-04T22:59:11.108Z] 17:59:11 [200] / 47ms
[2026-02-04T22:59:13.823Z] 17:59:13 [200] / 44ms
[2026-02-04T22:59:16.639Z] 17:59:16 [200] / 46ms
[2026-02-04T22:59:19.284Z] 17:59:19 [200] / 43ms
[2026-02-04T23:05:52.400Z] 18:05:52 [watch] src/components/Header.astro
[2026-02-04T23:05:52.400Z] 18:05:52 [watch] src/components/Header.astro
[2026-02-04T23:05:53.163Z] 18:05:53 [200] / 103ms
[2026-02-04T23:05:56.184Z] 18:05:56 [200] / 45ms
[2026-02-04T23:05:59.571Z] 18:05:59 [200] / 43ms
[2026-02-04T23:06:02.419Z] 18:06:02 [200] / 43ms
[2026-02-04T23:06:05.735Z] 18:06:05 [200] / 56ms
[2026-02-04T23:06:08.412Z] 18:06:08 [200] / 44ms
[2026-02-04T23:06:11.126Z] 18:06:11 [200] / 44ms
[2026-02-04T23:06:13.836Z] 18:06:13 [200] / 45ms
[2026-02-04T23:06:16.588Z] 18:06:16 [200] / 45ms
[2026-02-04T23:06:19.283Z] 18:06:19 [200] / 41ms
[2026-02-04T23:06:23.275Z] 18:06:23 [200] / 45ms
[2026-02-04T23:06:28.119Z] 18:06:28 [200] / 44ms
[2026-02-04T23:06:30.831Z] 18:06:30 [200] / 48ms
[2026-02-04T23:06:33.504Z] 18:06:33 [200] / 40ms
[2026-02-04T23:06:36.214Z] 18:06:36 [200] / 52ms
[2026-02-04T23:06:38.908Z] 18:06:38 [200] / 41ms
[2026-02-04T23:06:41.608Z] 18:06:41 [200] / 40ms
[2026-02-04T23:08:35.365Z] 18:08:35 [watch] src/pages/solaranlage-leipzig.astro
[2026-02-04T23:08:35.366Z] 18:08:35 [watch] src/pages/solaranlage-leipzig.astro
[2026-02-04T23:08:35.374Z] 18:08:35 [watch] src/pages/standorte/solaranlage-leipzig.astro
[2026-02-04T23:08:35.374Z] 18:08:35 [watch] src/pages/standorte/solaranlage-leipzig.astro
[2026-02-04T23:08:36.158Z] 18:08:36 [200] / 103ms
[2026-02-04T23:08:43.371Z] 18:08:43 [watch] src/components/LocalBusinessSchema.astro
[2026-02-04T23:08:43.372Z] 18:08:43 [watch] src/components/LocalBusinessSchema.astro
[2026-02-04T23:08:43.377Z] 18:08:43 [watch] src/components/MultiStepForm.astro
[2026-02-04T23:08:43.384Z] 18:08:43 [watch] src/pages/solaranlage-leipzig.astro
[2026-02-04T23:08:43.385Z] 18:08:43 [watch] src/pages/solaranlage-leipzig.astro
[2026-02-04T23:08:43.386Z] 18:08:43 [watch] src/pages/standorte/solaranlage-leipzig.astro
[2026-02-04T23:08:43.387Z] 18:08:43 [watch] src/pages/standorte/solaranlage-leipzig.astro
[2026-02-04T23:08:44.195Z] 18:08:44 [200] / 104ms
[2026-02-04T23:11:01.681Z] 18:11:01 [200] / 40ms
[2026-02-04T23:11:04.397Z] 18:11:04 [200] / 49ms
[2026-02-04T23:11:07.094Z] 18:11:07 [200] / 46ms
[2026-02-04T23:11:09.859Z] 18:11:09 [200] / 44ms
[2026-02-04T23:11:12.568Z] 18:11:12 [200] / 45ms
[2026-02-04T23:11:15.385Z] 18:11:15 [200] / 46ms
[2026-02-04T23:11:18.131Z] 18:11:18 [200] / 46ms
[2026-02-04T23:11:21.214Z] 18:11:21 [200] / 43ms
[2026-02-04T23:11:23.946Z] 18:11:23 [200] / 47ms
[2026-02-04T23:11:26.692Z] 18:11:26 [200] / 46ms
[2026-02-04T23:11:29.394Z] 18:11:29 [200] / 42ms
[2026-02-04T23:11:32.229Z] 18:11:32 [200] / 46ms
[2026-02-04T23:11:34.936Z] 18:11:34 [200] / 43ms
[2026-02-04T23:11:37.647Z] 18:11:37 [200] / 44ms
[2026-02-04T23:11:40.336Z] 18:11:40 [200] / 42ms
[2026-02-04T23:11:43.955Z] 18:11:43 [200] / 49ms
[2026-02-04T23:11:46.657Z] 18:11:46 [200] / 41ms
[2026-02-04T23:13:39.794Z] 18:13:39 [watch] src/pages/solaranlage-leipzig.astro
[2026-02-04T23:13:39.795Z] 18:13:39 [watch] src/pages/solaranlage-leipzig.astro
[2026-02-04T23:13:40.921Z] 18:13:40 [200] / 88ms
[2026-02-04T23:13:44.705Z] 18:13:44 [200] / 42ms
[2026-02-04T23:13:47.535Z] 18:13:47 [200] / 44ms
[2026-02-04T23:13:52.103Z] 18:13:52 [200] / 39ms
[2026-02-04T23:13:58.724Z] 18:13:58 [200] / 41ms
[2026-02-04T23:14:01.544Z] 18:14:01 [200] / 40ms
[2026-02-04T23:14:03.442Z] 18:14:03 [watch] src/pages/standorte/photovoltaik-anbieter-leipzig.astro
[2026-02-04T23:14:03.443Z] 18:14:03 [watch] src/pages/standorte/photovoltaik-anbieter-leipzig.astro
[2026-02-04T23:14:04.068Z] 18:14:04 [200] / 88ms
[2026-02-04T23:14:04.262Z] 18:14:04 [200] / 38ms
[2026-02-04T23:14:07.126Z] 18:14:07 [200] / 44ms
[2026-02-04T23:14:09.945Z] 18:14:09 [200] / 46ms
[2026-02-04T23:14:12.819Z] 18:14:12 [200] / 42ms
[2026-02-04T23:14:13.022Z] 18:14:13 [watch] src/pages/standorte/solarteur-leipzig.astro
[2026-02-04T23:14:13.023Z] 18:14:13 [watch] src/pages/standorte/solarteur-leipzig.astro
[2026-02-04T23:14:14.007Z] 18:14:14 [200] / 84ms
[2026-02-04T23:14:19.492Z] 18:14:19 [200] / 41ms
[2026-02-04T23:14:20.931Z] 18:14:20 [watch] src/pages/standorte/solaranlage-leipzig.astro
[2026-02-04T23:14:20.932Z] 18:14:20 [watch] src/pages/standorte/solaranlage-leipzig.astro
[2026-02-04T23:14:21.659Z] 18:14:21 [200] / 84ms
[2026-02-04T23:14:22.440Z] 18:14:22 [200] / 40ms
[2026-02-04T23:14:29.129Z] 18:14:29 [watch] src/pages/gewerbe.astro
[2026-02-04T23:14:29.130Z] 18:14:29 [watch] src/pages/gewerbe.astro
[2026-02-04T23:14:37.387Z] 18:14:37 [watch] src/pages/stromspeicher.astro
[2026-02-04T23:14:37.388Z] 18:14:37 [watch] src/pages/stromspeicher.astro
[2026-02-04T23:14:45.993Z] 18:14:45 [watch] src/pages/wallbox.astro
[2026-02-04T23:14:45.994Z] 18:14:45 [watch] src/pages/wallbox.astro
[2026-02-04T23:14:54.760Z] 18:14:54 [watch] src/pages/solarmanager.astro
[2026-02-04T23:14:54.761Z] 18:14:54 [watch] src/pages/solarmanager.astro
[2026-02-04T23:15:07.472Z] 18:15:07 [watch] src/pages/blog/fehler-solarkauf.astro
[2026-02-04T23:15:07.474Z] 18:15:07 [watch] src/pages/blog/fehler-solarkauf.astro
[2026-02-04T23:15:15.710Z] 18:15:15 [watch] src/pages/blog/fehler-solarkauf.astro
[2026-02-04T23:15:15.711Z] 18:15:15 [watch] src/pages/blog/fehler-solarkauf.astro
[2026-02-04T23:15:15.714Z] 18:15:15 [watch] src/pages/blog/neue-speicher-technologien-2026.astro
[2026-02-04T23:15:15.715Z] 18:15:15 [watch] src/pages/blog/neue-speicher-technologien-2026.astro
[2026-02-04T23:15:15.719Z] 18:15:15 [watch] src/pages/blog/photovoltaik-foerderung-2026.astro
[2026-02-04T23:15:15.719Z] 18:15:15 [watch] src/pages/blog/photovoltaik-foerderung-2026.astro
[2026-02-04T23:15:15.722Z] 18:15:15 [watch] src/pages/blog/photovoltaik-kosten-2026.astro
[2026-02-04T23:15:15.723Z] 18:15:15 [watch] src/pages/blog/photovoltaik-kosten-2026.astro
[2026-02-04T23:15:15.723Z] 18:15:15 [watch] src/pages/blog/solar-leipzig.astro
[2026-02-04T23:15:15.724Z] 18:15:15 [watch] src/pages/blog/solar-leipzig.astro
[2026-02-04T23:15:15.725Z] 18:15:15 [watch] src/pages/blog/solaranlage-wartung.astro
[2026-02-04T23:15:15.726Z] 18:15:15 [watch] src/pages/blog/solaranlage-wartung.astro
[2026-02-04T23:15:15.728Z] 18:15:15 [watch] src/pages/blog/stromspeicher-2026-lohnt-sich.astro
[2026-02-04T23:15:15.729Z] 18:15:15 [watch] src/pages/blog/stromspeicher-2026-lohnt-sich.astro
[2026-02-04T23:15:15.730Z] 18:15:15 [watch] src/pages/blog/stromspeicher-nachruesten.astro
[2026-02-04T23:15:15.731Z] 18:15:15 [watch] src/pages/blog/stromspeicher-nachruesten.astro
[2026-02-04T23:15:15.732Z] 18:15:15 [watch] src/pages/blog/stromspeicher-vergleich-2026.astro
[2026-02-04T23:15:15.733Z] 18:15:15 [watch] src/pages/blog/stromspeicher-vergleich-2026.astro
[2026-02-04T23:15:15.733Z] 18:15:15 [watch] src/pages/blog/wartungstipps-winter.astro
[2026-02-04T23:15:15.734Z] 18:15:15 [watch] src/pages/blog/wartungstipps-winter.astro
[2026-02-04T23:22:58.035Z] 18:22:58 [200] / 169ms
[2026-02-04T23:23:01.115Z] 18:23:01 [200] / 40ms
[2026-02-04T23:23:03.783Z] 18:23:03 [200] / 42ms
[2026-02-04T23:23:06.605Z] 18:23:06 [200] / 40ms
[2026-02-04T23:23:09.281Z] 18:23:09 [200] / 41ms
[2026-02-04T23:23:12.117Z] 18:23:12 [200] / 42ms
[2026-02-04T23:23:14.804Z] 18:23:14 [200] / 40ms
[2026-02-04T23:23:17.648Z] 18:23:17 [200] / 51ms
[2026-02-04T23:23:20.344Z] 18:23:20 [200] / 40ms
[2026-02-04T23:23:23.062Z] 18:23:23 [200] / 70ms
[2026-02-04T23:23:25.871Z] 18:23:25 [200] / 69ms
[2026-02-04T23:23:28.551Z] 18:23:28 [200] / 47ms
[2026-02-04T23:23:31.221Z] 18:23:31 [200] / 46ms
[2026-02-04T23:23:33.888Z] 18:23:33 [200] / 52ms
[2026-02-04T23:23:36.572Z] 18:23:36 [200] / 43ms
[2026-02-04T23:23:39.241Z] 18:23:39 [200] / 43ms
[2026-02-04T23:23:41.939Z] 18:23:41 [200] / 48ms
[2026-02-04T23:25:30.880Z] 18:25:30 [200] / 44ms
[2026-02-04T23:33:27.350Z] 18:33:27 [200] / 43ms
[2026-02-04T23:33:30.390Z] 18:33:30 [200] / 45ms
[2026-02-04T23:33:33.088Z] 18:33:33 [200] / 46ms
[2026-02-04T23:33:35.771Z] 18:33:35 [200] / 46ms
[2026-02-04T23:33:38.521Z] 18:33:38 [200] / 44ms
[2026-02-04T23:33:41.188Z] 18:33:41 [200] / 44ms
[2026-02-04T23:33:43.942Z] 18:33:43 [200] / 42ms
[2026-02-04T23:33:46.592Z] 18:33:46 [200] / 42ms
[2026-02-04T23:33:49.260Z] 18:33:49 [200] / 44ms
[2026-02-04T23:33:52.040Z] 18:33:52 [200] / 44ms
[2026-02-04T23:33:54.698Z] 18:33:54 [200] / 44ms
[2026-02-04T23:33:57.419Z] 18:33:57 [200] / 43ms
[2026-02-04T23:34:00.226Z] 18:34:00 [200] / 42ms
[2026-02-04T23:34:02.950Z] 18:34:02 [200] / 42ms
[2026-02-04T23:34:07.570Z] 18:34:07 [200] / 41ms
[2026-02-04T23:34:12.161Z] 18:34:12 [200] / 41ms
[2026-02-04T23:34:14.882Z] 18:34:14 [200] / 43ms
[2026-02-04T23:40:43.680Z] 18:40:43 [200] / 46ms
[2026-02-04T23:40:46.761Z] 18:40:46 [200] / 44ms
[2026-02-04T23:40:49.600Z] 18:40:49 [200] / 42ms
[2026-02-04T23:40:52.277Z] 18:40:52 [200] / 44ms
[2026-02-04T23:40:54.997Z] 18:40:54 [200] / 44ms
[2026-02-04T23:40:57.781Z] 18:40:57 [200] / 43ms
[2026-02-04T23:41:00.657Z] 18:41:00 [200] / 43ms
[2026-02-04T23:41:03.355Z] 18:41:03 [200] / 41ms
[2026-02-04T23:41:06.083Z] 18:41:06 [200] / 41ms
[2026-02-05T05:38:26.385Z] 00:38:26 [200] / 1170ms
[2026-02-05T05:38:29.466Z] 00:38:29 [200] / 46ms
[2026-02-05T05:38:53.736Z] 00:38:53 [200] / 174ms
[2026-02-05T05:38:59.293Z] 00:38:59 [200] / 45ms
[2026-02-05T05:39:02.021Z] 00:39:02 [200] / 42ms
[2026-02-05T05:39:04.790Z] 00:39:04 [200] / 38ms
[2026-02-05T05:39:07.549Z] 00:39:07 [200] / 39ms
[2026-02-05T05:39:07.563Z] 00:39:07 [watch] src/components/Breadcrumb.astro
[2026-02-05T05:39:07.564Z] 00:39:07 [watch] src/components/Breadcrumb.astro
[2026-02-05T05:39:07.568Z] 00:39:07 [watch] src/components/CookieBanner.astro
[2026-02-05T05:39:07.568Z] 00:39:07 [watch] src/components/CookieBanner.astro
[2026-02-05T05:39:07.570Z] 00:39:07 [watch] src/components/ExitIntentPopup.astro
[2026-02-05T05:39:07.573Z] 00:39:07 [watch] src/components/GoogleReviews.astro
[2026-02-05T05:39:07.573Z] 00:39:07 [watch] src/components/GoogleReviews.astro
[2026-02-05T05:39:07.575Z] 00:39:07 [watch] src/components/Footer.astro
[2026-02-05T05:39:07.575Z] 00:39:07 [watch] src/components/Footer.astro
[2026-02-05T05:39:07.579Z] 00:39:07 [watch] src/components/Header.astro
[2026-02-05T05:39:07.579Z] 00:39:07 [watch] src/components/Header.astro
[2026-02-05T05:39:07.579Z] 00:39:07 [watch] src/components/LocalBusinessSchema.astro
[2026-02-05T05:39:07.580Z] 00:39:07 [watch] src/components/LocalBusinessSchema.astro
[2026-02-05T05:39:07.581Z] 00:39:07 [watch] src/components/StandorteMap.astro
[2026-02-05T05:39:07.581Z] 00:39:07 [watch] src/components/StandorteMap.astro
[2026-02-05T05:39:07.581Z] 00:39:07 [watch] src/components/MultiStepForm.astro
[2026-02-05T05:39:07.586Z] 00:39:07 [watch] src/layouts/Layout.astro
[2026-02-05T05:39:07.586Z] 00:39:07 [watch] src/layouts/Layout.astro
[2026-02-05T05:39:07.588Z] 00:39:07 [watch] src/pages/admin.astro
[2026-02-05T05:39:07.588Z] 00:39:07 [watch] src/pages/admin.astro
[2026-02-05T05:39:07.591Z] 00:39:07 [watch] src/pages/agb.astro
[2026-02-05T05:39:07.591Z] 00:39:07 [watch] src/pages/agb.astro
[2026-02-05T05:39:07.596Z] 00:39:07 [watch] src/pages/analytics.astro
[2026-02-05T05:39:07.596Z] 00:39:07 [watch] src/pages/analytics.astro
[2026-02-05T05:39:07.598Z] 00:39:07 [watch] src/pages/blog.astro
[2026-02-05T05:39:07.598Z] 00:39:07 [watch] src/pages/blog.astro
[2026-02-05T05:39:07.600Z] 00:39:07 [watch] src/pages/blog/fehler-solarkauf.astro
[2026-02-05T05:39:07.601Z] 00:39:07 [watch] src/pages/blog/fehler-solarkauf.astro
[2026-02-05T05:39:07.601Z] 00:39:07 [watch] src/pages/blog/neue-speicher-technologien-2026.astro
[2026-02-05T05:39:07.601Z] 00:39:07 [watch] src/pages/blog/neue-speicher-technologien-2026.astro
[2026-02-05T05:39:07.602Z] 00:39:07 [watch] src/pages/blog/photovoltaik-foerderung-2026.astro
[2026-02-05T05:39:07.602Z] 00:39:07 [watch] src/pages/blog/photovoltaik-foerderung-2026.astro
[2026-02-05T05:39:07.604Z] 00:39:07 [watch] src/pages/blog/photovoltaik-kosten-2026.astro
[2026-02-05T05:39:07.604Z] 00:39:07 [watch] src/pages/blog/photovoltaik-kosten-2026.astro
[2026-02-05T05:39:07.606Z] 00:39:07 [watch] src/pages/blog/solar-leipzig.astro
[2026-02-05T05:39:07.606Z] 00:39:07 [watch] src/pages/blog/solar-leipzig.astro
[2026-02-05T05:39:07.608Z] 00:39:07 [watch] src/pages/blog/solaranlage-wartung.astro
[2026-02-05T05:39:07.608Z] 00:39:07 [watch] src/pages/blog/solaranlage-wartung.astro
[2026-02-05T05:39:07.611Z] 00:39:07 [watch] src/pages/blog/stromspeicher-2026-lohnt-sich.astro
[2026-02-05T05:39:07.612Z] 00:39:07 [watch] src/pages/blog/stromspeicher-2026-lohnt-sich.astro
[2026-02-05T05:39:07.613Z] 00:39:07 [watch] src/pages/blog/stromspeicher-nachruesten.astro
[2026-02-05T05:39:07.613Z] 00:39:07 [watch] src/pages/blog/stromspeicher-nachruesten.astro
[2026-02-05T05:39:07.615Z] 00:39:07 [watch] src/pages/blog/stromspeicher-vergleich-2026.astro
[2026-02-05T05:39:07.616Z] 00:39:07 [watch] src/pages/blog/stromspeicher-vergleich-2026.astro
[2026-02-05T05:39:07.616Z] 00:39:07 [watch] src/pages/blog/wartungstipps-winter.astro
[2026-02-05T05:39:07.616Z] 00:39:07 [watch] src/pages/blog/wartungstipps-winter.astro
[2026-02-05T05:39:07.622Z] 00:39:07 [watch] src/pages/dashboard.astro
[2026-02-05T05:39:07.622Z] 00:39:07 [watch] src/pages/dashboard.astro
[2026-02-05T05:39:07.626Z] 00:39:07 [watch] src/pages/dashboard/cta-tracking.astro
[2026-02-05T05:39:07.626Z] 00:39:07 [watch] src/pages/dashboard/cta-tracking.astro
[2026-02-05T05:39:07.628Z] 00:39:07 [watch] src/pages/datenschutz.astro
[2026-02-05T05:39:07.628Z] 00:39:07 [watch] src/pages/datenschutz.astro
[2026-02-05T05:39:07.628Z] 00:39:07 [watch] src/pages/faq.astro
[2026-02-05T05:39:07.628Z] 00:39:07 [watch] src/pages/faq.astro
[2026-02-05T05:39:07.632Z] 00:39:07 [watch] src/pages/gewerbe-photovoltaik-leipzig.astro
[2026-02-05T05:39:07.633Z] 00:39:07 [watch] src/pages/gewerbe-photovoltaik-leipzig.astro
[2026-02-05T05:39:07.633Z] 00:39:07 [watch] src/pages/gewerbe.astro
[2026-02-05T05:39:07.634Z] 00:39:07 [watch] src/pages/gewerbe.astro
[2026-02-05T05:39:07.634Z] 00:39:07 [watch] src/pages/heizung.astro
[2026-02-05T05:39:07.634Z] 00:39:07 [watch] src/pages/heizung.astro
[2026-02-05T05:39:07.636Z] 00:39:07 [watch] src/pages/impressum.astro
[2026-02-05T05:39:07.637Z] 00:39:07 [watch] src/pages/impressum.astro
[2026-02-05T05:39:07.641Z] 00:39:07 [watch] src/pages/kontakt.astro
[2026-02-05T05:39:07.641Z] 00:39:07 [watch] src/pages/kontakt.astro
[2026-02-05T05:39:07.645Z] 00:39:07 [watch] src/pages/index.astro
[2026-02-05T05:39:07.645Z] 00:39:07 [watch] src/pages/index.astro
[2026-02-05T05:39:07.645Z] 00:39:07 [watch] src/pages/privat.astro
[2026-02-05T05:39:07.645Z] 00:39:07 [watch] src/pages/privat.astro
[2026-02-05T05:39:07.646Z] 00:39:07 [watch] src/pages/pv-reinigung-leipzig.astro
[2026-02-05T05:39:07.646Z] 00:39:07 [watch] src/pages/pv-reinigung-leipzig.astro
[2026-02-05T05:39:07.649Z] 00:39:07 [watch] src/pages/ratgeber.astro
[2026-02-05T05:39:07.649Z] 00:39:07 [watch] src/pages/ratgeber.astro
[2026-02-05T05:39:07.650Z] 00:39:07 [watch] src/pages/pv-wartung-leipzig.astro
[2026-02-05T05:39:07.650Z] 00:39:07 [watch] src/pages/pv-wartung-leipzig.astro
[2026-02-05T05:39:07.653Z] 00:39:07 [watch] src/pages/ratgeber/foerderung.astro
[2026-02-05T05:39:07.654Z] 00:39:07 [watch] src/pages/ratgeber/foerderung.astro
[2026-02-05T05:39:07.654Z] 00:39:07 [watch] src/pages/ratgeber/kosten.astro
[2026-02-05T05:39:07.655Z] 00:39:07 [watch] src/pages/ratgeber/kosten.astro
[2026-02-05T05:39:07.658Z] 00:39:07 [watch] src/pages/ratgeber/wirtschaftlichkeit.astro
[2026-02-05T05:39:07.658Z] 00:39:07 [watch] src/pages/ratgeber/wirtschaftlichkeit.astro
[2026-02-05T05:39:07.660Z] 00:39:07 [watch] src/pages/referenzen.astro
[2026-02-05T05:39:07.660Z] 00:39:07 [watch] src/pages/referenzen.astro
[2026-02-05T05:39:07.663Z] 00:39:07 [watch] src/pages/seo.astro
[2026-02-05T05:39:07.663Z] 00:39:07 [watch] src/pages/seo.astro
[2026-02-05T05:39:07.663Z] 00:39:07 [watch] src/pages/service.astro
[2026-02-05T05:39:07.664Z] 00:39:07 [watch] src/pages/service.astro
[2026-02-05T05:39:07.668Z] 00:39:07 [watch] src/pages/solaranlage-leipzig.astro
[2026-02-05T05:39:07.669Z] 00:39:07 [watch] src/pages/solaranlage-leipzig.astro
[2026-02-05T05:39:07.669Z] 00:39:07 [watch] src/pages/solarmanager.astro
[2026-02-05T05:39:07.669Z] 00:39:07 [watch] src/pages/solarmanager.astro
[2026-02-05T05:39:07.672Z] 00:39:07 [watch] src/pages/solarpark-betreuung.astro
[2026-02-05T05:39:07.672Z] 00:39:07 [watch] src/pages/solarpark-betreuung.astro
[2026-02-05T05:39:07.675Z] 00:39:07 [watch] src/pages/standorte.astro
[2026-02-05T05:39:07.675Z] 00:39:07 [watch] src/pages/standorte.astro
[2026-02-05T05:39:07.677Z] 00:39:07 [watch] src/pages/standorte/anhalt-bitterfeld.astro
[2026-02-05T05:39:07.677Z] 00:39:07 [watch] src/pages/standorte/anhalt-bitterfeld.astro
[2026-02-05T05:39:07.679Z] 00:39:07 [watch] src/pages/standorte/borna.astro
[2026-02-05T05:39:07.679Z] 00:39:07 [watch] src/pages/standorte/borna.astro
[2026-02-05T05:39:07.681Z] 00:39:07 [watch] src/pages/standorte/burgenlandkreis.astro
[2026-02-05T05:39:07.682Z] 00:39:07 [watch] src/pages/standorte/burgenlandkreis.astro
[2026-02-05T05:39:07.682Z] 00:39:07 [watch] src/pages/standorte/dresden.astro
[2026-02-05T05:39:07.682Z] 00:39:07 [watch] src/pages/standorte/dresden.astro
[2026-02-05T05:39:07.683Z] 00:39:07 [watch] src/pages/standorte/elbe-elster.astro
[2026-02-05T05:39:07.683Z] 00:39:07 [watch] src/pages/standorte/elbe-elster.astro
[2026-02-05T05:39:07.684Z] 00:39:07 [watch] src/pages/standorte/erfurt.astro
[2026-02-05T05:39:07.685Z] 00:39:07 [watch] src/pages/standorte/erfurt.astro
[2026-02-05T05:39:07.685Z] 00:39:07 [watch] src/pages/standorte/gera.astro
[2026-02-05T05:39:07.685Z] 00:39:07 [watch] src/pages/standorte/gera.astro
[2026-02-05T05:39:07.687Z] 00:39:07 [watch] src/pages/standorte/grimma.astro
[2026-02-05T05:39:07.688Z] 00:39:07 [watch] src/pages/standorte/grimma.astro
[2026-02-05T05:39:07.689Z] 00:39:07 [watch] src/pages/standorte/halle.astro
[2026-02-05T05:39:07.690Z] 00:39:07 [watch] src/pages/standorte/halle.astro
[2026-02-05T05:39:07.691Z] 00:39:07 [watch] src/pages/standorte/leipzig.astro
[2026-02-05T05:39:07.691Z] 00:39:07 [watch] src/pages/standorte/leipzig.astro
[2026-02-05T05:39:07.694Z] 00:39:07 [watch] src/pages/standorte/magdeburg.astro
[2026-02-05T05:39:07.695Z] 00:39:07 [watch] src/pages/standorte/magdeburg.astro
[2026-02-05T05:39:07.695Z] 00:39:07 [watch] src/pages/standorte/naumburg.astro
[2026-02-05T05:39:07.695Z] 00:39:07 [watch] src/pages/standorte/naumburg.astro
[2026-02-05T05:39:07.697Z] 00:39:07 [watch] src/pages/standorte/nordsachsen.astro
[2026-02-05T05:39:07.697Z] 00:39:07 [watch] src/pages/standorte/nordsachsen.astro
[2026-02-05T05:39:07.698Z] 00:39:07 [watch] src/pages/standorte/photovoltaik-anbieter-leipzig.astro
[2026-02-05T05:39:07.698Z] 00:39:07 [watch] src/pages/standorte/photovoltaik-anbieter-leipzig.astro
[2026-02-05T05:39:07.699Z] 00:39:07 [watch] src/pages/standorte/photovoltaik-delitzsch.astro
[2026-02-05T05:39:07.700Z] 00:39:07 [watch] src/pages/standorte/photovoltaik-delitzsch.astro
[2026-02-05T05:39:07.704Z] 00:39:07 [watch] src/pages/standorte/photovoltaik-eilenburg.astro
[2026-02-05T05:39:07.704Z] 00:39:07 [watch] src/pages/standorte/photovoltaik-eilenburg.astro
[2026-02-05T05:39:07.705Z] 00:39:07 [watch] src/pages/standorte/photovoltaik-firma-leipzig.astro
[2026-02-05T05:39:07.706Z] 00:39:07 [watch] src/pages/standorte/photovoltaik-firma-leipzig.astro
[2026-02-05T05:39:07.706Z] 00:39:07 [watch] src/pages/standorte/photovoltaik-markkleeberg.astro
[2026-02-05T05:39:07.707Z] 00:39:07 [watch] src/pages/standorte/photovoltaik-markkleeberg.astro
[2026-02-05T05:39:07.708Z] 00:39:07 [watch] src/pages/standorte/photovoltaik-taucha.astro
[2026-02-05T05:39:07.709Z] 00:39:07 [watch] src/pages/standorte/photovoltaik-taucha.astro
[2026-02-05T05:39:07.711Z] 00:39:07 [watch] src/pages/standorte/photovoltaik-wurzen.astro
[2026-02-05T05:39:07.712Z] 00:39:07 [watch] src/pages/standorte/photovoltaik-wurzen.astro
[2026-02-05T05:39:07.712Z] 00:39:07 [watch] src/pages/standorte/saalekreis.astro
[2026-02-05T05:39:07.712Z] 00:39:07 [watch] src/pages/standorte/saalekreis.astro
[2026-02-05T05:39:07.718Z] 00:39:07 [watch] src/pages/standorte/solaranlage-kaufen-leipzig.astro
[2026-02-05T05:39:07.718Z] 00:39:07 [watch] src/pages/standorte/solaranlage-kaufen-leipzig.astro
[2026-02-05T05:39:07.725Z] 00:39:07 [watch] src/pages/standorte/solaranlage-leipzig.astro
[2026-02-05T05:39:07.725Z] 00:39:07 [watch] src/pages/standorte/solaranlage-leipzig.astro
[2026-02-05T05:39:07.728Z] 00:39:07 [watch] src/pages/standorte/solarteur-leipzig.astro
[2026-02-05T05:39:07.729Z] 00:39:07 [watch] src/pages/standorte/solarteur-leipzig.astro
[2026-02-05T05:39:07.729Z] 00:39:07 [watch] src/pages/standorte/stromspeicher-leipzig.astro
[2026-02-05T05:39:07.729Z] 00:39:07 [watch] src/pages/standorte/stromspeicher-leipzig.astro
[2026-02-05T05:39:07.730Z] 00:39:07 [watch] src/pages/standorte/wallbox-leipzig.astro
[2026-02-05T05:39:07.730Z] 00:39:07 [watch] src/pages/standorte/wallbox-leipzig.astro
[2026-02-05T05:39:07.732Z] 00:39:07 [watch] src/pages/standorte/weissenfels.astro
[2026-02-05T05:39:07.732Z] 00:39:07 [watch] src/pages/standorte/weissenfels.astro
[2026-02-05T05:39:07.732Z] 00:39:07 [watch] src/pages/standorte/zeitz.astro
[2026-02-05T05:39:07.732Z] 00:39:07 [watch] src/pages/standorte/zeitz.astro
[2026-02-05T05:39:07.734Z] 00:39:07 [watch] src/pages/stromspeicher.astro
[2026-02-05T05:39:07.734Z] 00:39:07 [watch] src/pages/stromspeicher.astro
[2026-02-05T05:39:07.734Z] 00:39:07 [watch] src/pages/wallbox-leipzig.astro
[2026-02-05T05:39:07.734Z] 00:39:07 [watch] src/pages/wallbox-leipzig.astro
[2026-02-05T05:39:07.735Z] 00:39:07 [watch] src/pages/wallbox.astro
[2026-02-05T05:39:07.735Z] 00:39:07 [watch] src/pages/wallbox.astro
[2026-02-05T05:39:12.579Z] 00:39:12 [200] / 1121ms
[2026-02-05T05:39:17.161Z] 00:39:17 [200] / 39ms
[2026-02-05T05:39:19.943Z] 00:39:19 [200] / 39ms
[2026-02-05T05:39:22.845Z] 00:39:22 [200] / 40ms
[2026-02-05T05:39:23.569Z] 00:39:23 [watch] src/pages/ratgeber/wirtschaftlichkeit.astro
[2026-02-05T05:39:23.572Z] 00:39:23 [watch] src/pages/ratgeber/wirtschaftlichkeit.astro
[2026-02-05T05:39:24.143Z] 00:39:24 [200] / 82ms
[2026-02-05T05:39:25.521Z] 00:39:25 [200] / 42ms
[2026-02-05T05:39:26.836Z] 00:39:26 [200] / 40ms
[2026-02-05T05:39:28.180Z] 00:39:28 [200] / 41ms
[2026-02-05T05:40:19.893Z] 00:40:19 [200] / 65ms
[2026-02-05T05:46:40.154Z] 00:46:40 [200] / 69ms
[2026-02-05T05:46:43.185Z] 00:46:43 [200] / 69ms
[2026-02-05T05:46:46.000Z] 00:46:46 [200] / 46ms
[2026-02-05T05:46:48.820Z] 00:46:48 [200] / 44ms
[2026-02-05T05:46:51.500Z] 00:46:51 [200] / 42ms
[2026-02-05T05:46:54.169Z] 00:46:54 [200] / 42ms
[2026-02-05T05:46:56.871Z] 00:46:56 [200] / 42ms
[2026-02-05T05:46:59.714Z] 00:46:59 [200] / 42ms
[2026-02-05T05:47:02.427Z] 00:47:02 [200] / 41ms
[2026-02-05T05:47:05.200Z] 00:47:05 [200] / 41ms
[2026-02-05T05:47:07.842Z] 00:47:07 [200] / 42ms
[2026-02-05T05:47:10.557Z] 00:47:10 [200] / 43ms
[2026-02-05T05:47:13.206Z] 00:47:13 [200] / 42ms
[2026-02-05T05:47:15.876Z] 00:47:15 [200] / 41ms
[2026-02-05T05:47:18.531Z] 00:47:18 [200] / 42ms
[2026-02-05T05:47:21.229Z] 00:47:21 [200] / 40ms
[2026-02-05T05:47:23.875Z] 00:47:23 [200] / 40ms
[2026-02-05T05:51:06.910Z] 00:51:06 [200] / 43ms
[2026-02-05T05:51:09.915Z] 00:51:09 [200] / 45ms
[2026-02-05T05:51:12.705Z] 00:51:12 [200] / 39ms
[2026-02-05T05:51:15.536Z] 00:51:15 [200] / 42ms
[2026-02-05T05:51:18.882Z] 00:51:18 [200] / 44ms
[2026-02-05T05:51:22.284Z] 00:51:22 [200] / 42ms
[2026-02-05T05:51:25.088Z] 00:51:25 [200] / 42ms
[2026-02-05T05:51:27.861Z] 00:51:27 [200] / 42ms
[2026-02-05T05:51:31.321Z] 00:51:31 [200] / 42ms
[2026-02-05T05:51:34.212Z] 00:51:34 [200] / 42ms
[2026-02-05T05:51:38.437Z] 00:51:38 [200] / 41ms
[2026-02-05T05:51:41.892Z] 00:51:41 [200] / 41ms
[2026-02-05T05:51:44.872Z] 00:51:44 [200] / 41ms
[2026-02-05T05:51:47.797Z] 00:51:47 [200] / 39ms
[2026-02-05T05:51:50.535Z] 00:51:50 [200] / 40ms
[2026-02-05T05:51:53.814Z] 00:51:53 [200] / 39ms
[2026-02-05T05:52:00.687Z] 00:52:00 [200] / 40ms
[2026-02-05T05:52:06.783Z] 00:52:06 [watch] src/pages/standorte/solaranlage-leipzig.astro
[2026-02-05T05:52:06.784Z] 00:52:06 [watch] src/pages/standorte/solaranlage-leipzig.astro
[2026-02-05T05:52:07.447Z] 00:52:07 [200] / 96ms
[2026-02-05T05:52:10.354Z] 00:52:10 [200] / 44ms
[2026-02-05T05:52:13.027Z] 00:52:13 [200] / 48ms
[2026-02-05T05:52:15.707Z] 00:52:15 [200] / 40ms
[2026-02-05T05:52:18.386Z] 00:52:18 [200] / 39ms
[2026-02-05T05:52:21.094Z] 00:52:21 [200] / 37ms
[2026-02-05T05:52:23.820Z] 00:52:23 [200] / 38ms
[2026-02-05T05:52:26.532Z] 00:52:26 [200] / 37ms
[2026-02-05T05:52:29.366Z] 00:52:29 [200] / 59ms
[2026-02-05T05:52:30.227Z] 00:52:30 [200] / 47ms
[2026-02-05T05:52:35.996Z] 00:52:35 [200] / 48ms
[2026-02-05T05:52:38.702Z] 00:52:38 [200] / 50ms
[2026-02-05T05:52:41.404Z] 00:52:41 [200] / 41ms
[2026-02-05T05:52:44.129Z] 00:52:44 [200] / 36ms
[2026-02-05T05:52:46.781Z] 00:52:46 [200] / 36ms
[2026-02-05T05:52:49.454Z] 00:52:49 [200] / 39ms
[2026-02-05T05:52:52.130Z] 00:52:52 [200] / 39ms
[2026-02-05T05:52:53.873Z] 00:52:53 [200] / 40ms
[2026-02-05T05:52:54.819Z] 00:52:54 [200] / 40ms
[2026-02-05T05:52:57.488Z] 00:52:57 [200] / 39ms
[2026-02-05T05:53:00.368Z] 00:53:00 [200] / 40ms
[2026-02-05T05:53:03.054Z] 00:53:03 [200] / 40ms
[2026-02-05T05:53:05.749Z] 00:53:05 [200] / 39ms
[2026-02-05T05:53:12.298Z] 00:53:12 [200] / 39ms
[2026-02-05T05:53:13.071Z] 00:53:13 [200] / 38ms
[2026-02-05T05:53:15.766Z] 00:53:15 [200] / 40ms
[2026-02-05T05:53:19.802Z] 00:53:19 [200] / 39ms
[2026-02-05T05:53:23.314Z] 00:53:23 [200] / 40ms
[2026-02-05T05:53:28.289Z] 00:53:28 [200] / 39ms
[2026-02-05T05:53:30.961Z] 00:53:30 [200] / 39ms
[2026-02-05T05:53:33.621Z] 00:53:33 [200] / 38ms
[2026-02-05T05:53:36.450Z] 00:53:36 [200] / 39ms
[2026-02-05T05:53:39.114Z] 00:53:39 [200] / 38ms
[2026-02-05T05:53:41.833Z] 00:53:41 [200] / 39ms
[2026-02-05T05:53:44.542Z] 00:53:44 [200] / 39ms
[2026-02-05T05:53:47.192Z] 00:53:47 [200] / 39ms
[2026-02-05T05:53:49.949Z] 00:53:49 [200] / 39ms
[2026-02-05T05:53:52.655Z] 00:53:52 [200] / 40ms
[2026-02-05T05:53:55.344Z] 00:53:55 [200] / 38ms
[2026-02-05T05:53:57.985Z] 00:53:57 [200] / 39ms
[2026-02-05T05:54:00.717Z] 00:54:00 [200] / 38ms
[2026-02-05T06:15:01.457Z] 01:15:01 [200] / 39ms
[2026-02-05T06:15:04.562Z] 01:15:04 [200] / 42ms
[2026-02-05T06:15:07.539Z] 01:15:07 [200] / 40ms
[2026-02-05T06:15:10.327Z] 01:15:10 [200] / 41ms
[2026-02-05T06:15:13.104Z] 01:15:13 [200] / 42ms
[2026-02-05T06:15:15.886Z] 01:15:15 [200] / 37ms
[2026-02-05T06:15:18.582Z] 01:15:18 [200] / 37ms
[2026-02-05T06:15:21.270Z] 01:15:21 [200] / 36ms
[2026-02-05T06:15:24.128Z] 01:15:24 [200] / 36ms
[2026-02-05T06:15:26.903Z] 01:15:26 [200] / 39ms
[2026-02-05T06:15:29.624Z] 01:15:29 [200] / 39ms
[2026-02-05T06:15:32.336Z] 01:15:32 [200] / 39ms
[2026-02-05T06:15:36.547Z] 01:15:36 [200] / 39ms
[2026-02-05T06:15:39.342Z] 01:15:39 [200] / 39ms
[2026-02-05T06:15:42.055Z] 01:15:42 [200] / 40ms
[2026-02-05T06:15:44.837Z] 01:15:44 [200] / 39ms
[2026-02-05T06:15:47.575Z] 01:15:47 [200] / 38ms
[2026-02-05T06:16:53.838Z] 01:16:53 [200] / 43ms
[2026-02-05T06:16:59.492Z] 01:16:59 [200] / 44ms
[2026-02-05T06:17:03.582Z] 01:17:03 [200] / 41ms
[2026-02-05T06:17:08.719Z] 01:17:08 [200] / 39ms
[2026-02-05T06:17:12.416Z] 01:17:12 [200] / 40ms
[2026-02-05T06:17:15.012Z] 01:17:15 [200] / 39ms
[2026-02-05T06:17:17.706Z] 01:17:17 [200] / 40ms
[2026-02-05T06:17:20.410Z] 01:17:20 [200] / 38ms
[2026-02-05T06:17:23.074Z] 01:17:23 [200] / 35ms
[2026-02-05T06:17:25.762Z] 01:17:25 [200] / 35ms
[2026-02-05T06:17:28.423Z] 01:17:28 [200] / 35ms
[2026-02-05T06:17:31.227Z] 01:17:31 [200] / 35ms
[2026-02-05T06:17:34.484Z] 01:17:34 [200] / 35ms
[2026-02-05T06:17:38.470Z] 01:17:38 [200] / 35ms
[2026-02-05T06:17:42.487Z] 01:17:42 [200] / 39ms
[2026-02-05T06:17:46.484Z] 01:17:46 [200] / 36ms
[2026-02-05T06:17:50.484Z] 01:17:50 [200] / 36ms
[2026-02-05T06:18:50.935Z] 01:18:50 [200] / 43ms
[2026-02-05T06:18:54.037Z] 01:18:54 [200] / 41ms
[2026-02-05T06:19:01.225Z] 01:19:01 [200] / 43ms
[2026-02-05T06:19:05.962Z] 01:19:05 [watch] src/layouts/Layout.astro
[2026-02-05T06:19:05.964Z] 01:19:05 [watch] src/layouts/Layout.astro
[2026-02-05T06:19:06.591Z] 01:19:06 [200] / 98ms
[2026-02-05T06:19:08.021Z] 01:19:08 [200] / 35ms
[2026-02-05T06:19:10.861Z] 01:19:10 [200] / 36ms
[2026-02-05T06:19:15.147Z] 01:19:15 [200] / 36ms
[2026-02-05T06:19:17.407Z] 01:19:17 [200] / 36ms
[2026-02-05T06:19:19.107Z] 01:19:19 [200] / 36ms
[2026-02-05T06:19:20.060Z] 01:19:20 [200] / 36ms
[2026-02-05T06:19:22.555Z] 01:19:22 [200] / 36ms
[2026-02-05T06:19:22.964Z] 01:19:22 [200] / 36ms
[2026-02-05T06:19:25.702Z] 01:19:25 [200] / 46ms
[2026-02-05T06:19:28.452Z] 01:19:28 [200] / 44ms
[2026-02-05T06:19:31.100Z] 01:19:31 [200] / 40ms
[2026-02-05T06:19:33.743Z] 01:19:33 [200] / 42ms
[2026-02-05T06:19:36.405Z] 01:19:36 [200] / 39ms
[2026-02-05T06:19:39.054Z] 01:19:39 [200] / 42ms
[2026-02-05T06:19:42.419Z] 01:19:42 [200] / 38ms
[2026-02-05T06:19:45.713Z] 01:19:45 [200] / 38ms
[2026-02-05T06:19:49.968Z] 01:19:49 [200] / 39ms
[2026-02-05T06:19:52.646Z] 01:19:52 [200] / 38ms
[2026-02-05T06:20:38.199Z] 01:20:38 [200] / 68ms
[2026-02-05T06:20:47.555Z] 01:20:47 [200] / 60ms
[2026-02-05T06:20:51.491Z] 01:20:51 [200] / 42ms
[2026-02-05T06:20:55.494Z] 01:20:55 [200] / 45ms
[2026-02-05T06:20:59.483Z] 01:20:59 [200] / 44ms
[2026-02-05T06:21:03.494Z] 01:21:03 [200] / 44ms
[2026-02-05T06:21:07.487Z] 01:21:07 [200] / 42ms
[2026-02-05T06:21:10.061Z] 01:21:10 [200] / 42ms
[2026-02-05T06:21:11.489Z] 01:21:11 [200] / 38ms
[2026-02-05T06:21:15.485Z] 01:21:15 [200] / 41ms
[2026-02-05T06:21:21.482Z] 01:21:21 [200] / 40ms
[2026-02-05T06:21:25.142Z] 01:21:25 [200] / 41ms
[2026-02-05T06:21:32.226Z] 01:21:32 [200] / 41ms
[2026-02-05T06:21:52.499Z] 01:21:52 [200] / 39ms
[2026-02-05T06:21:55.482Z] 01:21:55 [200] / 42ms
[2026-02-05T06:21:57.538Z] 01:21:57 [200] / 42ms
[2026-02-05T06:21:59.486Z] 01:21:59 [200] / 41ms
[2026-02-05T06:22:03.501Z] 01:22:03 [200] / 38ms
[2026-02-05T06:22:07.477Z] 01:22:07 [200] / 35ms
[2026-02-05T06:22:11.477Z] 01:22:11 [200] / 36ms
[2026-02-05T06:22:15.481Z] 01:22:15 [200] / 36ms
[2026-02-05T06:22:19.482Z] 01:22:19 [200] / 37ms
[2026-02-05T06:22:23.480Z] 01:22:23 [200] / 36ms
[2026-02-05T06:22:27.481Z] 01:22:27 [200] / 36ms
[2026-02-05T06:22:31.486Z] 01:22:31 [200] / 36ms
[2026-02-05T06:22:35.480Z] 01:22:35 [200] / 35ms
[2026-02-05T06:22:39.472Z] 01:22:39 [200] / 39ms
[2026-02-05T06:22:43.477Z] 01:22:43 [200] / 36ms
[2026-02-05T06:43:03.331Z] 01:43:03 [200] / 685ms
[2026-02-05T07:19:21.239Z] 02:19:21 [200] / 52ms
[2026-02-05T07:19:24.121Z] 02:19:24 [200] / 55ms
[2026-02-05T07:19:26.938Z] 02:19:26 [200] / 54ms
[2026-02-05T07:19:29.862Z] 02:19:29 [200] / 48ms
[2026-02-05T07:19:33.326Z] 02:19:33 [200] / 46ms
[2026-02-05T07:19:35.988Z] 02:19:35 [200] / 48ms
[2026-02-05T07:19:38.701Z] 02:19:38 [200] / 50ms
[2026-02-05T07:22:33.583Z] 02:22:33 [watch] src/pages/solaranlage-leipzig.astro
[2026-02-05T07:22:33.584Z] 02:22:33 [watch] src/pages/solaranlage-leipzig.astro
[2026-02-05T07:22:45.966Z] 02:22:45 [watch] src/pages/gewerbe.astro
[2026-02-05T07:22:45.967Z] 02:22:45 [watch] src/pages/gewerbe.astro
[2026-02-05T07:22:45.970Z] 02:22:45 [watch] src/pages/stromspeicher.astro
[2026-02-05T07:22:45.971Z] 02:22:45 [watch] src/pages/stromspeicher.astro
[2026-02-05T07:22:45.975Z] 02:22:45 [watch] src/pages/wallbox.astro
[2026-02-05T07:22:45.975Z] 02:22:45 [watch] src/pages/wallbox.astro
[2026-02-05T07:22:45.980Z] 02:22:45 [watch] src/pages/privat.astro
[2026-02-05T07:22:45.980Z] 02:22:45 [watch] src/pages/privat.astro
[2026-02-05T07:22:45.982Z] 02:22:45 [watch] src/pages/faq.astro
[2026-02-05T07:22:45.983Z] 02:22:45 [watch] src/pages/faq.astro
[2026-02-05T07:22:45.983Z] 02:22:45 [watch] src/pages/kontakt.astro
[2026-02-05T07:22:45.983Z] 02:22:45 [watch] src/pages/kontakt.astro
[2026-02-05T07:23:01.675Z] 02:23:01 [watch] src/pages/ratgeber.astro
[2026-02-05T07:23:01.676Z] 02:23:01 [watch] src/pages/ratgeber.astro
[2026-02-05T07:23:01.680Z] 02:23:01 [watch] src/pages/standorte/leipzig.astro
[2026-02-05T07:23:01.680Z] 02:23:01 [watch] src/pages/standorte/leipzig.astro
[2026-02-05T07:23:39.384Z] 02:23:39 [watch] src/pages/referenzen.astro
[2026-02-05T07:23:39.385Z] 02:23:39 [watch] src/pages/referenzen.astro
[2026-02-05T10:15:40.362Z] Starting dev server with command: pnpm run dev
[2026-02-05T10:15:40.658Z] 
[2026-02-05T10:15:40.659Z] > senec-design@0.0.1 dev /home/ubuntu/senec-design
[2026-02-05T10:15:40.659Z] > astro dev --host
[2026-02-05T10:15:40.659Z] 
[2026-02-05T10:15:41.319Z] ▶ Astro collects anonymous usage data.
[2026-02-05T10:15:41.320Z] This information helps us improve Astro.
[2026-02-05T10:15:41.320Z] Run "astro telemetry disable" to opt-out.
[2026-02-05T10:15:41.320Z] https://astro.build/telemetry
[2026-02-05T10:15:41.320Z] 
[2026-02-05T10:15:42.405Z] 05:15:42 [types] Generated 0ms
[2026-02-05T10:15:42.425Z] 05:15:42 [content] Syncing content
[2026-02-05T10:15:42.460Z] 05:15:42 [content] Synced content
[2026-02-05T10:15:42.483Z] 
[2026-02-05T10:15:42.484Z] astro  v5.15.9 ready in 689 ms
[2026-02-05T10:15:42.484Z] 
[2026-02-05T10:15:42.484Z] ┃ Local    http://localhost:3000/
[2026-02-05T10:15:42.485Z] ┃ Network  http://169.254.0.21:3000/
[2026-02-05T10:15:42.487Z] 
[2026-02-05T10:15:42.487Z] 05:15:42 watching for file changes...
[2026-02-05T10:15:46.515Z] 05:15:46 [200] / 780ms
[2026-02-05T10:15:50.075Z] 05:15:50 [200] / 39ms
[2026-02-05T10:15:52.980Z] 05:15:52 [200] / 34ms
[2026-02-05T10:15:55.686Z] 05:15:55 [200] / 35ms
[2026-02-05T10:15:58.389Z] 05:15:58 [200] / 37ms
[2026-02-05T10:16:02.077Z] 05:16:02 [200] / 39ms
[2026-02-05T10:16:04.953Z] 05:16:04 [200] / 32ms
[2026-02-05T10:16:06.767Z] 05:16:06 [200] / 40ms
[2026-02-05T10:16:07.998Z] 05:16:07 [200] / 37ms
[2026-02-05T10:16:09.399Z] 05:16:09 [200] / 31ms
[2026-02-05T10:16:10.654Z] 05:16:10 [200] / 29ms
[2026-02-05T10:16:12.158Z] 05:16:12 [200] / 30ms
[2026-02-05T10:16:13.327Z] 05:16:13 [200] / 29ms
[2026-02-05T10:16:14.809Z] 05:16:14 [200] / 29ms
[2026-02-05T10:16:15.981Z] 05:16:15 [200] / 26ms
[2026-02-05T10:16:17.478Z] 05:16:17 [200] / 29ms
[2026-02-05T10:16:19.069Z] 05:16:19 [200] / 27ms
[2026-02-05T10:16:20.218Z] 05:16:20 [200] / 28ms
[2026-02-05T10:16:21.719Z] 05:16:21 [200] / 27ms
[2026-02-05T10:16:22.885Z] 05:16:22 [200] / 27ms
[2026-02-05T10:18:15.725Z] 05:18:15 [watch] src/pages/standorte/halle.astro
[2026-02-05T10:18:15.726Z] 05:18:15 [watch] src/pages/standorte/halle.astro
[2026-02-05T10:18:30.858Z] 05:18:30 [watch] src/pages/standorte/photovoltaik-delitzsch.astro
[2026-02-05T10:18:30.859Z] 05:18:30 [watch] src/pages/standorte/photovoltaik-delitzsch.astro
[2026-02-05T10:18:30.861Z] 05:18:30 [watch] src/pages/standorte/photovoltaik-markkleeberg.astro
[2026-02-05T10:18:30.861Z] 05:18:30 [watch] src/pages/standorte/photovoltaik-markkleeberg.astro
[2026-02-05T10:19:45.889Z] 05:19:45 [200] / 122ms
[2026-02-05T10:19:50.360Z] 05:19:50 [200] / 29ms
[2026-02-05T10:19:53.339Z] 05:19:53 [200] / 28ms
[2026-02-05T10:19:56.437Z] 05:19:56 [200] / 39ms
[2026-02-05T10:20:04.413Z] 05:20:04 [200] / 26ms
[2026-02-05T10:20:07.972Z] 05:20:07 [200] / 29ms
[2026-02-05T10:20:10.681Z] 05:20:10 [200] / 30ms
[2026-02-05T10:20:13.305Z] 05:20:13 [200] / 26ms
[2026-02-05T10:20:16.115Z] 05:20:16 [200] / 25ms
[2026-02-05T10:20:20.362Z] 05:20:20 [200] / 26ms
[2026-02-05T10:20:21.205Z] 05:20:21 [200] / 26ms
[2026-02-05T10:20:23.829Z] 05:20:23 [200] / 26ms
[2026-02-05T10:20:25.155Z] 05:20:25 [200] / 25ms
[2026-02-05T10:20:26.511Z] 05:20:26 [200] / 33ms
[2026-02-05T10:20:27.742Z] 05:20:27 [200] / 26ms
[2026-02-05T10:20:29.101Z] 05:20:29 [200] / 24ms
[2026-02-05T10:20:31.930Z] 05:20:31 [200] / 27ms
[2026-02-05T10:20:35.195Z] 05:20:35 [200] / 47ms
[2026-02-05T10:20:42.496Z] 05:20:42 [200] / 37ms
[2026-02-05T10:20:45.287Z] 05:20:45 [200] / 28ms
[2026-02-05T10:20:47.931Z] 05:20:47 [200] / 25ms
[2026-02-05T10:20:50.523Z] 05:20:50 [200] / 26ms
[2026-02-05T10:20:53.184Z] 05:20:53 [200] / 25ms
[2026-02-05T10:20:55.855Z] 05:20:55 [200] / 24ms
[2026-02-05T10:20:58.509Z] 05:20:58 [200] / 27ms
[2026-02-05T10:21:01.293Z] 05:21:01 [200] / 24ms
[2026-02-05T10:21:03.980Z] 05:21:03 [200] / 25ms
[2026-02-05T10:21:06.635Z] 05:21:06 [200] / 31ms
[2026-02-05T10:21:09.306Z] 05:21:09 [200] / 28ms
[2026-02-05T10:51:58.300Z] 05:51:58 [watch] src/pages/solaranlage-leipzig.astro
[2026-02-05T10:51:58.301Z] 05:51:58 [watch] src/pages/solaranlage-leipzig.astro
[2026-02-05T10:51:58.306Z] 05:51:58 [watch] src/pages/gewerbe.astro
[2026-02-05T10:51:58.307Z] 05:51:58 [watch] src/pages/gewerbe.astro
[2026-02-05T10:51:58.313Z] 05:51:58 [watch] src/pages/stromspeicher.astro
[2026-02-05T10:51:58.313Z] 05:51:58 [watch] src/pages/stromspeicher.astro
[2026-02-05T10:51:58.319Z] 05:51:58 [watch] src/pages/wallbox.astro
[2026-02-05T10:51:58.319Z] 05:51:58 [watch] src/pages/wallbox.astro
[2026-02-05T10:51:58.320Z] 05:51:58 [watch] src/pages/privat.astro
[2026-02-05T10:51:58.320Z] 05:51:58 [watch] src/pages/privat.astro
[2026-02-05T10:51:58.320Z] 05:51:58 [watch] src/pages/faq.astro
[2026-02-05T10:51:58.321Z] 05:51:58 [watch] src/pages/faq.astro
[2026-02-05T10:51:58.322Z] 05:51:58 [watch] src/pages/kontakt.astro
[2026-02-05T10:51:58.322Z] 05:51:58 [watch] src/pages/kontakt.astro
[2026-02-05T10:51:59.788Z] 05:51:59 [200] / 132ms
[2026-02-05T10:51:59.956Z] 05:51:59 [200] / 26ms
[2026-02-05T10:52:05.814Z] 05:52:05 [watch] src/pages/standorte/leipzig.astro
[2026-02-05T10:52:05.814Z] 05:52:05 [watch] src/pages/standorte/leipzig.astro
[2026-02-05T10:52:05.816Z] 05:52:05 [watch] src/pages/standorte/halle.astro
[2026-02-05T10:52:05.817Z] 05:52:05 [watch] src/pages/standorte/halle.astro
[2026-02-05T10:52:06.525Z] 05:52:06 [200] / 83ms
[2026-02-05T10:52:06.690Z] 05:52:06 [200] / 24ms
[2026-02-05T10:52:11.968Z] 05:52:11 [watch] src/pages/ratgeber.astro
[2026-02-05T10:52:11.969Z] 05:52:11 [watch] src/pages/ratgeber.astro
[2026-02-05T10:52:12.313Z] 05:52:12 [200] / 88ms
[2026-02-05T10:52:12.481Z] 05:52:12 [200] / 27ms
[2026-02-05T10:52:18.091Z] 05:52:18 [watch] src/pages/standorte/photovoltaik-delitzsch.astro
[2026-02-05T10:52:18.091Z] 05:52:18 [watch] src/pages/standorte/photovoltaik-delitzsch.astro
[2026-02-05T10:52:18.092Z] 05:52:18 [watch] src/pages/standorte/photovoltaik-markkleeberg.astro
[2026-02-05T10:52:18.092Z] 05:52:18 [watch] src/pages/standorte/photovoltaik-markkleeberg.astro
[2026-02-05T10:52:18.428Z] 05:52:18 [200] / 83ms
[2026-02-05T10:52:18.593Z] 05:52:18 [200] / 24ms
[2026-02-05T10:52:26.007Z] 05:52:26 [watch] src/layouts/Layout.astro
[2026-02-05T10:52:26.007Z] 05:52:26 [watch] src/layouts/Layout.astro
[2026-02-05T10:52:26.340Z] 05:52:26 [200] / 69ms
[2026-02-05T10:52:26.508Z] 05:52:26 [200] / 28ms
[2026-02-05T10:53:38.359Z] 05:53:38 [200] / 45ms
[2026-02-05T10:53:42.595Z] 05:53:42 [200] / 41ms
[2026-02-05T10:53:45.301Z] 05:53:45 [200] / 40ms
[2026-02-05T10:53:48.348Z] 05:53:48 [200] / 31ms
[2026-02-05T10:53:51.581Z] 05:53:51 [200] / 29ms
[2026-02-05T10:53:54.345Z] 05:53:54 [200] / 29ms
[2026-02-05T10:53:57.010Z] 05:53:57 [200] / 29ms
[2026-02-05T10:54:00.380Z] 05:54:00 [200] / 33ms
[2026-02-05T10:54:05.389Z] 05:54:05 [200] / 40ms
[2026-02-05T17:14:18.254Z] 12:14:18 [200] / 119ms
[2026-02-05T17:14:19.368Z] 12:14:19 [200] / 34ms
[2026-02-05T17:27:32.034Z] 12:27:32 [200] / 40ms
[2026-02-05T17:27:37.247Z] 12:27:37 [200] / 34ms
[2026-02-05T17:27:40.000Z] 12:27:40 [200] / 39ms
[2026-02-05T17:27:42.792Z] 12:27:42 [200] / 28ms
[2026-02-05T17:27:46.018Z] 12:27:46 [200] / 28ms
[2026-02-05T17:27:49.171Z] 12:27:49 [200] / 26ms
[2026-02-05T17:27:51.856Z] 12:27:51 [200] / 29ms
[2026-02-05T17:27:54.537Z] 12:27:54 [200] / 26ms
[2026-02-05T17:28:02.250Z] 12:28:02 [200] / 25ms
[2026-02-05T17:28:06.581Z] 12:28:06 [200] / 29ms
[2026-02-05T17:28:13.489Z] 12:28:13 [200] / 32ms
[2026-02-05T17:28:16.315Z] 12:28:16 [200] / 32ms
[2026-02-05T17:28:18.974Z] 12:28:18 [200] / 30ms
[2026-02-05T17:28:21.623Z] 12:28:21 [200] / 28ms
[2026-02-05T17:28:24.271Z] 12:28:24 [200] / 30ms
[2026-02-05T17:28:26.954Z] 12:28:26 [200] / 60ms
[2026-02-05T17:28:29.590Z] 12:28:29 [200] / 29ms
[2026-02-05T17:28:32.234Z] 12:28:32 [200] / 37ms
[2026-02-05T19:52:36.013Z] 14:52:36 [200] / 237ms
[2026-02-05T19:52:36.501Z] 14:52:36 [200] / 31ms
[2026-02-05T19:52:38.024Z] 14:52:38 [200] / 32ms
[2026-02-05T19:52:39.208Z] 14:52:39 [200] / 32ms
[2026-02-05T23:55:03.159Z] 18:55:03 [200] / 25ms
[2026-02-05T23:55:07.843Z] 18:55:07 [200] / 25ms
[2026-02-05T23:55:11.018Z] 18:55:11 [200] / 22ms
[2026-02-05T23:55:13.793Z] 18:55:13 [200] / 24ms
[2026-02-05T23:55:18.272Z] 18:55:18 [200] / 22ms
[2026-02-05T23:55:22.601Z] 18:55:22 [200] / 24ms
[2026-02-05T23:55:25.292Z] 18:55:25 [200] / 22ms
[2026-02-05T23:55:28.797Z] 18:55:28 [200] / 23ms
[2026-02-05T23:55:32.793Z] 18:55:32 [200] / 23ms
[2026-02-05T23:55:36.634Z] 18:55:36 [200] / 28ms
[2026-02-05T23:55:39.308Z] 18:55:39 [200] / 22ms
[2026-02-05T23:55:42.148Z] 18:55:42 [200] / 21ms
[2026-02-05T23:55:44.804Z] 18:55:44 [200] / 21ms
[2026-02-05T23:55:47.744Z] 18:55:47 [200] / 23ms
[2026-02-05T23:55:50.526Z] 18:55:50 [200] / 24ms
[2026-02-05T23:55:53.225Z] 18:55:53 [200] / 22ms
[2026-02-05T23:55:55.909Z] 18:55:55 [200] / 24ms
[2026-02-05T23:55:59.018Z] 18:55:59 [200] / 24ms
[2026-02-05T23:56:16.903Z] 18:56:16 [200] / 27ms
[2026-02-05T23:56:19.798Z] 18:56:19 [200] / 25ms
[2026-02-05T23:56:24.798Z] 18:56:24 [200] / 29ms
[2026-02-05T23:56:28.800Z] 18:56:28 [200] / 30ms
[2026-02-05T23:56:32.804Z] 18:56:32 [200] / 28ms
[2026-02-05T23:56:36.797Z] 18:56:36 [200] / 27ms
[2026-02-05T23:56:40.792Z] 18:56:40 [200] / 26ms
[2026-02-05T23:56:50.483Z] 18:56:50 [200] / 30ms
[2026-02-05T23:56:53.180Z] 18:56:53 [200] / 26ms
[2026-02-05T23:56:56.797Z] 18:56:56 [200] / 27ms
[2026-02-05T23:57:00.800Z] 18:57:00 [200] / 23ms
[2026-02-05T23:57:02.111Z] 18:57:02 [200] / 25ms
[2026-02-05T23:57:04.658Z] 18:57:04 [200] / 23ms
[2026-02-05T23:57:07.350Z] 18:57:07 [200] / 24ms
[2026-02-05T23:57:10.013Z] 18:57:10 [200] / 27ms
[2026-02-05T23:57:13.720Z] 18:57:13 [200] / 26ms
[2026-02-05T23:57:17.765Z] 18:57:17 [200] / 23ms
[2026-02-05T23:57:20.615Z] 18:57:20 [200] / 22ms
[2026-02-05T23:57:37.621Z] 18:57:37 [200] / 22ms
[2026-02-05T23:57:55.795Z] 18:57:55 [200] / 29ms
[2026-02-05T23:57:55.889Z] 18:57:55 [watch] src/pages/service.astro
[2026-02-05T23:57:55.890Z] 18:57:55 [watch] src/pages/service.astro
[2026-02-05T23:57:57.560Z] 18:57:57 [200] / 112ms
[2026-02-05T23:58:18.678Z] 18:58:18 [watch] src/pages/standorte/elbe-elster.astro
[2026-02-05T23:58:18.679Z] 18:58:18 [watch] src/pages/standorte/elbe-elster.astro
[2026-02-05T23:58:18.681Z] 18:58:18 [watch] src/pages/standorte/weissenfels.astro
[2026-02-05T23:58:18.681Z] 18:58:18 [watch] src/pages/standorte/weissenfels.astro
[2026-02-05T23:58:18.685Z] 18:58:18 [watch] src/pages/standorte/naumburg.astro
[2026-02-05T23:58:18.685Z] 18:58:18 [watch] src/pages/standorte/naumburg.astro
[2026-02-05T23:58:22.645Z] 18:58:22 [200] / 81ms
[2026-02-05T23:58:25.645Z] 18:58:25 [200] / 28ms
[2026-02-05T23:58:28.396Z] 18:58:28 [200] / 22ms
[2026-02-05T23:58:31.038Z] 18:58:31 [200] / 21ms
[2026-02-05T23:58:33.695Z] 18:58:33 [200] / 25ms
[2026-02-05T23:58:36.368Z] 18:58:36 [200] / 21ms
[2026-02-05T23:58:38.988Z] 18:58:38 [200] / 22ms
[2026-02-05T23:58:41.642Z] 18:58:41 [200] / 24ms
[2026-02-05T23:58:44.327Z] 18:58:44 [200] / 22ms
[2026-02-05T23:58:47.013Z] 18:58:47 [200] / 22ms
[2026-02-05T23:58:49.692Z] 18:58:49 [200] / 22ms
[2026-02-05T23:58:52.798Z] 18:58:52 [200] / 25ms
[2026-02-05T23:58:57.789Z] 18:58:57 [200] / 23ms
[2026-02-05T23:59:01.151Z] 18:59:01 [200] / 30ms
[2026-02-05T23:59:03.831Z] 18:59:03 [200] / 25ms
[2026-02-05T23:59:06.509Z] 18:59:06 [200] / 22ms
[2026-02-05T23:59:09.208Z] 18:59:09 [200] / 25ms
[2026-02-06T00:00:02.789Z] 19:00:02 [watch] src/pages/standorte/stromspeicher-leipzig.astro
[2026-02-06T00:00:02.789Z] 19:00:02 [watch] src/pages/standorte/stromspeicher-leipzig.astro
[2026-02-06T00:00:03.915Z] 19:00:03 [200] / 81ms
[2026-02-06T00:00:07.311Z] 19:00:07 [watch] src/pages/standorte/solaranlage-leipzig.astro
[2026-02-06T00:00:07.311Z] 19:00:07 [watch] src/pages/standorte/solaranlage-leipzig.astro
[2026-02-06T00:00:07.904Z] 19:00:07 [200] / 77ms
[2026-02-06T00:00:55.312Z] 19:00:55 [200] / 31ms
[2026-02-06T00:01:55.577Z] 19:01:55 [watch] src/pages/impressum.astro
[2026-02-06T00:01:55.578Z] 19:01:55 [watch] src/pages/impressum.astro
[2026-02-06T00:01:56.877Z] 19:01:56 [200] / 64ms
[2026-02-06T00:02:06.895Z] 19:02:06 [200] / 36ms
[2026-02-06T00:02:10.994Z] 19:02:10 [200] / 33ms
[2026-02-06T00:02:12.980Z] 19:02:12 [200] / 26ms
[2026-02-06T00:02:13.792Z] 19:02:13 [200] / 25ms
[2026-02-06T00:02:15.737Z] 19:02:15 [200] / 27ms
[2026-02-06T00:02:16.604Z] 19:02:16 [200] / 26ms
[2026-02-06T00:02:18.795Z] 19:02:18 [200] / 24ms
[2026-02-06T00:02:19.833Z] 19:02:19 [200] / 25ms
[2026-02-06T00:02:23.884Z] 19:02:23 [200] / 24ms
[2026-02-06T00:02:27.642Z] 19:02:27 [200] / 23ms
[2026-02-06T00:02:30.452Z] 19:02:30 [200] / 25ms
[2026-02-06T00:02:33.129Z] 19:02:33 [200] / 22ms
[2026-02-06T00:02:35.815Z] 19:02:35 [200] / 27ms
[2026-02-06T00:02:37.881Z] 19:02:37 [200] / 23ms
[2026-02-06T00:02:38.502Z] 19:02:38 [200] / 26ms
[2026-02-06T00:02:41.165Z] 19:02:41 [200] / 24ms
[2026-02-06T00:02:43.856Z] 19:02:43 [200] / 22ms
[2026-02-06T00:02:46.838Z] 19:02:46 [200] / 23ms
[2026-02-06T00:03:04.844Z] 19:03:04 [watch] src/pages/impressum.astro
[2026-02-06T00:03:04.845Z] 19:03:04 [watch] src/pages/impressum.astro
[2026-02-06T00:03:05.198Z] 19:03:05 [200] / 77ms
[2026-02-06T00:04:05.367Z] 19:04:05 [200] / 28ms
[2026-02-06T00:05:56.669Z] 19:05:56 [watch] src/components/Breadcrumb.astro
[2026-02-06T00:05:56.670Z] 19:05:56 [watch] src/components/Breadcrumb.astro
[2026-02-06T00:05:56.675Z] 19:05:56 [watch] src/components/CookieBanner.astro
[2026-02-06T00:05:56.675Z] 19:05:56 [watch] src/components/CookieBanner.astro
[2026-02-06T00:05:56.677Z] 19:05:56 [watch] src/components/ExitIntentPopup.astro
[2026-02-06T00:05:56.679Z] 19:05:56 [watch] src/components/Footer.astro
[2026-02-06T00:05:56.680Z] 19:05:56 [watch] src/components/Footer.astro
[2026-02-06T00:05:56.680Z] 19:05:56 [watch] src/components/GoogleReviews.astro
[2026-02-06T00:05:56.681Z] 19:05:56 [watch] src/components/GoogleReviews.astro
[2026-02-06T00:05:56.685Z] 19:05:56 [watch] src/components/Header.astro
[2026-02-06T00:05:56.686Z] 19:05:56 [watch] src/components/Header.astro
[2026-02-06T00:05:56.687Z] 19:05:56 [watch] src/components/LocalBusinessSchema.astro
[2026-02-06T00:05:56.687Z] 19:05:56 [watch] src/components/LocalBusinessSchema.astro
[2026-02-06T00:05:56.688Z] 19:05:56 [watch] src/components/StandorteMap.astro
[2026-02-06T00:05:56.688Z] 19:05:56 [watch] src/components/StandorteMap.astro
[2026-02-06T00:05:56.689Z] 19:05:56 [watch] src/components/MultiStepForm.astro
[2026-02-06T00:05:56.695Z] 19:05:56 [watch] src/layouts/Layout.astro
[2026-02-06T00:05:56.696Z] 19:05:56 [watch] src/layouts/Layout.astro
[2026-02-06T00:05:56.698Z] 19:05:56 [watch] src/pages/admin.astro
[2026-02-06T00:05:56.698Z] 19:05:56 [watch] src/pages/admin.astro
[2026-02-06T00:05:56.702Z] 19:05:56 [watch] src/pages/agb.astro
[2026-02-06T00:05:56.703Z] 19:05:56 [watch] src/pages/agb.astro
[2026-02-06T00:05:56.709Z] 19:05:56 [watch] src/pages/analytics.astro
[2026-02-06T00:05:56.709Z] 19:05:56 [watch] src/pages/analytics.astro
[2026-02-06T00:05:56.713Z] 19:05:56 [watch] src/pages/blog.astro
[2026-02-06T00:05:56.714Z] 19:05:56 [watch] src/pages/blog.astro
[2026-02-06T00:05:56.714Z] 19:05:56 [watch] src/pages/blog/fehler-solarkauf.astro
[2026-02-06T00:05:56.715Z] 19:05:56 [watch] src/pages/blog/fehler-solarkauf.astro
[2026-02-06T00:05:56.718Z] 19:05:56 [watch] src/pages/blog/neue-speicher-technologien-2026.astro
[2026-02-06T00:05:56.719Z] 19:05:56 [watch] src/pages/blog/neue-speicher-technologien-2026.astro
[2026-02-06T00:05:56.719Z] 19:05:56 [watch] src/pages/blog/photovoltaik-foerderung-2026.astro
[2026-02-06T00:05:56.719Z] 19:05:56 [watch] src/pages/blog/photovoltaik-foerderung-2026.astro
[2026-02-06T00:05:56.721Z] 19:05:56 [watch] src/pages/blog/photovoltaik-kosten-2026.astro
[2026-02-06T00:05:56.721Z] 19:05:56 [watch] src/pages/blog/photovoltaik-kosten-2026.astro
[2026-02-06T00:05:56.722Z] 19:05:56 [watch] src/pages/blog/solar-leipzig.astro
[2026-02-06T00:05:56.723Z] 19:05:56 [watch] src/pages/blog/solar-leipzig.astro
[2026-02-06T00:05:56.723Z] 19:05:56 [watch] src/pages/blog/solaranlage-wartung.astro
[2026-02-06T00:05:56.724Z] 19:05:56 [watch] src/pages/blog/solaranlage-wartung.astro
[2026-02-06T00:05:56.726Z] 19:05:56 [watch] src/pages/blog/stromspeicher-2026-lohnt-sich.astro
[2026-02-06T00:05:56.727Z] 19:05:56 [watch] src/pages/blog/stromspeicher-2026-lohnt-sich.astro
[2026-02-06T00:05:56.727Z] 19:05:56 [watch] src/pages/blog/stromspeicher-nachruesten.astro
[2026-02-06T00:05:56.728Z] 19:05:56 [watch] src/pages/blog/stromspeicher-nachruesten.astro
[2026-02-06T00:05:56.732Z] 19:05:56 [watch] src/pages/blog/stromspeicher-vergleich-2026.astro
[2026-02-06T00:05:56.733Z] 19:05:56 [watch] src/pages/blog/stromspeicher-vergleich-2026.astro
[2026-02-06T00:05:56.735Z] 19:05:56 [watch] src/pages/blog/wartungstipps-winter.astro
[2026-02-06T00:05:56.736Z] 19:05:56 [watch] src/pages/blog/wartungstipps-winter.astro
[2026-02-06T00:05:56.739Z] 19:05:56 [watch] src/pages/dashboard.astro
[2026-02-06T00:05:56.740Z] 19:05:56 [watch] src/pages/dashboard.astro
[2026-02-06T00:05:56.743Z] 19:05:56 [watch] src/pages/dashboard/cta-tracking.astro
[2026-02-06T00:05:56.744Z] 19:05:56 [watch] src/pages/dashboard/cta-tracking.astro
[2026-02-06T00:05:56.744Z] 19:05:56 [watch] src/pages/datenschutz.astro
[2026-02-06T00:05:56.744Z] 19:05:56 [watch] src/pages/datenschutz.astro
[2026-02-06T00:05:56.748Z] 19:05:56 [watch] src/pages/faq.astro
[2026-02-06T00:05:56.748Z] 19:05:56 [watch] src/pages/faq.astro
[2026-02-06T00:05:56.749Z] 19:05:56 [watch] src/pages/gewerbe-photovoltaik-leipzig.astro
[2026-02-06T00:05:56.749Z] 19:05:56 [watch] src/pages/gewerbe-photovoltaik-leipzig.astro
[2026-02-06T00:05:56.753Z] 19:05:56 [watch] src/pages/gewerbe.astro
[2026-02-06T00:05:56.753Z] 19:05:56 [watch] src/pages/gewerbe.astro
[2026-02-06T00:05:56.754Z] 19:05:56 [watch] src/pages/heizung.astro
[2026-02-06T00:05:56.755Z] 19:05:56 [watch] src/pages/heizung.astro
[2026-02-06T00:05:56.756Z] 19:05:56 [watch] src/pages/impressum.astro
[2026-02-06T00:05:56.756Z] 19:05:56 [watch] src/pages/impressum.astro
[2026-02-06T00:05:56.761Z] 19:05:56 [watch] src/pages/kontakt.astro
[2026-02-06T00:05:56.762Z] 19:05:56 [watch] src/pages/kontakt.astro
[2026-02-06T00:05:56.764Z] 19:05:56 [watch] src/pages/privat.astro
[2026-02-06T00:05:56.764Z] 19:05:56 [watch] src/pages/privat.astro
[2026-02-06T00:05:56.766Z] 19:05:56 [watch] src/pages/pv-reinigung-leipzig.astro
[2026-02-06T00:05:56.767Z] 19:05:56 [watch] src/pages/pv-reinigung-leipzig.astro
[2026-02-06T00:05:56.768Z] 19:05:56 [watch] src/pages/index.astro
[2026-02-06T00:05:56.768Z] 19:05:56 [watch] src/pages/index.astro
[2026-02-06T00:05:56.769Z] 19:05:56 [watch] src/pages/pv-wartung-leipzig.astro
[2026-02-06T00:05:56.769Z] 19:05:56 [watch] src/pages/pv-wartung-leipzig.astro
[2026-02-06T00:05:56.772Z] 19:05:56 [watch] src/pages/ratgeber.astro
[2026-02-06T00:05:56.772Z] 19:05:56 [watch] src/pages/ratgeber.astro
[2026-02-06T00:05:56.774Z] 19:05:56 [watch] src/pages/ratgeber/foerderung.astro
[2026-02-06T00:05:56.775Z] 19:05:56 [watch] src/pages/ratgeber/foerderung.astro
[2026-02-06T00:05:56.776Z] 19:05:56 [watch] src/pages/ratgeber/kosten.astro
[2026-02-06T00:05:56.776Z] 19:05:56 [watch] src/pages/ratgeber/kosten.astro
[2026-02-06T00:05:56.781Z] 19:05:56 [watch] src/pages/ratgeber/wirtschaftlichkeit.astro
[2026-02-06T00:05:56.781Z] 19:05:56 [watch] src/pages/ratgeber/wirtschaftlichkeit.astro
[2026-02-06T00:05:56.785Z] 19:05:56 [watch] src/pages/referenzen.astro
[2026-02-06T00:05:56.785Z] 19:05:56 [watch] src/pages/referenzen.astro
[2026-02-06T00:05:56.788Z] 19:05:56 [watch] src/pages/seo.astro
[2026-02-06T00:05:56.788Z] 19:05:56 [watch] src/pages/seo.astro
[2026-02-06T00:05:56.788Z] 19:05:56 [watch] src/pages/service.astro
[2026-02-06T00:05:56.789Z] 19:05:56 [watch] src/pages/service.astro
[2026-02-06T00:05:56.792Z] 19:05:56 [watch] src/pages/solaranlage-leipzig.astro
[2026-02-06T00:05:56.792Z] 19:05:56 [watch] src/pages/solaranlage-leipzig.astro
[2026-02-06T00:05:56.795Z] 19:05:56 [watch] src/pages/solarmanager.astro
[2026-02-06T00:05:56.796Z] 19:05:56 [watch] src/pages/solarmanager.astro
[2026-02-06T00:05:56.796Z] 19:05:56 [watch] src/pages/solarpark-betreuung.astro
[2026-02-06T00:05:56.796Z] 19:05:56 [watch] src/pages/solarpark-betreuung.astro
[2026-02-06T00:05:56.796Z] 19:05:56 [watch] src/pages/standorte.astro
[2026-02-06T00:05:56.797Z] 19:05:56 [watch] src/pages/standorte.astro
[2026-02-06T00:05:56.803Z] 19:05:56 [watch] src/pages/standorte/anhalt-bitterfeld.astro
[2026-02-06T00:05:56.804Z] 19:05:56 [watch] src/pages/standorte/anhalt-bitterfeld.astro
[2026-02-06T00:05:56.804Z] 19:05:56 [watch] src/pages/standorte/borna.astro
[2026-02-06T00:05:56.804Z] 19:05:56 [watch] src/pages/standorte/borna.astro
[2026-02-06T00:05:56.810Z] 19:05:56 [watch] src/pages/standorte/burgenlandkreis.astro
[2026-02-06T00:05:56.811Z] 19:05:56 [watch] src/pages/standorte/burgenlandkreis.astro
[2026-02-06T00:05:56.811Z] 19:05:56 [watch] src/pages/standorte/dresden.astro
[2026-02-06T00:05:56.812Z] 19:05:56 [watch] src/pages/standorte/dresden.astro
[2026-02-06T00:05:56.812Z] 19:05:56 [watch] src/pages/standorte/elbe-elster.astro
[2026-02-06T00:05:56.812Z] 19:05:56 [watch] src/pages/standorte/elbe-elster.astro
[2026-02-06T00:05:56.813Z] 19:05:56 [watch] src/pages/standorte/erfurt.astro
[2026-02-06T00:05:56.813Z] 19:05:56 [watch] src/pages/standorte/erfurt.astro
[2026-02-06T00:05:56.817Z] 19:05:56 [watch] src/pages/standorte/gera.astro
[2026-02-06T00:05:56.817Z] 19:05:56 [watch] src/pages/standorte/gera.astro
[2026-02-06T00:05:56.817Z] 19:05:56 [watch] src/pages/standorte/grimma.astro
[2026-02-06T00:05:56.818Z] 19:05:56 [watch] src/pages/standorte/grimma.astro
[2026-02-06T00:05:56.818Z] 19:05:56 [watch] src/pages/standorte/halle.astro
[2026-02-06T00:05:56.820Z] 19:05:56 [watch] src/pages/standorte/halle.astro
[2026-02-06T00:05:56.820Z] 19:05:56 [watch] src/pages/standorte/leipzig.astro
[2026-02-06T00:05:56.821Z] 19:05:56 [watch] src/pages/standorte/leipzig.astro
[2026-02-06T00:05:56.822Z] 19:05:56 [watch] src/pages/standorte/magdeburg.astro
[2026-02-06T00:05:56.822Z] 19:05:56 [watch] src/pages/standorte/magdeburg.astro
[2026-02-06T00:05:56.822Z] 19:05:56 [watch] src/pages/standorte/naumburg.astro
[2026-02-06T00:05:56.823Z] 19:05:56 [watch] src/pages/standorte/naumburg.astro
[2026-02-06T00:05:56.823Z] 19:05:56 [watch] src/pages/standorte/nordsachsen.astro
[2026-02-06T00:05:56.824Z] 19:05:56 [watch] src/pages/standorte/nordsachsen.astro
[2026-02-06T00:05:56.827Z] 19:05:56 [watch] src/pages/standorte/photovoltaik-anbieter-leipzig.astro
[2026-02-06T00:05:56.828Z] 19:05:56 [watch] src/pages/standorte/photovoltaik-anbieter-leipzig.astro
[2026-02-06T00:05:56.828Z] 19:05:56 [watch] src/pages/standorte/photovoltaik-delitzsch.astro
[2026-02-06T00:05:56.828Z] 19:05:56 [watch] src/pages/standorte/photovoltaik-delitzsch.astro
[2026-02-06T00:05:56.828Z] 19:05:56 [watch] src/pages/standorte/photovoltaik-eilenburg.astro
[2026-02-06T00:05:56.829Z] 19:05:56 [watch] src/pages/standorte/photovoltaik-eilenburg.astro
[2026-02-06T00:05:56.831Z] 19:05:56 [watch] src/pages/standorte/photovoltaik-firma-leipzig.astro
[2026-02-06T00:05:56.832Z] 19:05:56 [watch] src/pages/standorte/photovoltaik-firma-leipzig.astro
[2026-02-06T00:05:56.833Z] 19:05:56 [watch] src/pages/standorte/photovoltaik-markkleeberg.astro
[2026-02-06T00:05:56.833Z] 19:05:56 [watch] src/pages/standorte/photovoltaik-markkleeberg.astro
[2026-02-06T00:05:56.835Z] 19:05:56 [watch] src/pages/standorte/photovoltaik-taucha.astro
[2026-02-06T00:05:56.836Z] 19:05:56 [watch] src/pages/standorte/photovoltaik-taucha.astro
[2026-02-06T00:05:56.840Z] 19:05:56 [watch] src/pages/standorte/photovoltaik-wurzen.astro
[2026-02-06T00:05:56.840Z] 19:05:56 [watch] src/pages/standorte/photovoltaik-wurzen.astro
[2026-02-06T00:05:56.844Z] 19:05:56 [watch] src/pages/standorte/saalekreis.astro
[2026-02-06T00:05:56.844Z] 19:05:56 [watch] src/pages/standorte/saalekreis.astro
[2026-02-06T00:05:56.846Z] 19:05:56 [watch] src/pages/standorte/solaranlage-kaufen-leipzig.astro
[2026-02-06T00:05:56.846Z] 19:05:56 [watch] src/pages/standorte/solaranlage-kaufen-leipzig.astro
[2026-02-06T00:05:56.846Z] 19:05:56 [watch] src/pages/standorte/solaranlage-leipzig.astro
[2026-02-06T00:05:56.847Z] 19:05:56 [watch] src/pages/standorte/solaranlage-leipzig.astro
[2026-02-06T00:05:56.850Z] 19:05:56 [watch] src/pages/standorte/solarteur-leipzig.astro
[2026-02-06T00:05:56.851Z] 19:05:56 [watch] src/pages/standorte/solarteur-leipzig.astro
[2026-02-06T00:05:56.851Z] 19:05:56 [watch] src/pages/standorte/stromspeicher-leipzig.astro
[2026-02-06T00:05:56.851Z] 19:05:56 [watch] src/pages/standorte/stromspeicher-leipzig.astro
[2026-02-06T00:05:56.852Z] 19:05:56 [watch] src/pages/standorte/wallbox-leipzig.astro
[2026-02-06T00:05:56.852Z] 19:05:56 [watch] src/pages/standorte/wallbox-leipzig.astro
[2026-02-06T00:05:56.857Z] 19:05:56 [watch] src/pages/standorte/weissenfels.astro
[2026-02-06T00:05:56.858Z] 19:05:56 [watch] src/pages/standorte/weissenfels.astro
[2026-02-06T00:05:56.861Z] 19:05:56 [watch] src/pages/ueber-uns.astro
[2026-02-06T00:05:56.862Z] 19:05:56 [watch] src/pages/ueber-uns.astro
[2026-02-06T00:05:56.863Z] 19:05:56 [watch] src/pages/standorte/zeitz.astro
[2026-02-06T00:05:56.864Z] 19:05:56 [watch] src/pages/standorte/zeitz.astro
[2026-02-06T00:05:56.865Z] 19:05:56 [watch] src/pages/stromspeicher.astro
[2026-02-06T00:05:56.865Z] 19:05:56 [watch] src/pages/stromspeicher.astro
[2026-02-06T00:05:56.866Z] 19:05:56 [watch] src/components/Breadcrumb.astro
[2026-02-06T00:05:56.866Z] 19:05:56 [watch] src/components/Breadcrumb.astro
[2026-02-06T00:05:56.869Z] 19:05:56 [watch] src/pages/wallbox-leipzig.astro
[2026-02-06T00:05:56.870Z] 19:05:56 [watch] src/pages/wallbox-leipzig.astro
[2026-02-06T00:05:56.870Z] 19:05:56 [watch] src/pages/wallbox.astro
[2026-02-06T00:05:56.870Z] 19:05:56 [watch] src/pages/wallbox.astro
[2026-02-06T00:05:56.871Z] 19:05:56 [watch] src/components/GoogleReviews.astro
[2026-02-06T00:05:56.872Z] 19:05:56 [watch] src/components/GoogleReviews.astro
[2026-02-06T00:05:56.873Z] 19:05:56 [watch] src/components/CookieBanner.astro
[2026-02-06T00:05:56.873Z] 19:05:56 [watch] src/components/CookieBanner.astro
[2026-02-06T00:05:56.876Z] 19:05:56 [watch] src/components/ExitIntentPopup.astro
[2026-02-06T00:05:56.876Z] 19:05:56 [watch] src/components/Footer.astro
[2026-02-06T00:05:56.877Z] 19:05:56 [watch] src/components/Footer.astro
[2026-02-06T00:05:56.880Z] 19:05:56 [watch] src/components/Header.astro
[2026-02-06T00:05:56.880Z] 19:05:56 [watch] src/components/Header.astro
[2026-02-06T00:05:56.881Z] 19:05:56 [watch] src/components/LocalBusinessSchema.astro
[2026-02-06T00:05:56.881Z] 19:05:56 [watch] src/components/LocalBusinessSchema.astro
[2026-02-06T00:05:56.882Z] 19:05:56 [watch] src/components/StandorteMap.astro
[2026-02-06T00:05:56.882Z] 19:05:56 [watch] src/components/StandorteMap.astro
[2026-02-06T00:05:56.884Z] 19:05:56 [watch] src/components/MultiStepForm.astro
[2026-02-06T00:05:56.889Z] 19:05:56 [watch] src/layouts/Layout.astro
[2026-02-06T00:05:56.889Z] 19:05:56 [watch] src/layouts/Layout.astro
[2026-02-06T00:05:56.892Z] 19:05:56 [watch] src/pages/admin.astro
[2026-02-06T00:05:56.893Z] 19:05:56 [watch] src/pages/admin.astro
[2026-02-06T00:05:56.895Z] 19:05:56 [watch] src/pages/agb.astro
[2026-02-06T00:05:56.896Z] 19:05:56 [watch] src/pages/agb.astro
[2026-02-06T00:05:56.896Z] 19:05:56 [watch] src/pages/analytics.astro
[2026-02-06T00:05:56.896Z] 19:05:56 [watch] src/pages/analytics.astro
[2026-02-06T00:05:56.899Z] 19:05:56 [watch] src/pages/blog.astro
[2026-02-06T00:05:56.900Z] 19:05:56 [watch] src/pages/blog.astro
[2026-02-06T00:05:56.901Z] 19:05:56 [watch] src/pages/blog/fehler-solarkauf.astro
[2026-02-06T00:05:56.901Z] 19:05:56 [watch] src/pages/blog/fehler-solarkauf.astro
[2026-02-06T00:05:56.902Z] 19:05:56 [watch] src/pages/blog/neue-speicher-technologien-2026.astro
[2026-02-06T00:05:56.902Z] 19:05:56 [watch] src/pages/blog/neue-speicher-technologien-2026.astro
[2026-02-06T00:05:56.904Z] 19:05:56 [watch] src/pages/blog/photovoltaik-foerderung-2026.astro
[2026-02-06T00:05:56.905Z] 19:05:56 [watch] src/pages/blog/photovoltaik-foerderung-2026.astro
[2026-02-06T00:05:56.906Z] 19:05:56 [watch] src/pages/blog/photovoltaik-kosten-2026.astro
[2026-02-06T00:05:56.907Z] 19:05:56 [watch] src/pages/blog/photovoltaik-kosten-2026.astro
[2026-02-06T00:05:56.909Z] 19:05:56 [watch] src/pages/blog/solar-leipzig.astro
[2026-02-06T00:05:56.909Z] 19:05:56 [watch] src/pages/blog/solar-leipzig.astro
[2026-02-06T00:05:56.911Z] 19:05:56 [watch] src/pages/blog/solaranlage-wartung.astro
[2026-02-06T00:05:56.911Z] 19:05:56 [watch] src/pages/blog/solaranlage-wartung.astro
[2026-02-06T00:05:56.913Z] 19:05:56 [watch] src/pages/blog/stromspeicher-2026-lohnt-sich.astro
[2026-02-06T00:05:56.914Z] 19:05:56 [watch] src/pages/blog/stromspeicher-2026-lohnt-sich.astro
[2026-02-06T00:05:56.917Z] 19:05:56 [watch] src/pages/blog/stromspeicher-nachruesten.astro
[2026-02-06T00:05:56.917Z] 19:05:56 [watch] src/pages/blog/stromspeicher-nachruesten.astro
[2026-02-06T00:05:56.925Z] 19:05:56 [watch] src/pages/blog/stromspeicher-vergleich-2026.astro
[2026-02-06T00:05:56.925Z] 19:05:56 [watch] src/pages/blog/stromspeicher-vergleich-2026.astro
[2026-02-06T00:05:56.929Z] 19:05:56 [watch] src/pages/blog/wartungstipps-winter.astro
[2026-02-06T00:05:56.929Z] 19:05:56 [watch] src/pages/blog/wartungstipps-winter.astro
[2026-02-06T00:05:56.933Z] 19:05:56 [watch] src/pages/dashboard.astro
[2026-02-06T00:05:56.934Z] 19:05:56 [watch] src/pages/dashboard.astro
[2026-02-06T00:05:56.934Z] 19:05:56 [watch] src/pages/dashboard/cta-tracking.astro
[2026-02-06T00:05:56.935Z] 19:05:56 [watch] src/pages/dashboard/cta-tracking.astro
[2026-02-06T00:05:56.935Z] 19:05:56 [watch] src/pages/datenschutz.astro
[2026-02-06T00:05:56.935Z] 19:05:56 [watch] src/pages/datenschutz.astro
[2026-02-06T00:05:56.940Z] 19:05:56 [watch] src/pages/faq.astro
[2026-02-06T00:05:56.941Z] 19:05:56 [watch] src/pages/faq.astro
[2026-02-06T00:05:56.941Z] 19:05:56 [watch] src/pages/gewerbe-photovoltaik-leipzig.astro
[2026-02-06T00:05:56.941Z] 19:05:56 [watch] src/pages/gewerbe-photovoltaik-leipzig.astro
[2026-02-06T00:05:56.945Z] 19:05:56 [watch] src/pages/gewerbe.astro
[2026-02-06T00:05:56.945Z] 19:05:56 [watch] src/pages/gewerbe.astro
[2026-02-06T00:05:56.945Z] 19:05:56 [watch] src/pages/heizung.astro
[2026-02-06T00:05:56.945Z] 19:05:56 [watch] src/pages/heizung.astro
[2026-02-06T00:05:56.946Z] 19:05:56 [watch] src/pages/impressum.astro
[2026-02-06T00:05:56.946Z] 19:05:56 [watch] src/pages/impressum.astro
[2026-02-06T00:05:56.950Z] 19:05:56 [watch] src/pages/kontakt.astro
[2026-02-06T00:05:56.951Z] 19:05:56 [watch] src/pages/kontakt.astro
[2026-02-06T00:05:56.951Z] 19:05:56 [watch] src/pages/privat.astro
[2026-02-06T00:05:56.952Z] 19:05:56 [watch] src/pages/privat.astro
[2026-02-06T00:05:56.957Z] 19:05:56 [watch] src/pages/pv-reinigung-leipzig.astro
[2026-02-06T00:05:56.957Z] 19:05:56 [watch] src/pages/pv-reinigung-leipzig.astro
[2026-02-06T00:05:56.959Z] 19:05:56 [watch] src/pages/pv-wartung-leipzig.astro
[2026-02-06T00:05:56.960Z] 19:05:56 [watch] src/pages/pv-wartung-leipzig.astro
[2026-02-06T00:05:56.961Z] 19:05:56 [watch] src/pages/index.astro
[2026-02-06T00:05:56.962Z] 19:05:56 [watch] src/pages/index.astro
[2026-02-06T00:05:56.962Z] 19:05:56 [watch] src/pages/ratgeber.astro
[2026-02-06T00:05:56.963Z] 19:05:56 [watch] src/pages/ratgeber.astro
[2026-02-06T00:05:56.963Z] 19:05:56 [watch] src/pages/ratgeber/foerderung.astro
[2026-02-06T00:05:56.963Z] 19:05:56 [watch] src/pages/ratgeber/foerderung.astro
[2026-02-06T00:05:56.966Z] 19:05:56 [watch] src/pages/ratgeber/kosten.astro
[2026-02-06T00:05:56.967Z] 19:05:56 [watch] src/pages/ratgeber/kosten.astro
[2026-02-06T00:05:56.967Z] 19:05:56 [watch] src/pages/ratgeber/wirtschaftlichkeit.astro
[2026-02-06T00:05:56.967Z] 19:05:56 [watch] src/pages/ratgeber/wirtschaftlichkeit.astro
[2026-02-06T00:05:56.970Z] 19:05:56 [watch] src/pages/referenzen.astro
[2026-02-06T00:05:56.971Z] 19:05:56 [watch] src/pages/referenzen.astro
[2026-02-06T00:05:56.974Z] 19:05:56 [watch] src/pages/seo.astro
[2026-02-06T00:05:56.974Z] 19:05:56 [watch] src/pages/seo.astro
[2026-02-06T00:05:56.977Z] 19:05:56 [watch] src/pages/service.astro
[2026-02-06T00:05:56.978Z] 19:05:56 [watch] src/pages/service.astro
[2026-02-06T00:05:56.980Z] 19:05:56 [watch] src/pages/solaranlage-leipzig.astro
[2026-02-06T00:05:56.980Z] 19:05:56 [watch] src/pages/solaranlage-leipzig.astro
[2026-02-06T00:05:56.981Z] 19:05:56 [watch] src/pages/solarmanager.astro
[2026-02-06T00:05:56.981Z] 19:05:56 [watch] src/pages/solarmanager.astro
[2026-02-06T00:05:56.985Z] 19:05:56 [watch] src/pages/solarpark-betreuung.astro
[2026-02-06T00:05:56.986Z] 19:05:56 [watch] src/pages/solarpark-betreuung.astro
[2026-02-06T00:05:56.986Z] 19:05:56 [watch] src/pages/standorte.astro
[2026-02-06T00:05:56.986Z] 19:05:56 [watch] src/pages/standorte.astro
[2026-02-06T00:05:56.989Z] 19:05:56 [watch] src/pages/standorte/anhalt-bitterfeld.astro
[2026-02-06T00:05:56.989Z] 19:05:56 [watch] src/pages/standorte/anhalt-bitterfeld.astro
[2026-02-06T00:05:56.991Z] 19:05:56 [watch] src/pages/standorte/burgenlandkreis.astro
[2026-02-06T00:05:56.992Z] 19:05:56 [watch] src/pages/standorte/burgenlandkreis.astro
[2026-02-06T00:05:56.992Z] 19:05:56 [watch] src/pages/standorte/dresden.astro
[2026-02-06T00:05:56.992Z] 19:05:56 [watch] src/pages/standorte/dresden.astro
[2026-02-06T00:05:56.992Z] 19:05:56 [watch] src/pages/standorte/borna.astro
[2026-02-06T00:05:56.993Z] 19:05:56 [watch] src/pages/standorte/borna.astro
[2026-02-06T00:05:56.997Z] 19:05:56 [watch] src/pages/standorte/elbe-elster.astro
[2026-02-06T00:05:56.998Z] 19:05:56 [watch] src/pages/standorte/elbe-elster.astro
[2026-02-06T00:05:56.998Z] 19:05:56 [watch] src/pages/standorte/erfurt.astro
[2026-02-06T00:05:56.998Z] 19:05:56 [watch] src/pages/standorte/erfurt.astro
[2026-02-06T00:05:57.000Z] 19:05:57 [watch] src/pages/standorte/gera.astro
[2026-02-06T00:05:57.000Z] 19:05:57 [watch] src/pages/standorte/gera.astro
[2026-02-06T00:05:57.004Z] 19:05:57 [watch] src/pages/standorte/grimma.astro
[2026-02-06T00:05:57.004Z] 19:05:57 [watch] src/pages/standorte/grimma.astro
[2026-02-06T00:05:57.004Z] 19:05:57 [watch] src/pages/standorte/halle.astro
[2026-02-06T00:05:57.004Z] 19:05:57 [watch] src/pages/standorte/halle.astro
[2026-02-06T00:05:57.009Z] 19:05:57 [watch] src/pages/standorte/leipzig.astro
[2026-02-06T00:05:57.010Z] 19:05:57 [watch] src/pages/standorte/leipzig.astro
[2026-02-06T00:05:57.010Z] 19:05:57 [watch] src/pages/standorte/magdeburg.astro
[2026-02-06T00:05:57.011Z] 19:05:57 [watch] src/pages/standorte/magdeburg.astro
[2026-02-06T00:05:57.015Z] 19:05:57 [watch] src/pages/standorte/naumburg.astro
[2026-02-06T00:05:57.015Z] 19:05:57 [watch] src/pages/standorte/naumburg.astro
[2026-02-06T00:05:57.016Z] 19:05:57 [watch] src/pages/standorte/nordsachsen.astro
[2026-02-06T00:05:57.017Z] 19:05:57 [watch] src/pages/standorte/nordsachsen.astro
[2026-02-06T00:05:57.017Z] 19:05:57 [watch] src/pages/standorte/photovoltaik-anbieter-leipzig.astro
[2026-02-06T00:05:57.017Z] 19:05:57 [watch] src/pages/standorte/photovoltaik-anbieter-leipzig.astro
[2026-02-06T00:05:57.020Z] 19:05:57 [watch] src/pages/standorte/photovoltaik-delitzsch.astro
[2026-02-06T00:05:57.021Z] 19:05:57 [watch] src/pages/standorte/photovoltaik-delitzsch.astro
[2026-02-06T00:05:57.021Z] 19:05:57 [watch] src/pages/standorte/photovoltaik-eilenburg.astro
[2026-02-06T00:05:57.022Z] 19:05:57 [watch] src/pages/standorte/photovoltaik-eilenburg.astro
[2026-02-06T00:05:57.022Z] 19:05:57 [watch] src/pages/standorte/photovoltaik-firma-leipzig.astro
[2026-02-06T00:05:57.022Z] 19:05:57 [watch] src/pages/standorte/photovoltaik-firma-leipzig.astro
[2026-02-06T00:05:57.025Z] 19:05:57 [watch] src/pages/standorte/photovoltaik-markkleeberg.astro
[2026-02-06T00:05:57.025Z] 19:05:57 [watch] src/pages/standorte/photovoltaik-markkleeberg.astro
[2026-02-06T00:05:57.028Z] 19:05:57 [watch] src/pages/standorte/photovoltaik-taucha.astro
[2026-02-06T00:05:57.029Z] 19:05:57 [watch] src/pages/standorte/photovoltaik-taucha.astro
[2026-02-06T00:05:57.031Z] 19:05:57 [watch] src/pages/standorte/photovoltaik-wurzen.astro
[2026-02-06T00:05:57.031Z] 19:05:57 [watch] src/pages/standorte/photovoltaik-wurzen.astro
[2026-02-06T00:05:57.033Z] 19:05:57 [watch] src/pages/standorte/saalekreis.astro
[2026-02-06T00:05:57.034Z] 19:05:57 [watch] src/pages/standorte/saalekreis.astro
[2026-02-06T00:05:57.036Z] 19:05:57 [watch] src/pages/standorte/solaranlage-kaufen-leipzig.astro
[2026-02-06T00:05:57.037Z] 19:05:57 [watch] src/pages/standorte/solaranlage-kaufen-leipzig.astro
[2026-02-06T00:05:57.037Z] 19:05:57 [watch] src/pages/standorte/solaranlage-leipzig.astro
[2026-02-06T00:05:57.037Z] 19:05:57 [watch] src/pages/standorte/solaranlage-leipzig.astro
[2026-02-06T00:05:57.042Z] 19:05:57 [watch] src/pages/standorte/solarteur-leipzig.astro
[2026-02-06T00:05:57.043Z] 19:05:57 [watch] src/pages/standorte/solarteur-leipzig.astro
[2026-02-06T00:05:57.043Z] 19:05:57 [watch] src/pages/standorte/stromspeicher-leipzig.astro
[2026-02-06T00:05:57.044Z] 19:05:57 [watch] src/pages/standorte/stromspeicher-leipzig.astro
[2026-02-06T00:05:57.044Z] 19:05:57 [watch] src/pages/standorte/wallbox-leipzig.astro
[2026-02-06T00:05:57.044Z] 19:05:57 [watch] src/pages/standorte/wallbox-leipzig.astro
[2026-02-06T00:05:57.048Z] 19:05:57 [watch] src/pages/standorte/weissenfels.astro
[2026-02-06T00:05:57.048Z] 19:05:57 [watch] src/pages/standorte/weissenfels.astro
[2026-02-06T00:05:57.048Z] 19:05:57 [watch] src/pages/standorte/zeitz.astro
[2026-02-06T00:05:57.049Z] 19:05:57 [watch] src/pages/standorte/zeitz.astro
[2026-02-06T00:05:57.051Z] 19:05:57 [watch] src/pages/ueber-uns.astro
[2026-02-06T00:05:57.051Z] 19:05:57 [watch] src/pages/ueber-uns.astro
[2026-02-06T00:05:57.055Z] 19:05:57 [watch] src/pages/stromspeicher.astro
[2026-02-06T00:05:57.055Z] 19:05:57 [watch] src/pages/stromspeicher.astro
[2026-02-06T00:05:57.056Z] 19:05:57 [watch] src/components/Breadcrumb.astro
[2026-02-06T00:05:57.056Z] 19:05:57 [watch] src/components/Breadcrumb.astro
[2026-02-06T00:05:57.058Z] 19:05:57 [watch] src/pages/wallbox-leipzig.astro
[2026-02-06T00:05:57.058Z] 19:05:57 [watch] src/pages/wallbox-leipzig.astro
[2026-02-06T00:05:57.060Z] 19:05:57 [watch] src/pages/wallbox.astro
[2026-02-06T00:05:57.060Z] 19:05:57 [watch] src/pages/wallbox.astro
[2026-02-06T00:05:57.062Z] 19:05:57 [watch] src/components/GoogleReviews.astro
[2026-02-06T00:05:57.062Z] 19:05:57 [watch] src/components/GoogleReviews.astro
[2026-02-06T00:05:57.064Z] 19:05:57 [watch] src/components/CookieBanner.astro
[2026-02-06T00:05:57.065Z] 19:05:57 [watch] src/components/CookieBanner.astro
[2026-02-06T00:05:57.065Z] 19:05:57 [watch] src/components/ExitIntentPopup.astro
[2026-02-06T00:05:57.067Z] 19:05:57 [watch] src/components/StandorteMap.astro
[2026-02-06T00:05:57.068Z] 19:05:57 [watch] src/components/StandorteMap.astro
[2026-02-06T00:05:57.068Z] 19:05:57 [watch] src/components/Footer.astro
[2026-02-06T00:05:57.069Z] 19:05:57 [watch] src/components/Footer.astro
[2026-02-06T00:05:57.069Z] 19:05:57 [watch] src/components/Header.astro
[2026-02-06T00:05:57.070Z] 19:05:57 [watch] src/components/Header.astro
[2026-02-06T00:05:57.070Z] 19:05:57 [watch] src/components/LocalBusinessSchema.astro
[2026-02-06T00:05:57.071Z] 19:05:57 [watch] src/components/LocalBusinessSchema.astro
[2026-02-06T00:05:57.071Z] 19:05:57 [watch] src/components/MultiStepForm.astro
[2026-02-06T00:05:57.075Z] 19:05:57 [watch] src/layouts/Layout.astro
[2026-02-06T00:05:57.075Z] 19:05:57 [watch] src/layouts/Layout.astro
[2026-02-06T00:05:57.080Z] 19:05:57 [watch] src/pages/admin.astro
[2026-02-06T00:05:57.081Z] 19:05:57 [watch] src/pages/admin.astro
[2026-02-06T00:05:57.083Z] 19:05:57 [watch] src/pages/agb.astro
[2026-02-06T00:05:57.083Z] 19:05:57 [watch] src/pages/agb.astro
[2026-02-06T00:05:57.087Z] 19:05:57 [watch] src/pages/analytics.astro
[2026-02-06T00:05:57.087Z] 19:05:57 [watch] src/pages/analytics.astro
[2026-02-06T00:05:57.088Z] 19:05:57 [watch] src/pages/blog.astro
[2026-02-06T00:05:57.089Z] 19:05:57 [watch] src/pages/blog.astro
[2026-02-06T00:05:57.090Z] 19:05:57 [watch] src/pages/blog/fehler-solarkauf.astro
[2026-02-06T00:05:57.090Z] 19:05:57 [watch] src/pages/blog/fehler-solarkauf.astro
[2026-02-06T00:05:57.092Z] 19:05:57 [watch] src/pages/blog/neue-speicher-technologien-2026.astro
[2026-02-06T00:05:57.093Z] 19:05:57 [watch] src/pages/blog/neue-speicher-technologien-2026.astro
[2026-02-06T00:05:57.093Z] 19:05:57 [watch] src/pages/blog/photovoltaik-foerderung-2026.astro
[2026-02-06T00:05:57.094Z] 19:05:57 [watch] src/pages/blog/photovoltaik-foerderung-2026.astro
[2026-02-06T00:05:57.096Z] 19:05:57 [watch] src/pages/blog/photovoltaik-kosten-2026.astro
[2026-02-06T00:05:57.096Z] 19:05:57 [watch] src/pages/blog/photovoltaik-kosten-2026.astro
[2026-02-06T00:05:57.096Z] 19:05:57 [watch] src/pages/blog/solar-leipzig.astro
[2026-02-06T00:05:57.097Z] 19:05:57 [watch] src/pages/blog/solar-leipzig.astro
[2026-02-06T00:05:57.099Z] 19:05:57 [watch] src/pages/blog/solaranlage-wartung.astro
[2026-02-06T00:05:57.100Z] 19:05:57 [watch] src/pages/blog/solaranlage-wartung.astro
[2026-02-06T00:05:57.100Z] 19:05:57 [watch] src/pages/blog/stromspeicher-2026-lohnt-sich.astro
[2026-02-06T00:05:57.101Z] 19:05:57 [watch] src/pages/blog/stromspeicher-2026-lohnt-sich.astro
[2026-02-06T00:05:57.104Z] 19:05:57 [watch] src/pages/blog/stromspeicher-nachruesten.astro
[2026-02-06T00:05:57.104Z] 19:05:57 [watch] src/pages/blog/stromspeicher-nachruesten.astro
[2026-02-06T00:05:57.105Z] 19:05:57 [watch] src/pages/blog/stromspeicher-vergleich-2026.astro
[2026-02-06T00:05:57.105Z] 19:05:57 [watch] src/pages/blog/stromspeicher-vergleich-2026.astro
[2026-02-06T00:05:57.108Z] 19:05:57 [watch] src/pages/blog/wartungstipps-winter.astro
[2026-02-06T00:05:57.109Z] 19:05:57 [watch] src/pages/blog/wartungstipps-winter.astro
[2026-02-06T00:05:57.114Z] 19:05:57 [watch] src/pages/dashboard.astro
[2026-02-06T00:05:57.114Z] 19:05:57 [watch] src/pages/dashboard.astro
[2026-02-06T00:05:57.115Z] 19:05:57 [watch] src/pages/dashboard/cta-tracking.astro
[2026-02-06T00:05:57.116Z] 19:05:57 [watch] src/pages/dashboard/cta-tracking.astro
[2026-02-06T00:05:57.120Z] 19:05:57 [watch] src/pages/datenschutz.astro
[2026-02-06T00:05:57.120Z] 19:05:57 [watch] src/pages/datenschutz.astro
[2026-02-06T00:05:57.122Z] 19:05:57 [watch] src/pages/faq.astro
[2026-02-06T00:05:57.123Z] 19:05:57 [watch] src/pages/faq.astro
[2026-02-06T00:05:57.124Z] 19:05:57 [watch] src/pages/gewerbe-photovoltaik-leipzig.astro
[2026-02-06T00:05:57.125Z] 19:05:57 [watch] src/pages/gewerbe-photovoltaik-leipzig.astro
[2026-02-06T00:05:57.128Z] 19:05:57 [watch] src/pages/gewerbe.astro
[2026-02-06T00:05:57.128Z] 19:05:57 [watch] src/pages/gewerbe.astro
[2026-02-06T00:05:57.131Z] 19:05:57 [watch] src/pages/heizung.astro
[2026-02-06T00:05:57.132Z] 19:05:57 [watch] src/pages/heizung.astro
[2026-02-06T00:05:57.132Z] 19:05:57 [watch] src/pages/impressum.astro
[2026-02-06T00:05:57.132Z] 19:05:57 [watch] src/pages/impressum.astro
[2026-02-06T00:05:57.136Z] 19:05:57 [watch] src/pages/kontakt.astro
[2026-02-06T00:05:57.137Z] 19:05:57 [watch] src/pages/kontakt.astro
[2026-02-06T00:05:57.139Z] 19:05:57 [watch] src/pages/privat.astro
[2026-02-06T00:05:57.140Z] 19:05:57 [watch] src/pages/privat.astro
[2026-02-06T00:05:57.140Z] 19:05:57 [watch] src/pages/pv-reinigung-leipzig.astro
[2026-02-06T00:05:57.140Z] 19:05:57 [watch] src/pages/pv-reinigung-leipzig.astro
[2026-02-06T00:05:57.141Z] 19:05:57 [watch] src/pages/index.astro
[2026-02-06T00:05:57.142Z] 19:05:57 [watch] src/pages/index.astro
[2026-02-06T00:05:57.145Z] 19:05:57 [watch] src/pages/pv-wartung-leipzig.astro
[2026-02-06T00:05:57.145Z] 19:05:57 [watch] src/pages/pv-wartung-leipzig.astro
[2026-02-06T00:05:57.149Z] 19:05:57 [watch] src/pages/ratgeber.astro
[2026-02-06T00:05:57.149Z] 19:05:57 [watch] src/pages/ratgeber.astro
[2026-02-06T00:05:57.150Z] 19:05:57 [watch] src/pages/ratgeber/foerderung.astro
[2026-02-06T00:05:57.151Z] 19:05:57 [watch] src/pages/ratgeber/foerderung.astro
[2026-02-06T00:05:57.153Z] 19:05:57 [watch] src/pages/ratgeber/kosten.astro
[2026-02-06T00:05:57.153Z] 19:05:57 [watch] src/pages/ratgeber/kosten.astro
[2026-02-06T00:05:57.154Z] 19:05:57 [watch] src/pages/ratgeber/wirtschaftlichkeit.astro
[2026-02-06T00:05:57.155Z] 19:05:57 [watch] src/pages/ratgeber/wirtschaftlichkeit.astro
[2026-02-06T00:05:57.155Z] 19:05:57 [watch] src/pages/referenzen.astro
[2026-02-06T00:05:57.156Z] 19:05:57 [watch] src/pages/referenzen.astro
[2026-02-06T00:05:57.159Z] 19:05:57 [watch] src/pages/seo.astro
[2026-02-06T00:05:57.159Z] 19:05:57 [watch] src/pages/seo.astro
[2026-02-06T00:05:57.161Z] 19:05:57 [watch] src/pages/service.astro
[2026-02-06T00:05:57.162Z] 19:05:57 [watch] src/pages/service.astro
[2026-02-06T00:05:57.164Z] 19:05:57 [watch] src/pages/solaranlage-leipzig.astro
[2026-02-06T00:05:57.164Z] 19:05:57 [watch] src/pages/solaranlage-leipzig.astro
[2026-02-06T00:05:57.165Z] 19:05:57 [watch] src/pages/solarmanager.astro
[2026-02-06T00:05:57.165Z] 19:05:57 [watch] src/pages/solarmanager.astro
[2026-02-06T00:05:57.169Z] 19:05:57 [watch] src/pages/solarpark-betreuung.astro
[2026-02-06T00:05:57.169Z] 19:05:57 [watch] src/pages/solarpark-betreuung.astro
[2026-02-06T00:05:57.173Z] 19:05:57 [watch] src/pages/standorte.astro
[2026-02-06T00:05:57.173Z] 19:05:57 [watch] src/pages/standorte.astro
[2026-02-06T00:05:57.175Z] 19:05:57 [watch] src/pages/standorte/anhalt-bitterfeld.astro
[2026-02-06T00:05:57.176Z] 19:05:57 [watch] src/pages/standorte/anhalt-bitterfeld.astro
[2026-02-06T00:05:57.176Z] 19:05:57 [watch] src/pages/standorte/borna.astro
[2026-02-06T00:05:57.177Z] 19:05:57 [watch] src/pages/standorte/borna.astro
[2026-02-06T00:05:57.180Z] 19:05:57 [watch] src/pages/standorte/burgenlandkreis.astro
[2026-02-06T00:05:57.180Z] 19:05:57 [watch] src/pages/standorte/burgenlandkreis.astro
[2026-02-06T00:05:57.181Z] 19:05:57 [watch] src/pages/standorte/dresden.astro
[2026-02-06T00:05:57.181Z] 19:05:57 [watch] src/pages/standorte/dresden.astro
[2026-02-06T00:05:57.181Z] 19:05:57 [watch] src/pages/standorte/elbe-elster.astro
[2026-02-06T00:05:57.182Z] 19:05:57 [watch] src/pages/standorte/elbe-elster.astro
[2026-02-06T00:05:57.185Z] 19:05:57 [watch] src/pages/standorte/erfurt.astro
[2026-02-06T00:05:57.185Z] 19:05:57 [watch] src/pages/standorte/erfurt.astro
[2026-02-06T00:05:57.186Z] 19:05:57 [watch] src/pages/standorte/gera.astro
[2026-02-06T00:05:57.186Z] 19:05:57 [watch] src/pages/standorte/gera.astro
[2026-02-06T00:05:57.188Z] 19:05:57 [watch] src/pages/standorte/grimma.astro
[2026-02-06T00:05:57.188Z] 19:05:57 [watch] src/pages/standorte/grimma.astro
[2026-02-06T00:05:57.190Z] 19:05:57 [watch] src/pages/standorte/halle.astro
[2026-02-06T00:05:57.191Z] 19:05:57 [watch] src/pages/standorte/halle.astro
[2026-02-06T00:05:57.192Z] 19:05:57 [watch] src/pages/standorte/leipzig.astro
[2026-02-06T00:05:57.192Z] 19:05:57 [watch] src/pages/standorte/leipzig.astro
[2026-02-06T00:05:57.195Z] 19:05:57 [watch] src/pages/standorte/magdeburg.astro
[2026-02-06T00:05:57.196Z] 19:05:57 [watch] src/pages/standorte/magdeburg.astro
[2026-02-06T00:05:57.196Z] 19:05:57 [watch] src/pages/standorte/naumburg.astro
[2026-02-06T00:05:57.196Z] 19:05:57 [watch] src/pages/standorte/naumburg.astro
[2026-02-06T00:05:57.201Z] 19:05:57 [watch] src/pages/standorte/nordsachsen.astro
[2026-02-06T00:05:57.202Z] 19:05:57 [watch] src/pages/standorte/nordsachsen.astro
[2026-02-06T00:05:57.202Z] 19:05:57 [watch] src/pages/standorte/photovoltaik-anbieter-leipzig.astro
[2026-02-06T00:05:57.202Z] 19:05:57 [watch] src/pages/standorte/photovoltaik-anbieter-leipzig.astro
[2026-02-06T00:05:57.206Z] 19:05:57 [watch] src/pages/standorte/photovoltaik-delitzsch.astro
[2026-02-06T00:05:57.206Z] 19:05:57 [watch] src/pages/standorte/photovoltaik-delitzsch.astro
[2026-02-06T00:05:57.207Z] 19:05:57 [watch] src/pages/standorte/photovoltaik-eilenburg.astro
[2026-02-06T00:05:57.207Z] 19:05:57 [watch] src/pages/standorte/photovoltaik-eilenburg.astro
[2026-02-06T00:05:57.208Z] 19:05:57 [watch] src/pages/standorte/photovoltaik-firma-leipzig.astro
[2026-02-06T00:05:57.208Z] 19:05:57 [watch] src/pages/standorte/photovoltaik-firma-leipzig.astro
[2026-02-06T00:05:57.211Z] 19:05:57 [watch] src/pages/standorte/photovoltaik-markkleeberg.astro
[2026-02-06T00:05:57.211Z] 19:05:57 [watch] src/pages/standorte/photovoltaik-markkleeberg.astro
[2026-02-06T00:05:57.212Z] 19:05:57 [watch] src/pages/standorte/photovoltaik-taucha.astro
[2026-02-06T00:05:57.212Z] 19:05:57 [watch] src/pages/standorte/photovoltaik-taucha.astro
[2026-02-06T00:05:57.213Z] 19:05:57 [watch] src/pages/standorte/photovoltaik-wurzen.astro
[2026-02-06T00:05:57.213Z] 19:05:57 [watch] src/pages/standorte/photovoltaik-wurzen.astro
[2026-02-06T00:05:57.215Z] 19:05:57 [watch] src/pages/standorte/saalekreis.astro
[2026-02-06T00:05:57.216Z] 19:05:57 [watch] src/pages/standorte/saalekreis.astro
[2026-02-06T00:05:57.216Z] 19:05:57 [watch] src/pages/standorte/solaranlage-kaufen-leipzig.astro
[2026-02-06T00:05:57.216Z] 19:05:57 [watch] src/pages/standorte/solaranlage-kaufen-leipzig.astro
[2026-02-06T00:05:57.219Z] 19:05:57 [watch] src/pages/standorte/solaranlage-leipzig.astro
[2026-02-06T00:05:57.219Z] 19:05:57 [watch] src/pages/standorte/solaranlage-leipzig.astro
[2026-02-06T00:05:57.222Z] 19:05:57 [watch] src/pages/standorte/solarteur-leipzig.astro
[2026-02-06T00:05:57.223Z] 19:05:57 [watch] src/pages/standorte/solarteur-leipzig.astro
[2026-02-06T00:05:57.228Z] 19:05:57 [watch] src/pages/standorte/stromspeicher-leipzig.astro
[2026-02-06T00:05:57.229Z] 19:05:57 [watch] src/pages/standorte/stromspeicher-leipzig.astro
[2026-02-06T00:05:57.229Z] 19:05:57 [watch] src/pages/standorte/wallbox-leipzig.astro
[2026-02-06T00:05:57.230Z] 19:05:57 [watch] src/pages/standorte/wallbox-leipzig.astro
[2026-02-06T00:05:57.238Z] 19:05:57 [watch] src/pages/standorte/weissenfels.astro
[2026-02-06T00:05:57.239Z] 19:05:57 [watch] src/pages/standorte/weissenfels.astro
[2026-02-06T00:05:57.241Z] 19:05:57 [watch] src/pages/ueber-uns.astro
[2026-02-06T00:05:57.241Z] 19:05:57 [watch] src/pages/ueber-uns.astro
[2026-02-06T00:05:57.243Z] 19:05:57 [watch] src/pages/standorte/zeitz.astro
[2026-02-06T00:05:57.244Z] 19:05:57 [watch] src/pages/standorte/zeitz.astro
[2026-02-06T00:05:57.245Z] 19:05:57 [watch] src/pages/stromspeicher.astro
[2026-02-06T00:05:57.246Z] 19:05:57 [watch] src/pages/stromspeicher.astro
[2026-02-06T00:05:57.246Z] 19:05:57 [watch] src/pages/wallbox-leipzig.astro
[2026-02-06T00:05:57.246Z] 19:05:57 [watch] src/pages/wallbox-leipzig.astro
[2026-02-06T00:05:57.247Z] 19:05:57 [watch] src/pages/wallbox.astro
[2026-02-06T00:05:57.247Z] 19:05:57 [watch] src/pages/wallbox.astro
[2026-02-06T00:05:58.494Z] 19:05:58 [200] / 372ms
[2026-02-06T00:06:51.774Z] 19:06:51 [200] / 39ms
[2026-02-06T00:31:40.813Z] 19:31:40 [200] / 39ms
[2026-02-06T00:32:27.609Z] 19:32:27 [watch] src/pages/privat.astro
[2026-02-06T00:32:27.610Z] 19:32:27 [watch] src/pages/privat.astro
[2026-02-06T00:32:28.952Z] 19:32:28 [200] / 87ms
[2026-02-06T00:32:47.749Z] 19:32:47 [200] / 26ms
[2026-02-06T00:32:50.803Z] 19:32:50 [200] / 25ms
[2026-02-06T00:32:51.785Z] 19:32:51 [200] / 29ms
[2026-02-06T00:32:54.789Z] 19:32:54 [watch] src/pages/gewerbe.astro
[2026-02-06T00:32:54.790Z] 19:32:54 [watch] src/pages/gewerbe.astro
[2026-02-06T00:32:55.870Z] 19:32:55 [200] / 75ms
[2026-02-06T00:32:56.589Z] 19:32:56 [200] / 24ms
[2026-02-06T00:33:06.782Z] 19:33:06 [200] / 22ms
[2026-02-06T00:33:09.774Z] 19:33:09 [200] / 25ms
[2026-02-06T00:33:11.788Z] 19:33:11 [200] / 29ms
[2026-02-06T00:33:13.891Z] 19:33:13 [200] / 24ms
[2026-02-06T00:33:15.770Z] 19:33:15 [200] / 24ms
[2026-02-06T00:33:19.794Z] 19:33:19 [200] / 24ms
[2026-02-06T00:33:20.795Z] 19:33:20 [watch] src/pages/stromspeicher.astro
[2026-02-06T00:33:20.795Z] 19:33:20 [watch] src/pages/stromspeicher.astro
[2026-02-06T00:33:22.027Z] 19:33:22 [200] / 69ms
[2026-02-06T00:33:33.777Z] 19:33:33 [200] / 26ms
[2026-02-06T00:33:37.785Z] 19:33:37 [200] / 27ms
[2026-02-06T00:33:41.874Z] 19:33:41 [200] / 25ms
[2026-02-06T00:33:45.785Z] 19:33:45 [200] / 24ms
[2026-02-06T00:33:47.971Z] 19:33:47 [watch] src/pages/wallbox.astro
[2026-02-06T00:33:47.972Z] 19:33:47 [watch] src/pages/wallbox.astro
[2026-02-06T00:33:48.752Z] 19:33:48 [200] / 75ms
[2026-02-06T00:34:01.014Z] 19:34:01 [200] / 23ms
[2026-02-06T00:34:01.075Z] 19:34:01 [200] / 24ms
[2026-02-06T00:34:08.786Z] 19:34:08 [200] / 23ms
[2026-02-06T00:34:12.786Z] 19:34:12 [200] / 24ms
[2026-02-06T00:34:15.453Z] 19:34:15 [watch] src/pages/blog/fehler-solarkauf.astro
[2026-02-06T00:34:15.454Z] 19:34:15 [watch] src/pages/blog/fehler-solarkauf.astro
[2026-02-06T00:34:15.868Z] 19:34:15 [200] / 68ms
[2026-02-06T00:34:16.208Z] 19:34:16 [200] / 22ms
[2026-02-06T00:34:29.175Z] 19:34:29 [200] / 28ms
[2026-02-06T00:34:32.647Z] 19:34:32 [watch] src/pages/blog/stromspeicher-nachruesten.astro
[2026-02-06T00:34:32.647Z] 19:34:32 [watch] src/pages/blog/stromspeicher-nachruesten.astro
[2026-02-06T00:34:33.416Z] 19:34:33 [200] / 65ms
[2026-02-06T00:34:33.785Z] 19:34:33 [200] / 23ms
[2026-02-06T00:34:48.115Z] 19:34:48 [200] / 25ms
[2026-02-06T00:34:51.793Z] 19:34:51 [watch] src/pages/blog/solaranlage-wartung.astro
[2026-02-06T00:34:51.794Z] 19:34:51 [watch] src/pages/blog/solaranlage-wartung.astro
[2026-02-06T00:34:52.477Z] 19:34:52 [200] / 73ms
[2026-02-06T00:34:53.264Z] 19:34:53 [200] / 27ms
[2026-02-06T00:34:57.791Z] 19:34:57 [200] / 25ms
[2026-02-06T00:35:01.813Z] 19:35:01 [200] / 23ms
[2026-02-06T00:35:05.772Z] 19:35:05 [200] / 22ms
[2026-02-06T00:47:11.605Z] 19:47:11 [200] / 21ms
[2026-02-06T00:47:14.706Z] 19:47:14 [200] / 24ms
[2026-02-06T00:47:17.534Z] 19:47:17 [200] / 25ms
[2026-02-06T00:47:20.200Z] 19:47:20 [200] / 23ms
[2026-02-06T00:47:22.982Z] 19:47:22 [200] / 24ms
[2026-02-06T00:47:25.633Z] 19:47:25 [200] / 24ms
[2026-02-06T00:47:28.268Z] 19:47:28 [200] / 23ms
[2026-02-06T00:47:30.940Z] 19:47:30 [200] / 23ms
[2026-02-06T00:47:33.711Z] 19:47:33 [200] / 24ms
[2026-02-06T00:47:36.481Z] 19:47:36 [200] / 24ms
[2026-02-06T00:47:39.186Z] 19:47:39 [200] / 25ms
[2026-02-06T00:47:41.906Z] 19:47:41 [200] / 24ms
[2026-02-06T00:47:44.719Z] 19:47:44 [200] / 25ms
[2026-02-06T00:47:47.424Z] 19:47:47 [200] / 23ms
[2026-02-06T00:47:50.168Z] 19:47:50 [200] / 28ms
[2026-02-06T00:47:52.861Z] 19:47:52 [200] / 25ms
[2026-02-06T00:47:55.568Z] 19:47:55 [200] / 26ms
[2026-02-06T11:41:05.265Z] 06:41:05 [200] / 680ms
[2026-02-06T11:41:08.122Z] 06:41:08 [200] / 28ms
[2026-02-06T11:43:17.895Z] 06:43:17 [watch] src/pages/solaranlage-leipzig.astro
[2026-02-06T11:43:17.895Z] 06:43:17 [watch] src/pages/solaranlage-leipzig.astro
[2026-02-06T11:43:18.520Z] 06:43:18 [200] / 91ms
[2026-02-06T11:43:22.385Z] 06:43:22 [200] / 24ms
[2026-02-06T11:43:25.939Z] 06:43:25 [200] / 25ms
[2026-02-06T11:43:28.752Z] 06:43:28 [200] / 24ms
[2026-02-06T11:43:31.520Z] 06:43:31 [200] / 27ms
[2026-02-06T11:43:36.669Z] 06:43:36 [200] / 23ms
[2026-02-06T11:43:39.642Z] 06:43:39 [200] / 26ms
[2026-02-06T11:43:42.299Z] 06:43:42 [200] / 26ms
[2026-02-06T11:43:43.834Z] 06:43:43 [watch] src/pages/standorte/solaranlage-leipzig.astro
[2026-02-06T11:43:43.834Z] 06:43:43 [watch] src/pages/standorte/solaranlage-leipzig.astro
[2026-02-06T11:43:44.565Z] 06:43:44 [200] / 86ms
[2026-02-06T11:43:44.974Z] 06:43:44 [200] / 25ms
[2026-02-06T11:43:47.646Z] 06:43:47 [200] / 25ms
[2026-02-06T11:43:50.664Z] 06:43:50 [200] / 26ms
[2026-02-06T11:43:53.471Z] 06:43:53 [200] / 25ms
[2026-02-06T11:43:56.146Z] 06:43:56 [200] / 26ms
[2026-02-06T11:43:58.837Z] 06:43:58 [200] / 30ms
[2026-02-06T11:44:01.521Z] 06:44:01 [200] / 27ms
[2026-02-06T11:44:04.203Z] 06:44:04 [200] / 28ms
[2026-02-06T11:44:06.967Z] 06:44:06 [200] / 26ms
[2026-02-06T11:44:10.304Z] 06:44:10 [200] / 27ms
[2026-02-06T11:44:13.040Z] 06:44:13 [200] / 27ms
[2026-02-06T11:44:13.532Z] 06:44:13 [200] / 27ms
[2026-02-06T11:44:17.559Z] 06:44:17 [200] / 25ms
[2026-02-06T11:44:21.486Z] 06:44:21 [200] / 25ms
[2026-02-06T11:44:25.487Z] 06:44:25 [200] / 25ms
[2026-02-06T11:44:29.486Z] 06:44:29 [200] / 25ms
[2026-02-06T11:44:33.484Z] 06:44:33 [200] / 25ms
[2026-02-06T11:44:37.478Z] 06:44:37 [200] / 25ms
[2026-02-06T11:44:41.486Z] 06:44:41 [200] / 24ms
[2026-02-06T11:44:43.021Z] 06:44:43 [200] / 28ms
[2026-02-06T11:44:46.482Z] 06:44:46 [200] / 26ms
[2026-02-06T11:45:15.902Z] 06:45:15 [200] / 26ms
[2026-02-06T11:45:20.488Z] 06:45:20 [200] / 29ms
[2026-02-06T11:45:24.487Z] 06:45:24 [200] / 28ms
[2026-02-06T11:45:28.520Z] 06:45:28 [200] / 27ms
[2026-02-06T11:45:31.172Z] 06:45:31 [200] / 26ms
[2026-02-06T11:45:33.855Z] 06:45:33 [200] / 26ms
[2026-02-06T11:45:36.637Z] 06:45:36 [200] / 26ms
[2026-02-06T11:47:45.981Z] 06:47:45 [watch] src/pages/standorte/photovoltaik-delitzsch.astro
[2026-02-06T11:47:45.981Z] 06:47:45 [watch] src/pages/standorte/photovoltaik-delitzsch.astro
[2026-02-06T11:47:46.628Z] 06:47:46 [200] / 77ms
[2026-02-06T11:47:51.647Z] 06:47:51 [200] / 25ms
[2026-02-06T11:47:55.418Z] 06:47:55 [watch] src/pages/standorte/photovoltaik-eilenburg.astro
[2026-02-06T11:47:55.419Z] 06:47:55 [watch] src/pages/standorte/photovoltaik-eilenburg.astro
[2026-02-06T11:47:55.787Z] 06:47:55 [200] / 72ms
[2026-02-06T11:48:04.905Z] 06:48:04 [watch] src/pages/standorte/photovoltaik-markkleeberg.astro
[2026-02-06T11:48:04.906Z] 06:48:04 [watch] src/pages/standorte/photovoltaik-markkleeberg.astro
[2026-02-06T11:48:05.219Z] 06:48:05 [200] / 70ms
[2026-02-06T11:48:10.427Z] 06:48:10 [200] / 24ms
[2026-02-06T11:48:14.960Z] 06:48:14 [watch] src/pages/standorte/photovoltaik-taucha.astro
[2026-02-06T11:48:14.961Z] 06:48:14 [watch] src/pages/standorte/photovoltaik-taucha.astro
[2026-02-06T11:48:15.286Z] 06:48:15 [200] / 83ms
[2026-02-06T11:48:20.261Z] 06:48:20 [200] / 27ms
[2026-02-06T11:48:24.250Z] 06:48:24 [watch] src/pages/standorte/photovoltaik-wurzen.astro
[2026-02-06T11:48:24.251Z] 06:48:24 [watch] src/pages/standorte/photovoltaik-wurzen.astro
[2026-02-06T11:48:24.569Z] 06:48:24 [200] / 73ms
[2026-02-06T11:48:24.729Z] 06:48:24 [200] / 25ms
[2026-02-06T11:48:25.449Z] 06:48:25 [200] / 34ms
[2026-02-06T11:48:28.961Z] 06:48:28 [200] / 28ms
[2026-02-06T11:48:33.882Z] 06:48:33 [200] / 24ms
[2026-02-06T11:48:36.529Z] 06:48:36 [200] / 27ms
[2026-02-06T11:48:39.132Z] 06:48:39 [200] / 27ms
[2026-02-06T11:48:41.737Z] 06:48:41 [200] / 42ms
[2026-02-06T11:48:44.350Z] 06:48:44 [200] / 40ms
[2026-02-06T11:48:47.001Z] 06:48:47 [200] / 44ms
[2026-02-06T11:48:50.427Z] 06:48:50 [200] / 28ms
[2026-02-06T11:48:55.604Z] 06:48:55 [200] / 29ms
[2026-02-06T11:48:58.931Z] 06:48:58 [200] / 28ms
[2026-02-06T11:49:02.005Z] 06:49:02 [200] / 27ms
[2026-02-06T11:49:05.495Z] 06:49:05 [200] / 39ms
[2026-02-06T11:49:09.479Z] 06:49:09 [200] / 25ms
[2026-02-06T11:49:11.112Z] 06:49:11 [200] / 27ms
[2026-02-06T11:49:15.056Z] 06:49:15 [200] / 25ms
[2026-02-06T11:49:17.811Z] 06:49:17 [200] / 26ms
[2026-02-06T11:49:20.445Z] 06:49:20 [200] / 26ms
[2026-02-06T11:49:23.041Z] 06:49:23 [200] / 28ms
[2026-02-06T11:49:25.659Z] 06:49:25 [200] / 32ms
[2026-02-06T11:49:28.346Z] 06:49:28 [200] / 90ms
[2026-02-06T11:49:30.940Z] 06:49:30 [200] / 26ms
[2026-02-06T11:49:33.539Z] 06:49:33 [200] / 25ms
[2026-02-06T11:49:36.150Z] 06:49:36 [200] / 32ms
[2026-02-06T11:49:38.768Z] 06:49:38 [200] / 27ms
[2026-02-06T11:49:39.138Z] 06:49:39 [200] / 26ms
[2026-02-06T11:49:41.376Z] 06:49:41 [200] / 26ms
[2026-02-06T11:49:43.961Z] 06:49:43 [200] / 24ms
[2026-02-06T11:49:46.556Z] 06:49:46 [200] / 25ms
[2026-02-06T11:49:54.412Z] 06:49:54 [200] / 27ms
[2026-02-06T11:49:57.071Z] 06:49:57 [200] / 32ms
[2026-02-06T11:49:59.682Z] 06:49:59 [200] / 32ms
[2026-02-06T12:00:47.539Z] 07:00:47 [watch] src/pages/solaranlage-leipzig.astro
[2026-02-06T12:00:47.540Z] 07:00:47 [watch] src/pages/solaranlage-leipzig.astro
[2026-02-06T12:00:48.521Z] 07:00:48 [200] / 93ms
[2026-02-06T12:00:48.686Z] 07:00:48 [200] / 26ms
[2026-02-06T12:00:48.851Z] 07:00:48 [200] / 26ms
[2026-02-06T12:00:48.878Z] 07:00:48 [200] / 23ms
[2026-02-06T12:00:48.908Z] 07:00:48 [200] / 24ms
[2026-02-06T12:00:54.479Z] 07:00:54 [200] / 27ms
[2026-02-06T12:01:03.484Z] 07:01:03 [200] / 25ms
[2026-02-06T12:01:05.478Z] 07:01:05 [watch] src/pages/standorte/solaranlage-kaufen-leipzig.astro
[2026-02-06T12:01:05.479Z] 07:01:05 [watch] src/pages/standorte/solaranlage-kaufen-leipzig.astro
[2026-02-06T12:01:06.615Z] 07:01:06 [200] / 83ms
[2026-02-06T12:01:06.781Z] 07:01:06 [200] / 26ms
[2026-02-06T12:01:06.958Z] 07:01:06 [200] / 40ms
[2026-02-06T12:01:07.125Z] 07:01:07 [200] / 26ms
[2026-02-06T12:01:07.291Z] 07:01:07 [200] / 25ms
[2026-02-06T12:01:10.834Z] 07:01:10 [200] / 24ms
[2026-02-06T12:01:20.215Z] 07:01:20 [200] / 24ms
[2026-02-06T12:01:21.187Z] 07:01:21 [watch] src/pages/standorte/solaranlage-leipzig.astro
[2026-02-06T12:01:21.188Z] 07:01:21 [watch] src/pages/standorte/solaranlage-leipzig.astro
[2026-02-06T12:01:21.552Z] 07:01:21 [200] / 84ms
[2026-02-06T12:01:21.723Z] 07:01:21 [200] / 30ms
[2026-02-06T12:01:21.885Z] 07:01:21 [200] / 25ms
[2026-02-06T12:01:22.053Z] 07:01:22 [200] / 27ms
[2026-02-06T12:01:22.218Z] 07:01:22 [200] / 26ms
[2026-02-06T12:01:22.593Z] 07:01:22 [200] / 25ms
[2026-02-06T12:01:23.947Z] 07:01:23 [200] / 26ms
[2026-02-06T12:01:26.459Z] 07:01:26 [200] / 33ms
[2026-02-06T12:01:26.552Z] 07:01:26 [200] / 27ms
[2026-02-06T12:01:29.486Z] 07:01:29 [200] / 31ms
[2026-02-06T12:01:32.672Z] 07:01:32 [watch] src/pages/standorte/stromspeicher-leipzig.astro
[2026-02-06T12:01:32.673Z] 07:01:32 [watch] src/pages/standorte/stromspeicher-leipzig.astro
[2026-02-06T12:01:33.437Z] 07:01:33 [200] / 89ms
[2026-02-06T12:01:33.601Z] 07:01:33 [200] / 24ms
[2026-02-06T12:01:33.761Z] 07:01:33 [200] / 23ms
[2026-02-06T12:01:33.921Z] 07:01:33 [200] / 24ms
[2026-02-06T12:01:34.081Z] 07:01:34 [200] / 24ms
[2026-02-06T12:01:41.486Z] 07:01:41 [200] / 25ms
[2026-02-06T12:01:43.824Z] 07:01:43 [watch] src/pages/standorte/wallbox-leipzig.astro
[2026-02-06T12:01:43.826Z] 07:01:43 [watch] src/pages/standorte/wallbox-leipzig.astro
[2026-02-06T12:01:44.598Z] 07:01:44 [200] / 75ms
[2026-02-06T12:01:44.770Z] 07:01:44 [200] / 28ms
[2026-02-06T12:01:44.935Z] 07:01:44 [200] / 24ms
[2026-02-06T12:01:45.107Z] 07:01:45 [200] / 24ms
[2026-02-06T12:01:45.274Z] 07:01:45 [200] / 28ms
[2026-02-06T12:01:48.614Z] 07:01:48 [200] / 23ms
[2026-02-06T12:01:53.619Z] 07:01:53 [200] / 25ms
[2026-02-06T12:01:55.481Z] 07:01:55 [200] / 26ms
[2026-02-06T12:01:59.488Z] 07:01:59 [200] / 27ms
[2026-02-06T12:02:10.080Z] 07:02:10 [200] / 32ms
[2026-02-06T12:02:11.666Z] 07:02:11 [watch] src/pages/standorte/solaranlage-leipzig.astro
[2026-02-06T12:02:11.667Z] 07:02:11 [watch] src/pages/standorte/solaranlage-leipzig.astro
[2026-02-06T12:02:12.273Z] 07:02:12 [200] / 80ms
[2026-02-06T12:02:12.503Z] 07:02:12 [200] / 31ms
[2026-02-06T12:02:12.665Z] 07:02:12 [200] / 24ms
[2026-02-06T12:02:12.821Z] 07:02:12 [200] / 23ms
[2026-02-06T12:02:12.982Z] 07:02:12 [200] / 24ms
[2026-02-06T12:02:14.494Z] 07:02:14 [200] / 28ms
[2026-02-06T12:02:20.735Z] 07:02:20 [200] / 23ms
[2026-02-06T12:02:22.475Z] 07:02:22 [200] / 27ms
[2026-02-06T12:02:26.567Z] 07:02:26 [200] / 25ms
[2026-02-06T12:02:40.353Z] 07:02:40 [200] / 23ms
[2026-02-06T12:02:48.545Z] 07:02:48 [200] / 27ms
[2026-02-06T12:02:52.481Z] 07:02:52 [200] / 27ms
[2026-02-06T12:02:56.486Z] 07:02:56 [200] / 28ms
[2026-02-06T12:03:00.483Z] 07:03:00 [200] / 35ms
[2026-02-06T12:03:05.481Z] 07:03:05 [200] / 27ms
[2026-02-06T12:03:07.305Z] 07:03:07 [200] / 25ms
[2026-02-06T12:03:09.485Z] 07:03:09 [200] / 25ms
[2026-02-06T12:03:13.488Z] 07:03:13 [200] / 26ms
[2026-02-06T12:03:29.382Z] 07:03:29 [200] / 24ms
[2026-02-06T12:03:33.497Z] 07:03:33 [200] / 40ms
[2026-02-06T12:03:37.480Z] 07:03:37 [200] / 27ms
[2026-02-06T12:03:41.484Z] 07:03:41 [200] / 27ms
[2026-02-06T12:15:07.433Z] 07:15:07 [watch] src/pages/ueber-uns.astro
[2026-02-06T12:15:07.433Z] 07:15:07 [watch] src/pages/ueber-uns.astro
[2026-02-06T12:15:07.954Z] 07:15:07 [200] / 84ms
[2026-02-06T12:15:08.126Z] 07:15:08 [200] / 28ms
[2026-02-06T12:15:08.288Z] 07:15:08 [200] / 25ms
[2026-02-06T12:15:08.317Z] 07:15:08 [200] / 23ms
[2026-02-06T12:15:08.346Z] 07:15:08 [200] / 26ms
[2026-02-06T12:15:09.642Z] 07:15:09 [200] / 26ms
[2026-02-06T12:15:12.535Z] 07:15:12 [200] / 23ms
[2026-02-06T12:15:15.145Z] 07:15:15 [200] / 23ms
[2026-02-06T12:15:17.743Z] 07:15:17 [200] / 26ms
[2026-02-06T12:15:20.363Z] 07:15:20 [200] / 28ms
[2026-02-06T12:15:22.971Z] 07:15:22 [200] / 23ms
[2026-02-06T12:15:26.474Z] 07:15:26 [200] / 25ms
[2026-02-06T12:15:33.483Z] 07:15:33 [200] / 40ms
[2026-02-06T12:15:36.587Z] 07:15:36 [200] / 38ms
[2026-02-06T12:15:39.235Z] 07:15:39 [200] / 30ms
[2026-02-06T12:15:41.884Z] 07:15:41 [200] / 28ms
[2026-02-06T12:15:44.510Z] 07:15:44 [200] / 29ms
[2026-02-06T12:15:47.150Z] 07:15:47 [200] / 29ms
[2026-02-06T12:15:49.759Z] 07:15:49 [200] / 27ms
[2026-02-06T12:15:52.373Z] 07:15:52 [200] / 27ms
[2026-02-06T12:15:53.251Z] 07:15:53 [200] / 41ms
[2026-02-06T12:15:54.995Z] 07:15:54 [200] / 26ms
[2026-02-06T12:15:57.638Z] 07:15:57 [200] / 26ms
[2026-02-06T12:47:11.174Z] 07:47:11 [200] / 31ms
[2026-02-06T13:24:24.033Z] 08:24:24 [watch] src/pages/standorte/solaranlage-leipzig.astro
[2026-02-06T13:24:24.033Z] 08:24:24 [watch] src/pages/standorte/solaranlage-leipzig.astro
[2026-02-06T13:24:24.842Z] 08:24:24 [200] / 94ms
[2026-02-06T13:24:25.013Z] 08:24:25 [200] / 26ms
[2026-02-06T13:24:25.195Z] 08:24:25 [200] / 24ms
[2026-02-06T13:24:25.225Z] 08:24:25 [200] / 27ms
[2026-02-06T13:24:25.256Z] 08:24:25 [200] / 26ms
[2026-02-06T13:24:33.124Z] 08:24:33 [200] / 25ms
[2026-02-06T13:24:40.495Z] 08:24:40 [200] / 26ms
[2026-02-06T13:24:43.237Z] 08:24:43 [200] / 28ms
[2026-02-06T13:24:52.850Z] 08:24:52 [200] / 32ms
[2026-02-06T13:24:55.495Z] 08:24:55 [200] / 29ms
[2026-02-06T13:24:58.112Z] 08:24:58 [200] / 30ms
[2026-02-06T13:25:00.732Z] 08:25:00 [200] / 27ms
[2026-02-06T13:25:03.375Z] 08:25:03 [200] / 28ms
[2026-02-06T13:25:06.014Z] 08:25:06 [200] / 28ms
[2026-02-06T15:31:37.855Z] Starting dev server with command: pnpm run dev
[2026-02-06T15:31:38.207Z] 
[2026-02-06T15:31:38.208Z] > senec-design@0.0.1 dev /home/ubuntu/senec-design
[2026-02-06T15:31:38.209Z] > astro dev --host
[2026-02-06T15:31:38.209Z] 
[2026-02-06T15:31:38.828Z] ▶ Astro collects anonymous usage data.
[2026-02-06T15:31:38.828Z] This information helps us improve Astro.
[2026-02-06T15:31:38.829Z] Run "astro telemetry disable" to opt-out.
[2026-02-06T15:31:38.829Z] https://astro.build/telemetry
[2026-02-06T15:31:38.829Z] 
[2026-02-06T15:31:40.003Z] 10:31:40 [types] Generated 0ms
[2026-02-06T15:31:40.023Z] 10:31:40 [content] Syncing content
[2026-02-06T15:31:40.051Z] 10:31:40 [content] Synced content
[2026-02-06T15:31:40.084Z] 
[2026-02-06T15:31:40.084Z] astro  v5.15.9 ready in 721 ms
[2026-02-06T15:31:40.084Z] 
[2026-02-06T15:31:40.085Z] ┃ Local    http://localhost:3000/
[2026-02-06T15:31:40.086Z] ┃ Network  http://169.254.0.21:3000/
[2026-02-06T15:31:40.087Z] 
[2026-02-06T15:31:40.088Z] 10:31:40 watching for file changes...
[2026-02-06T15:31:45.247Z] 10:31:45 [200] / 1052ms
[2026-02-06T15:32:44.903Z] 10:32:44 [200] / 51ms
[2026-02-06T15:32:57.425Z] 10:32:57 [200] / 45ms
[2026-02-06T15:33:01.414Z] 10:33:01 [200] / 43ms
[2026-02-06T15:33:05.414Z] 10:33:05 [200] / 44ms
[2026-02-06T15:33:09.414Z] 10:33:09 [200] / 44ms
[2026-02-06T15:33:13.418Z] 10:33:13 [200] / 52ms
[2026-02-06T15:33:18.416Z] 10:33:18 [200] / 38ms
[2026-02-06T15:33:22.423Z] 10:33:22 [200] / 44ms
[2026-02-06T15:33:26.417Z] 10:33:26 [200] / 37ms
[2026-02-06T15:33:30.410Z] 10:33:30 [200] / 36ms
[2026-02-06T15:33:34.407Z] 10:33:34 [200] / 37ms
[2026-02-06T15:33:38.425Z] 10:33:38 [200] / 46ms
[2026-02-06T15:33:42.418Z] 10:33:42 [200] / 33ms
[2026-02-06T15:33:45.324Z] 10:33:45 [200] / 34ms
[2026-02-06T15:33:48.131Z] 10:33:48 [200] / 34ms
[2026-02-06T15:33:50.970Z] 10:33:50 [200] / 32ms
[2026-02-06T15:37:23.719Z] 10:37:23 [watch] src/components/LocalBusinessSchema.astro
[2026-02-06T15:37:23.720Z] 10:37:23 [watch] src/components/LocalBusinessSchema.astro
[2026-02-06T15:37:24.618Z] 10:37:24 [200] / 117ms
[2026-02-06T15:38:06.920Z] 10:38:06 [200] / 37ms
[2026-02-06T15:38:19.187Z] 10:38:19 [200] / 36ms
[2026-02-06T15:38:23.409Z] 10:38:23 [200] / 38ms
[2026-02-06T15:38:27.410Z] 10:38:27 [200] / 36ms
[2026-02-06T15:38:31.405Z] 10:38:31 [200] / 32ms
[2026-02-06T15:38:35.422Z] 10:38:35 [200] / 40ms
[2026-02-06T15:38:39.406Z] 10:38:39 [200] / 33ms
[2026-02-06T15:38:43.415Z] 10:38:43 [200] / 44ms
[2026-02-06T15:38:47.409Z] 10:38:47 [200] / 35ms
[2026-02-06T15:38:51.404Z] 10:38:51 [200] / 33ms
[2026-02-06T15:38:56.412Z] 10:38:56 [200] / 33ms
[2026-02-06T15:39:00.414Z] 10:39:00 [200] / 40ms
[2026-02-06T15:39:04.403Z] 10:39:04 [200] / 33ms
[2026-02-06T15:39:08.409Z] 10:39:08 [200] / 36ms
[2026-02-06T15:39:12.421Z] 10:39:12 [200] / 47ms
[2026-02-06T15:39:16.405Z] 10:39:16 [200] / 31ms
[2026-02-06T15:39:21.407Z] 10:39:21 [200] / 32ms
[2026-02-06T15:41:48.166Z] 10:41:48 [watch] src/pages/admin.astro
[2026-02-06T15:41:48.168Z] 10:41:48 [watch] src/pages/admin.astro
[2026-02-06T15:41:48.192Z] 10:41:48 [watch] src/pages/agb.astro
[2026-02-06T15:41:48.192Z] 10:41:48 [watch] src/pages/agb.astro
[2026-02-06T15:41:48.233Z] 10:41:48 [watch] src/pages/analytics.astro
[2026-02-06T15:41:48.234Z] 10:41:48 [watch] src/pages/analytics.astro
[2026-02-06T15:41:48.234Z] 10:41:48 [watch] src/pages/blog.astro
[2026-02-06T15:41:48.234Z] 10:41:48 [watch] src/pages/blog.astro
[2026-02-06T15:41:48.236Z] 10:41:48 [watch] src/pages/dashboard.astro
[2026-02-06T15:41:48.236Z] 10:41:48 [watch] src/pages/dashboard.astro
[2026-02-06T15:41:48.255Z] 10:41:48 [watch] src/pages/datenschutz.astro
[2026-02-06T15:41:48.256Z] 10:41:48 [watch] src/pages/datenschutz.astro
[2026-02-06T15:41:48.256Z] 10:41:48 [watch] src/pages/faq.astro
[2026-02-06T15:41:48.257Z] 10:41:48 [watch] src/pages/faq.astro
[2026-02-06T15:41:48.257Z] 10:41:48 [watch] src/pages/gewerbe-photovoltaik-leipzig.astro
[2026-02-06T15:41:48.257Z] 10:41:48 [watch] src/pages/gewerbe-photovoltaik-leipzig.astro
[2026-02-06T15:41:48.258Z] 10:41:48 [watch] src/pages/gewerbe.astro
[2026-02-06T15:41:48.258Z] 10:41:48 [watch] src/pages/gewerbe.astro
[2026-02-06T15:41:48.259Z] 10:41:48 [watch] src/pages/heizung.astro
[2026-02-06T15:41:48.259Z] 10:41:48 [watch] src/pages/heizung.astro
[2026-02-06T15:41:48.260Z] 10:41:48 [watch] src/pages/impressum.astro
[2026-02-06T15:41:48.260Z] 10:41:48 [watch] src/pages/impressum.astro
[2026-02-06T15:41:48.263Z] 10:41:48 [watch] src/pages/kontakt.astro
[2026-02-06T15:41:48.263Z] 10:41:48 [watch] src/pages/kontakt.astro
[2026-02-06T15:41:48.264Z] 10:41:48 [watch] src/pages/privat.astro
[2026-02-06T15:41:48.264Z] 10:41:48 [watch] src/pages/privat.astro
[2026-02-06T15:41:48.265Z] 10:41:48 [watch] src/pages/pv-reinigung-leipzig.astro
[2026-02-06T15:41:48.265Z] 10:41:48 [watch] src/pages/pv-reinigung-leipzig.astro
[2026-02-06T15:41:48.266Z] 10:41:48 [watch] src/pages/pv-wartung-leipzig.astro
[2026-02-06T15:41:48.266Z] 10:41:48 [watch] src/pages/pv-wartung-leipzig.astro
[2026-02-06T15:41:48.267Z] 10:41:48 [watch] src/pages/ratgeber.astro
[2026-02-06T15:41:48.267Z] 10:41:48 [watch] src/pages/ratgeber.astro
[2026-02-06T15:41:48.268Z] 10:41:48 [watch] src/pages/referenzen.astro
[2026-02-06T15:41:48.268Z] 10:41:48 [watch] src/pages/referenzen.astro
[2026-02-06T15:41:48.268Z] 10:41:48 [watch] src/pages/seo.astro
[2026-02-06T15:41:48.269Z] 10:41:48 [watch] src/pages/seo.astro
[2026-02-06T15:41:48.269Z] 10:41:48 [watch] src/pages/service.astro
[2026-02-06T15:41:48.270Z] 10:41:48 [watch] src/pages/service.astro
[2026-02-06T15:41:48.270Z] 10:41:48 [watch] src/pages/solaranlage-leipzig.astro
[2026-02-06T15:41:48.271Z] 10:41:48 [watch] src/pages/solaranlage-leipzig.astro
[2026-02-06T15:41:48.271Z] 10:41:48 [watch] src/pages/solarpark-betreuung.astro
[2026-02-06T15:41:48.272Z] 10:41:48 [watch] src/pages/solarpark-betreuung.astro
[2026-02-06T15:41:48.272Z] 10:41:48 [watch] src/pages/standorte.astro
[2026-02-06T15:41:48.273Z] 10:41:48 [watch] src/pages/standorte.astro
[2026-02-06T15:41:48.273Z] 10:41:48 [watch] src/pages/stromspeicher.astro
[2026-02-06T15:41:48.274Z] 10:41:48 [watch] src/pages/stromspeicher.astro
[2026-02-06T15:41:48.274Z] 10:41:48 [watch] src/pages/ueber-uns.astro
[2026-02-06T15:41:48.275Z] 10:41:48 [watch] src/pages/ueber-uns.astro
[2026-02-06T15:41:48.291Z] 10:41:48 [watch] src/pages/wallbox-leipzig.astro
[2026-02-06T15:41:48.292Z] 10:41:48 [watch] src/pages/wallbox-leipzig.astro
[2026-02-06T15:41:48.293Z] 10:41:48 [watch] src/pages/wallbox.astro
[2026-02-06T15:41:48.294Z] 10:41:48 [watch] src/pages/wallbox.astro
[2026-02-06T15:41:48.294Z] 10:41:48 [watch] src/pages/blog/fehler-solarkauf.astro
[2026-02-06T15:41:48.295Z] 10:41:48 [watch] src/pages/blog/fehler-solarkauf.astro
[2026-02-06T15:41:48.295Z] 10:41:48 [watch] src/pages/blog/neue-speicher-technologien-2026.astro
[2026-02-06T15:41:48.296Z] 10:41:48 [watch] src/pages/blog/neue-speicher-technologien-2026.astro
[2026-02-06T15:41:48.297Z] 10:41:48 [watch] src/pages/blog/photovoltaik-foerderung-2026.astro
[2026-02-06T15:41:48.297Z] 10:41:48 [watch] src/pages/blog/photovoltaik-foerderung-2026.astro
[2026-02-06T15:41:48.298Z] 10:41:48 [watch] src/pages/blog/photovoltaik-kosten-2026.astro
[2026-02-06T15:41:48.299Z] 10:41:48 [watch] src/pages/blog/photovoltaik-kosten-2026.astro
[2026-02-06T15:41:48.299Z] 10:41:48 [watch] src/pages/blog/solar-leipzig.astro
[2026-02-06T15:41:48.300Z] 10:41:48 [watch] src/pages/blog/solar-leipzig.astro
[2026-02-06T15:41:48.300Z] 10:41:48 [watch] src/pages/blog/solaranlage-wartung.astro
[2026-02-06T15:41:48.301Z] 10:41:48 [watch] src/pages/blog/solaranlage-wartung.astro
[2026-02-06T15:41:48.302Z] 10:41:48 [watch] src/pages/blog/stromspeicher-2026-lohnt-sich.astro
[2026-02-06T15:41:48.302Z] 10:41:48 [watch] src/pages/blog/stromspeicher-2026-lohnt-sich.astro
[2026-02-06T15:41:48.303Z] 10:41:48 [watch] src/pages/blog/stromspeicher-nachruesten.astro
[2026-02-06T15:41:48.303Z] 10:41:48 [watch] src/pages/blog/stromspeicher-nachruesten.astro
[2026-02-06T15:41:48.304Z] 10:41:48 [watch] src/pages/blog/stromspeicher-vergleich-2026.astro
[2026-02-06T15:41:48.304Z] 10:41:48 [watch] src/pages/blog/stromspeicher-vergleich-2026.astro
[2026-02-06T15:41:48.305Z] 10:41:48 [watch] src/pages/blog/wartungstipps-winter.astro
[2026-02-06T15:41:48.305Z] 10:41:48 [watch] src/pages/blog/wartungstipps-winter.astro
[2026-02-06T15:41:48.306Z] 10:41:48 [watch] src/pages/ratgeber/foerderung.astro
[2026-02-06T15:41:48.306Z] 10:41:48 [watch] src/pages/ratgeber/foerderung.astro
[2026-02-06T15:41:48.307Z] 10:41:48 [watch] src/pages/ratgeber/kosten.astro
[2026-02-06T15:41:48.307Z] 10:41:48 [watch] src/pages/ratgeber/kosten.astro
[2026-02-06T15:41:48.308Z] 10:41:48 [watch] src/pages/ratgeber/wirtschaftlichkeit.astro
[2026-02-06T15:41:48.308Z] 10:41:48 [watch] src/pages/ratgeber/wirtschaftlichkeit.astro
[2026-02-06T15:41:48.308Z] 10:41:48 [watch] src/pages/standorte/anhalt-bitterfeld.astro
[2026-02-06T15:41:48.309Z] 10:41:48 [watch] src/pages/standorte/anhalt-bitterfeld.astro
[2026-02-06T15:41:48.309Z] 10:41:48 [watch] src/pages/standorte/borna.astro
[2026-02-06T15:41:48.309Z] 10:41:48 [watch] src/pages/standorte/borna.astro
[2026-02-06T15:41:48.310Z] 10:41:48 [watch] src/pages/standorte/burgenlandkreis.astro
[2026-02-06T15:41:48.310Z] 10:41:48 [watch] src/pages/standorte/burgenlandkreis.astro
[2026-02-06T15:41:48.310Z] 10:41:48 [watch] src/pages/standorte/dresden.astro
[2026-02-06T15:41:48.311Z] 10:41:48 [watch] src/pages/standorte/dresden.astro
[2026-02-06T15:41:48.311Z] 10:41:48 [watch] src/pages/standorte/elbe-elster.astro
[2026-02-06T15:41:48.311Z] 10:41:48 [watch] src/pages/standorte/elbe-elster.astro
[2026-02-06T15:41:48.311Z] 10:41:48 [watch] src/pages/standorte/erfurt.astro
[2026-02-06T15:41:48.312Z] 10:41:48 [watch] src/pages/standorte/erfurt.astro
[2026-02-06T15:41:48.312Z] 10:41:48 [watch] src/pages/standorte/gera.astro
[2026-02-06T15:41:48.312Z] 10:41:48 [watch] src/pages/standorte/gera.astro
[2026-02-06T15:41:48.312Z] 10:41:48 [watch] src/pages/standorte/grimma.astro
[2026-02-06T15:41:48.313Z] 10:41:48 [watch] src/pages/standorte/grimma.astro
[2026-02-06T15:41:48.313Z] 10:41:48 [watch] src/pages/standorte/halle.astro
[2026-02-06T15:41:48.313Z] 10:41:48 [watch] src/pages/standorte/halle.astro
[2026-02-06T15:41:48.313Z] 10:41:48 [watch] src/pages/standorte/leipzig.astro
[2026-02-06T15:41:48.314Z] 10:41:48 [watch] src/pages/standorte/leipzig.astro
[2026-02-06T15:41:48.314Z] 10:41:48 [watch] src/pages/standorte/magdeburg.astro
[2026-02-06T15:41:48.314Z] 10:41:48 [watch] src/pages/standorte/magdeburg.astro
[2026-02-06T15:41:48.315Z] 10:41:48 [watch] src/pages/standorte/naumburg.astro
[2026-02-06T15:41:48.315Z] 10:41:48 [watch] src/pages/standorte/naumburg.astro
[2026-02-06T15:41:48.315Z] 10:41:48 [watch] src/pages/standorte/nordsachsen.astro
[2026-02-06T15:41:48.315Z] 10:41:48 [watch] src/pages/standorte/nordsachsen.astro
[2026-02-06T15:41:48.316Z] 10:41:48 [watch] src/pages/standorte/photovoltaik-anbieter-leipzig.astro
[2026-02-06T15:41:48.316Z] 10:41:48 [watch] src/pages/standorte/photovoltaik-anbieter-leipzig.astro
[2026-02-06T15:41:48.316Z] 10:41:48 [watch] src/pages/standorte/photovoltaik-delitzsch.astro
[2026-02-06T15:41:48.317Z] 10:41:48 [watch] src/pages/standorte/photovoltaik-delitzsch.astro
[2026-02-06T15:41:48.317Z] 10:41:48 [watch] src/pages/standorte/photovoltaik-eilenburg.astro
[2026-02-06T15:41:48.317Z] 10:41:48 [watch] src/pages/standorte/photovoltaik-eilenburg.astro
[2026-02-06T15:41:48.318Z] 10:41:48 [watch] src/pages/standorte/photovoltaik-firma-leipzig.astro
[2026-02-06T15:41:48.318Z] 10:41:48 [watch] src/pages/standorte/photovoltaik-firma-leipzig.astro
[2026-02-06T15:41:48.318Z] 10:41:48 [watch] src/pages/standorte/photovoltaik-markkleeberg.astro
[2026-02-06T15:41:48.318Z] 10:41:48 [watch] src/pages/standorte/photovoltaik-markkleeberg.astro
[2026-02-06T15:41:48.319Z] 10:41:48 [watch] src/pages/standorte/photovoltaik-taucha.astro
[2026-02-06T15:41:48.319Z] 10:41:48 [watch] src/pages/standorte/photovoltaik-taucha.astro
[2026-02-06T15:41:48.319Z] 10:41:48 [watch] src/pages/standorte/photovoltaik-wurzen.astro
[2026-02-06T15:41:48.319Z] 10:41:48 [watch] src/pages/standorte/photovoltaik-wurzen.astro
[2026-02-06T15:41:48.320Z] 10:41:48 [watch] src/pages/standorte/saalekreis.astro
[2026-02-06T15:41:48.320Z] 10:41:48 [watch] src/pages/standorte/saalekreis.astro
[2026-02-06T15:41:48.321Z] 10:41:48 [watch] src/pages/standorte/solaranlage-kaufen-leipzig.astro
[2026-02-06T15:41:48.321Z] 10:41:48 [watch] src/pages/standorte/solaranlage-kaufen-leipzig.astro
[2026-02-06T15:41:48.322Z] 10:41:48 [watch] src/pages/standorte/solaranlage-leipzig.astro
[2026-02-06T15:41:48.322Z] 10:41:48 [watch] src/pages/standorte/solaranlage-leipzig.astro
[2026-02-06T15:41:48.323Z] 10:41:48 [watch] src/pages/standorte/solarteur-leipzig.astro
[2026-02-06T15:41:48.323Z] 10:41:48 [watch] src/pages/standorte/solarteur-leipzig.astro
[2026-02-06T15:41:48.324Z] 10:41:48 [watch] src/pages/standorte/stromspeicher-leipzig.astro
[2026-02-06T15:41:48.324Z] 10:41:48 [watch] src/pages/standorte/stromspeicher-leipzig.astro
[2026-02-06T15:41:48.325Z] 10:41:48 [watch] src/pages/standorte/wallbox-leipzig.astro
[2026-02-06T15:41:48.325Z] 10:41:48 [watch] src/pages/standorte/wallbox-leipzig.astro
[2026-02-06T15:41:48.326Z] 10:41:48 [watch] src/pages/standorte/weissenfels.astro
[2026-02-06T15:41:48.326Z] 10:41:48 [watch] src/pages/standorte/weissenfels.astro
[2026-02-06T15:41:48.327Z] 10:41:48 [watch] src/pages/standorte/zeitz.astro
[2026-02-06T15:41:48.327Z] 10:41:48 [watch] src/pages/standorte/zeitz.astro
[2026-02-06T15:41:48.344Z] 10:41:48 [watch] src/pages/index.astro
[2026-02-06T15:41:48.345Z] 10:41:48 [watch] src/pages/index.astro
[2026-02-06T15:41:49.633Z] 10:41:49 [200] / 516ms
[2026-02-06T15:41:49.775Z] 10:41:49 [200] / 32ms
[2026-02-06T15:42:47.678Z] 10:42:47 [watch] src/pages/blog/fehler-solarkauf.astro
[2026-02-06T15:42:47.678Z] 10:42:47 [watch] src/pages/blog/fehler-solarkauf.astro
[2026-02-06T15:42:47.683Z] 10:42:47 [watch] src/pages/blog/neue-speicher-technologien-2026.astro
[2026-02-06T15:42:47.683Z] 10:42:47 [watch] src/pages/blog/neue-speicher-technologien-2026.astro
[2026-02-06T15:42:47.684Z] 10:42:47 [watch] src/pages/blog/photovoltaik-kosten-2026.astro
[2026-02-06T15:42:47.684Z] 10:42:47 [watch] src/pages/blog/photovoltaik-kosten-2026.astro
[2026-02-06T15:42:47.685Z] 10:42:47 [watch] src/pages/blog/solaranlage-wartung.astro
[2026-02-06T15:42:47.685Z] 10:42:47 [watch] src/pages/blog/solaranlage-wartung.astro
[2026-02-06T15:42:47.686Z] 10:42:47 [watch] src/pages/blog/stromspeicher-2026-lohnt-sich.astro
[2026-02-06T15:42:47.686Z] 10:42:47 [watch] src/pages/blog/stromspeicher-2026-lohnt-sich.astro
[2026-02-06T15:42:47.686Z] 10:42:47 [watch] src/pages/blog/stromspeicher-nachruesten.astro
[2026-02-06T15:42:47.687Z] 10:42:47 [watch] src/pages/blog/stromspeicher-nachruesten.astro
[2026-02-06T15:42:47.687Z] 10:42:47 [watch] src/pages/blog/wartungstipps-winter.astro
[2026-02-06T15:42:47.687Z] 10:42:47 [watch] src/pages/blog/wartungstipps-winter.astro
[2026-02-06T15:42:48.208Z] 10:42:48 [200] / 182ms
[2026-02-06T15:42:48.376Z] 10:42:48 [200] / 45ms
[2026-02-06T15:57:10.839Z] 10:57:10 [200] / 37ms
[2026-02-06T15:59:23.993Z] 10:59:23 [watch] src/components/Breadcrumb.astro
[2026-02-06T15:59:23.994Z] 10:59:23 [watch] src/components/Breadcrumb.astro
[2026-02-06T15:59:23.998Z] 10:59:23 [watch] src/components/CookieBanner.astro
[2026-02-06T15:59:23.999Z] 10:59:23 [watch] src/components/CookieBanner.astro
[2026-02-06T15:59:24.004Z] 10:59:24 [watch] src/components/GoogleReviews.astro
[2026-02-06T15:59:24.005Z] 10:59:24 [watch] src/components/GoogleReviews.astro
[2026-02-06T15:59:24.006Z] 10:59:24 [watch] src/components/ExitIntentPopup.astro
[2026-02-06T15:59:24.008Z] 10:59:24 [watch] src/components/Footer.astro
[2026-02-06T15:59:24.009Z] 10:59:24 [watch] src/components/Footer.astro
[2026-02-06T15:59:24.010Z] 10:59:24 [watch] src/components/Header.astro
[2026-02-06T15:59:24.010Z] 10:59:24 [watch] src/components/Header.astro
[2026-02-06T15:59:24.012Z] 10:59:24 [watch] src/components/SolarCalculator.tsx
[2026-02-06T15:59:24.012Z] 10:59:24 [watch] src/components/SolarCalculator.tsx
[2026-02-06T15:59:24.013Z] 10:59:24 [watch] src/components/LocalBusinessSchema.astro
[2026-02-06T15:59:24.013Z] 10:59:24 [watch] src/components/LocalBusinessSchema.astro
[2026-02-06T15:59:24.014Z] 10:59:24 [watch] src/components/StandorteMap.astro
[2026-02-06T15:59:24.015Z] 10:59:24 [watch] src/components/StandorteMap.astro
[2026-02-06T15:59:24.015Z] 10:59:24 [watch] src/components/ui/button.tsx
[2026-02-06T15:59:24.016Z] 10:59:24 [watch] src/components/ui/button.tsx
[2026-02-06T15:59:24.017Z] 10:59:24 [watch] src/components/MultiStepForm.astro
[2026-02-06T15:59:24.018Z] 10:59:24 [watch] src/components/ui/card.tsx
[2026-02-06T15:59:24.019Z] 10:59:24 [watch] src/components/ui/card.tsx
[2026-02-06T15:59:24.020Z] 10:59:24 [watch] src/components/ui/dialog.tsx
[2026-02-06T15:59:24.020Z] 10:59:24 [watch] src/components/ui/dialog.tsx
[2026-02-06T15:59:24.020Z] 10:59:24 [watch] src/components/ui/input.tsx
[2026-02-06T15:59:24.021Z] 10:59:24 [watch] src/components/ui/input.tsx
[2026-02-06T15:59:24.022Z] 10:59:24 [watch] src/components/ui/label.tsx
[2026-02-06T15:59:24.023Z] 10:59:24 [watch] src/components/ui/label.tsx
[2026-02-06T15:59:24.023Z] 10:59:24 [watch] src/components/ui/slider.tsx
[2026-02-06T15:59:24.024Z] 10:59:24 [watch] src/components/ui/slider.tsx
[2026-02-06T15:59:24.025Z] 10:59:24 [watch] src/components/ui/switch.tsx
[2026-02-06T15:59:24.026Z] 10:59:24 [watch] src/components/ui/switch.tsx
[2026-02-06T15:59:24.026Z] 10:59:24 [watch] src/components/ui/tooltip.tsx
[2026-02-06T15:59:24.026Z] 10:59:24 [watch] src/components/ui/tooltip.tsx
[2026-02-06T15:59:24.028Z] 10:59:24 [watch] src/env.d.ts
[2026-02-06T15:59:24.028Z] 10:59:24 [watch] src/env.d.ts
[2026-02-06T15:59:24.033Z] 10:59:24 [watch] src/lib/ctaTracking.ts
[2026-02-06T15:59:24.033Z] 10:59:24 [watch] src/lib/ctaTracking.ts
[2026-02-06T15:59:24.034Z] 10:59:24 [watch] src/lib/supabase.ts
[2026-02-06T15:59:24.034Z] 10:59:24 [watch] src/lib/supabase.ts
[2026-02-06T15:59:24.035Z] 10:59:24 [watch] src/layouts/Layout.astro
[2026-02-06T15:59:24.035Z] 10:59:24 [watch] src/layouts/Layout.astro
[2026-02-06T15:59:24.036Z] 10:59:24 [watch] src/lib/utils.ts
[2026-02-06T15:59:24.037Z] 10:59:24 [watch] src/lib/utils.ts
[2026-02-06T15:59:24.045Z] 10:59:24 [watch] src/pages/admin.astro
[2026-02-06T15:59:24.046Z] 10:59:24 [watch] src/pages/admin.astro
[2026-02-06T15:59:24.052Z] 10:59:24 [watch] src/pages/agb.astro
[2026-02-06T15:59:24.052Z] 10:59:24 [watch] src/pages/agb.astro
[2026-02-06T15:59:24.053Z] 10:59:24 [watch] src/pages/analytics.astro
[2026-02-06T15:59:24.054Z] 10:59:24 [watch] src/pages/analytics.astro
[2026-02-06T15:59:24.054Z] 10:59:24 [watch] src/pages/blog.astro
[2026-02-06T15:59:24.054Z] 10:59:24 [watch] src/pages/blog.astro
[2026-02-06T15:59:24.060Z] 10:59:24 [watch] src/pages/blog/fehler-solarkauf.astro
[2026-02-06T15:59:24.061Z] 10:59:24 [watch] src/pages/blog/fehler-solarkauf.astro
[2026-02-06T15:59:24.061Z] 10:59:24 [watch] src/pages/blog/neue-speicher-technologien-2026.astro
[2026-02-06T15:59:24.061Z] 10:59:24 [watch] src/pages/blog/neue-speicher-technologien-2026.astro
[2026-02-06T15:59:24.061Z] 10:59:24 [watch] src/pages/blog/photovoltaik-foerderung-2026.astro
[2026-02-06T15:59:24.062Z] 10:59:24 [watch] src/pages/blog/photovoltaik-foerderung-2026.astro
[2026-02-06T15:59:24.067Z] 10:59:24 [watch] src/pages/blog/photovoltaik-kosten-2026.astro
[2026-02-06T15:59:24.068Z] 10:59:24 [watch] src/pages/blog/photovoltaik-kosten-2026.astro
[2026-02-06T15:59:24.068Z] 10:59:24 [watch] src/pages/blog/solar-leipzig.astro
[2026-02-06T15:59:24.069Z] 10:59:24 [watch] src/pages/blog/solar-leipzig.astro
[2026-02-06T15:59:24.069Z] 10:59:24 [watch] src/pages/blog/solaranlage-wartung.astro
[2026-02-06T15:59:24.069Z] 10:59:24 [watch] src/pages/blog/solaranlage-wartung.astro
[2026-02-06T15:59:24.070Z] 10:59:24 [watch] src/pages/blog/stromspeicher-2026-lohnt-sich.astro
[2026-02-06T15:59:24.070Z] 10:59:24 [watch] src/pages/blog/stromspeicher-2026-lohnt-sich.astro
[2026-02-06T15:59:24.082Z] 10:59:24 [watch] src/pages/blog/stromspeicher-nachruesten.astro
[2026-02-06T15:59:24.083Z] 10:59:24 [watch] src/pages/blog/stromspeicher-nachruesten.astro
[2026-02-06T15:59:24.083Z] 10:59:24 [watch] src/pages/blog/stromspeicher-vergleich-2026.astro
[2026-02-06T15:59:24.083Z] 10:59:24 [watch] src/pages/blog/stromspeicher-vergleich-2026.astro
[2026-02-06T15:59:24.084Z] 10:59:24 [watch] src/pages/blog/wartungstipps-winter.astro
[2026-02-06T15:59:24.084Z] 10:59:24 [watch] src/pages/blog/wartungstipps-winter.astro
[2026-02-06T15:59:24.099Z] 10:59:24 [watch] src/pages/dashboard.astro
[2026-02-06T15:59:24.100Z] 10:59:24 [watch] src/pages/dashboard.astro
[2026-02-06T15:59:24.100Z] 10:59:24 [watch] src/pages/dashboard/cta-tracking.astro
[2026-02-06T15:59:24.101Z] 10:59:24 [watch] src/pages/dashboard/cta-tracking.astro
[2026-02-06T15:59:24.103Z] 10:59:24 [watch] src/pages/datenschutz.astro
[2026-02-06T15:59:24.103Z] 10:59:24 [watch] src/pages/datenschutz.astro
[2026-02-06T15:59:24.103Z] 10:59:24 [watch] src/pages/faq.astro
[2026-02-06T15:59:24.103Z] 10:59:24 [watch] src/pages/faq.astro
[2026-02-06T15:59:24.104Z] 10:59:24 [watch] src/pages/gewerbe-photovoltaik-leipzig.astro
[2026-02-06T15:59:24.104Z] 10:59:24 [watch] src/pages/gewerbe-photovoltaik-leipzig.astro
[2026-02-06T15:59:24.105Z] 10:59:24 [watch] src/pages/gewerbe.astro
[2026-02-06T15:59:24.106Z] 10:59:24 [watch] src/pages/gewerbe.astro
[2026-02-06T15:59:24.117Z] 10:59:24 [watch] src/pages/heizung.astro
[2026-02-06T15:59:24.117Z] 10:59:24 [watch] src/pages/heizung.astro
[2026-02-06T15:59:24.117Z] 10:59:24 [watch] src/pages/impressum.astro
[2026-02-06T15:59:24.118Z] 10:59:24 [watch] src/pages/impressum.astro
[2026-02-06T15:59:24.121Z] 10:59:24 [watch] src/pages/kontakt.astro
[2026-02-06T15:59:24.121Z] 10:59:24 [watch] src/pages/kontakt.astro
[2026-02-06T15:59:24.121Z] 10:59:24 [watch] src/pages/privat.astro
[2026-02-06T15:59:24.122Z] 10:59:24 [watch] src/pages/privat.astro
[2026-02-06T15:59:24.122Z] 10:59:24 [watch] src/pages/pv-reinigung-leipzig.astro
[2026-02-06T15:59:24.122Z] 10:59:24 [watch] src/pages/pv-reinigung-leipzig.astro
[2026-02-06T15:59:24.122Z] 10:59:24 [watch] src/pages/pv-wartung-leipzig.astro
[2026-02-06T15:59:24.123Z] 10:59:24 [watch] src/pages/pv-wartung-leipzig.astro
[2026-02-06T15:59:24.136Z] 10:59:24 [watch] src/pages/ratgeber.astro
[2026-02-06T15:59:24.137Z] 10:59:24 [watch] src/pages/ratgeber.astro
[2026-02-06T15:59:24.138Z] 10:59:24 [watch] src/pages/ratgeber/foerderung.astro
[2026-02-06T15:59:24.138Z] 10:59:24 [watch] src/pages/ratgeber/foerderung.astro
[2026-02-06T15:59:24.138Z] 10:59:24 [watch] src/pages/ratgeber/kosten.astro
[2026-02-06T15:59:24.139Z] 10:59:24 [watch] src/pages/ratgeber/kosten.astro
[2026-02-06T15:59:24.139Z] 10:59:24 [watch] src/pages/ratgeber/wirtschaftlichkeit.astro
[2026-02-06T15:59:24.139Z] 10:59:24 [watch] src/pages/ratgeber/wirtschaftlichkeit.astro
[2026-02-06T15:59:24.140Z] 10:59:24 [watch] src/pages/referenzen.astro
[2026-02-06T15:59:24.140Z] 10:59:24 [watch] src/pages/referenzen.astro
[2026-02-06T15:59:24.140Z] 10:59:24 [watch] src/pages/seo.astro
[2026-02-06T15:59:24.141Z] 10:59:24 [watch] src/pages/seo.astro
[2026-02-06T15:59:24.141Z] 10:59:24 [watch] src/pages/service.astro
[2026-02-06T15:59:24.141Z] 10:59:24 [watch] src/pages/service.astro
[2026-02-06T15:59:24.142Z] 10:59:24 [watch] src/pages/solaranlage-leipzig.astro
[2026-02-06T15:59:24.142Z] 10:59:24 [watch] src/pages/solaranlage-leipzig.astro
[2026-02-06T15:59:24.163Z] 10:59:24 [watch] src/pages/index.astro
[2026-02-06T15:59:24.164Z] 10:59:24 [watch] src/pages/index.astro
[2026-02-06T15:59:24.165Z] 10:59:24 [watch] src/pages/solarmanager.astro
[2026-02-06T15:59:24.165Z] 10:59:24 [watch] src/pages/solarmanager.astro
[2026-02-06T15:59:24.165Z] 10:59:24 [watch] src/pages/solarpark-betreuung.astro
[2026-02-06T15:59:24.166Z] 10:59:24 [watch] src/pages/solarpark-betreuung.astro
[2026-02-06T15:59:24.166Z] 10:59:24 [watch] src/pages/standorte.astro
[2026-02-06T15:59:24.166Z] 10:59:24 [watch] src/pages/standorte.astro
[2026-02-06T15:59:24.166Z] 10:59:24 [watch] src/pages/standorte/borna.astro
[2026-02-06T15:59:24.167Z] 10:59:24 [watch] src/pages/standorte/borna.astro
[2026-02-06T15:59:24.167Z] 10:59:24 [watch] src/pages/standorte/anhalt-bitterfeld.astro
[2026-02-06T15:59:24.167Z] 10:59:24 [watch] src/pages/standorte/anhalt-bitterfeld.astro
[2026-02-06T15:59:24.168Z] 10:59:24 [watch] src/pages/standorte/burgenlandkreis.astro
[2026-02-06T15:59:24.168Z] 10:59:24 [watch] src/pages/standorte/burgenlandkreis.astro
[2026-02-06T15:59:24.168Z] 10:59:24 [watch] src/pages/standorte/dresden.astro
[2026-02-06T15:59:24.169Z] 10:59:24 [watch] src/pages/standorte/dresden.astro
[2026-02-06T15:59:24.185Z] 10:59:24 [watch] /src/styles/global.css
[2026-02-06T15:59:24.186Z] 10:59:24 [watch] src/components/Breadcrumb.astro
[2026-02-06T15:59:24.186Z] 10:59:24 [watch] src/components/Breadcrumb.astro
[2026-02-06T15:59:24.187Z] 10:59:24 [watch] src/pages/standorte/elbe-elster.astro
[2026-02-06T15:59:24.188Z] 10:59:24 [watch] src/pages/standorte/elbe-elster.astro
[2026-02-06T15:59:24.188Z] 10:59:24 [watch] src/pages/standorte/erfurt.astro
[2026-02-06T15:59:24.188Z] 10:59:24 [watch] src/pages/standorte/erfurt.astro
[2026-02-06T15:59:24.189Z] 10:59:24 [watch] src/pages/standorte/gera.astro
[2026-02-06T15:59:24.189Z] 10:59:24 [watch] src/pages/standorte/gera.astro
[2026-02-06T15:59:24.190Z] 10:59:24 [watch] src/pages/standorte/grimma.astro
[2026-02-06T15:59:24.190Z] 10:59:24 [watch] src/pages/standorte/grimma.astro
[2026-02-06T15:59:24.190Z] 10:59:24 [watch] src/pages/standorte/halle.astro
[2026-02-06T15:59:24.191Z] 10:59:24 [watch] src/pages/standorte/halle.astro
[2026-02-06T15:59:24.191Z] 10:59:24 [watch] src/pages/standorte/leipzig.astro
[2026-02-06T15:59:24.191Z] 10:59:24 [watch] src/pages/standorte/leipzig.astro
[2026-02-06T15:59:24.192Z] 10:59:24 [watch] src/pages/standorte/magdeburg.astro
[2026-02-06T15:59:24.192Z] 10:59:24 [watch] src/pages/standorte/magdeburg.astro
[2026-02-06T15:59:24.192Z] 10:59:24 [watch] src/pages/standorte/naumburg.astro
[2026-02-06T15:59:24.192Z] 10:59:24 [watch] src/pages/standorte/naumburg.astro
[2026-02-06T15:59:24.193Z] 10:59:24 [watch] src/pages/standorte/nordsachsen.astro
[2026-02-06T15:59:24.193Z] 10:59:24 [watch] src/pages/standorte/nordsachsen.astro
[2026-02-06T15:59:24.193Z] 10:59:24 [watch] src/pages/standorte/photovoltaik-anbieter-leipzig.astro
[2026-02-06T15:59:24.194Z] 10:59:24 [watch] src/pages/standorte/photovoltaik-anbieter-leipzig.astro
[2026-02-06T15:59:24.199Z] 10:59:24 [watch] src/pages/standorte/photovoltaik-delitzsch.astro
[2026-02-06T15:59:24.200Z] 10:59:24 [watch] src/pages/standorte/photovoltaik-delitzsch.astro
[2026-02-06T15:59:24.200Z] 10:59:24 [watch] src/pages/standorte/photovoltaik-eilenburg.astro
[2026-02-06T15:59:24.201Z] 10:59:24 [watch] src/pages/standorte/photovoltaik-eilenburg.astro
[2026-02-06T15:59:24.201Z] 10:59:24 [watch] src/pages/standorte/photovoltaik-firma-leipzig.astro
[2026-02-06T15:59:24.201Z] 10:59:24 [watch] src/pages/standorte/photovoltaik-firma-leipzig.astro
[2026-02-06T15:59:24.202Z] 10:59:24 [watch] src/pages/standorte/photovoltaik-markkleeberg.astro
[2026-02-06T15:59:24.202Z] 10:59:24 [watch] src/pages/standorte/photovoltaik-markkleeberg.astro
[2026-02-06T15:59:24.202Z] 10:59:24 [watch] src/pages/standorte/photovoltaik-taucha.astro
[2026-02-06T15:59:24.202Z] 10:59:24 [watch] src/pages/standorte/photovoltaik-taucha.astro
[2026-02-06T15:59:24.203Z] 10:59:24 [watch] src/pages/standorte/photovoltaik-wurzen.astro
[2026-02-06T15:59:24.203Z] 10:59:24 [watch] src/pages/standorte/photovoltaik-wurzen.astro
[2026-02-06T15:59:24.203Z] 10:59:24 [watch] src/pages/standorte/saalekreis.astro
[2026-02-06T15:59:24.203Z] 10:59:24 [watch] src/pages/standorte/saalekreis.astro
[2026-02-06T15:59:24.204Z] 10:59:24 [watch] src/pages/standorte/solaranlage-kaufen-leipzig.astro
[2026-02-06T15:59:24.204Z] 10:59:24 [watch] src/pages/standorte/solaranlage-kaufen-leipzig.astro
[2026-02-06T15:59:24.204Z] 10:59:24 [watch] src/pages/standorte/solaranlage-leipzig.astro
[2026-02-06T15:59:24.205Z] 10:59:24 [watch] src/pages/standorte/solaranlage-leipzig.astro
[2026-02-06T15:59:24.206Z] 10:59:24 [watch] src/components/GoogleReviews.astro
[2026-02-06T15:59:24.207Z] 10:59:24 [watch] src/components/GoogleReviews.astro
[2026-02-06T15:59:24.209Z] 10:59:24 [watch] src/components/SolarCalculator.tsx
[2026-02-06T15:59:24.209Z] 10:59:24 [watch] src/components/SolarCalculator.tsx
[2026-02-06T15:59:24.210Z] 10:59:24 [watch] src/components/StandorteMap.astro
[2026-02-06T15:59:24.210Z] 10:59:24 [watch] src/components/StandorteMap.astro
[2026-02-06T15:59:24.212Z] 10:59:24 [watch] src/components/ui/button.tsx
[2026-02-06T15:59:24.212Z] 10:59:24 [watch] src/components/ui/button.tsx
[2026-02-06T15:59:24.212Z] 10:59:24 [watch] src/components/ui/card.tsx
[2026-02-06T15:59:24.213Z] 10:59:24 [watch] src/components/ui/card.tsx
[2026-02-06T15:59:24.213Z] 10:59:24 [watch] src/components/ui/dialog.tsx
[2026-02-06T15:59:24.214Z] 10:59:24 [watch] src/components/ui/dialog.tsx
[2026-02-06T15:59:24.214Z] 10:59:24 [watch] src/components/ui/input.tsx
[2026-02-06T15:59:24.215Z] 10:59:24 [watch] src/components/ui/input.tsx
[2026-02-06T15:59:24.215Z] 10:59:24 [watch] src/components/ui/label.tsx
[2026-02-06T15:59:24.216Z] 10:59:24 [watch] src/components/ui/label.tsx
[2026-02-06T15:59:24.216Z] 10:59:24 [watch] src/components/ui/slider.tsx
[2026-02-06T15:59:24.216Z] 10:59:24 [watch] src/components/ui/slider.tsx
[2026-02-06T15:59:24.217Z] 10:59:24 [watch] src/components/ui/switch.tsx
[2026-02-06T15:59:24.217Z] 10:59:24 [watch] src/components/ui/switch.tsx
[2026-02-06T15:59:24.218Z] 10:59:24 [watch] src/components/ui/tooltip.tsx
[2026-02-06T15:59:24.218Z] 10:59:24 [watch] src/components/ui/tooltip.tsx
[2026-02-06T15:59:24.233Z] 10:59:24 [watch] src/pages/standorte/solarteur-leipzig.astro
[2026-02-06T15:59:24.234Z] 10:59:24 [watch] src/pages/standorte/solarteur-leipzig.astro
[2026-02-06T15:59:24.235Z] 10:59:24 [watch] src/pages/standorte/stromspeicher-leipzig.astro
[2026-02-06T15:59:24.235Z] 10:59:24 [watch] src/pages/standorte/stromspeicher-leipzig.astro
[2026-02-06T15:59:24.236Z] 10:59:24 [watch] src/pages/standorte/wallbox-leipzig.astro
[2026-02-06T15:59:24.236Z] 10:59:24 [watch] src/pages/standorte/wallbox-leipzig.astro
[2026-02-06T15:59:24.236Z] 10:59:24 [watch] src/pages/standorte/weissenfels.astro
[2026-02-06T15:59:24.237Z] 10:59:24 [watch] src/pages/standorte/weissenfels.astro
[2026-02-06T15:59:24.237Z] 10:59:24 [watch] src/pages/standorte/zeitz.astro
[2026-02-06T15:59:24.237Z] 10:59:24 [watch] src/pages/standorte/zeitz.astro
[2026-02-06T15:59:24.238Z] 10:59:24 [watch] src/pages/stromspeicher.astro
[2026-02-06T15:59:24.238Z] 10:59:24 [watch] src/pages/stromspeicher.astro
[2026-02-06T15:59:24.238Z] 10:59:24 [watch] src/pages/ueber-uns.astro
[2026-02-06T15:59:24.238Z] 10:59:24 [watch] src/pages/ueber-uns.astro
[2026-02-06T15:59:24.239Z] 10:59:24 [watch] src/pages/wallbox-leipzig.astro
[2026-02-06T15:59:24.239Z] 10:59:24 [watch] src/pages/wallbox-leipzig.astro
[2026-02-06T15:59:24.239Z] 10:59:24 [watch] src/pages/wallbox.astro
[2026-02-06T15:59:24.240Z] 10:59:24 [watch] src/pages/wallbox.astro
[2026-02-06T15:59:24.243Z] 10:59:24 [watch] src/env.d.ts
[2026-02-06T15:59:24.243Z] 10:59:24 [watch] src/env.d.ts
[2026-02-06T15:59:24.244Z] 10:59:24 [watch] src/lib/ctaTracking.ts
[2026-02-06T15:59:24.244Z] 10:59:24 [watch] src/lib/ctaTracking.ts
[2026-02-06T15:59:24.245Z] 10:59:24 [watch] src/lib/supabase.ts
[2026-02-06T15:59:24.245Z] 10:59:24 [watch] src/lib/supabase.ts
[2026-02-06T15:59:24.247Z] 10:59:24 [watch] src/lib/utils.ts
[2026-02-06T15:59:24.247Z] 10:59:24 [watch] src/lib/utils.ts
[2026-02-06T15:59:24.277Z] 10:59:24 [watch] src/components/CookieBanner.astro
[2026-02-06T15:59:24.278Z] 10:59:24 [watch] src/components/CookieBanner.astro
[2026-02-06T15:59:24.278Z] 10:59:24 [watch] src/components/ExitIntentPopup.astro
[2026-02-06T15:59:24.279Z] 10:59:24 [watch] src/components/Footer.astro
[2026-02-06T15:59:24.279Z] 10:59:24 [watch] src/components/Footer.astro
[2026-02-06T15:59:24.279Z] 10:59:24 [watch] src/components/Header.astro
[2026-02-06T15:59:24.279Z] 10:59:24 [watch] src/components/Header.astro
[2026-02-06T15:59:24.280Z] 10:59:24 [watch] src/components/LocalBusinessSchema.astro
[2026-02-06T15:59:24.280Z] 10:59:24 [watch] src/components/LocalBusinessSchema.astro
[2026-02-06T15:59:24.280Z] 10:59:24 [watch] src/components/MultiStepForm.astro
[2026-02-06T15:59:24.310Z] 10:59:24 [watch] src/layouts/Layout.astro
[2026-02-06T15:59:24.311Z] 10:59:24 [watch] src/layouts/Layout.astro
[2026-02-06T15:59:24.311Z] 10:59:24 [watch] src/pages/admin.astro
[2026-02-06T15:59:24.312Z] 10:59:24 [watch] src/pages/admin.astro
[2026-02-06T15:59:24.312Z] 10:59:24 [watch] src/pages/agb.astro
[2026-02-06T15:59:24.312Z] 10:59:24 [watch] src/pages/agb.astro
[2026-02-06T15:59:24.313Z] 10:59:24 [watch] src/pages/analytics.astro
[2026-02-06T15:59:24.313Z] 10:59:24 [watch] src/pages/analytics.astro
[2026-02-06T15:59:24.313Z] 10:59:24 [watch] src/pages/blog.astro
[2026-02-06T15:59:24.313Z] 10:59:24 [watch] src/pages/blog.astro
[2026-02-06T15:59:24.314Z] 10:59:24 [watch] src/pages/blog/fehler-solarkauf.astro
[2026-02-06T15:59:24.314Z] 10:59:24 [watch] src/pages/blog/fehler-solarkauf.astro
[2026-02-06T15:59:24.314Z] 10:59:24 [watch] src/pages/blog/neue-speicher-technologien-2026.astro
[2026-02-06T15:59:24.315Z] 10:59:24 [watch] src/pages/blog/neue-speicher-technologien-2026.astro
[2026-02-06T15:59:24.315Z] 10:59:24 [watch] src/pages/blog/photovoltaik-foerderung-2026.astro
[2026-02-06T15:59:24.315Z] 10:59:24 [watch] src/pages/blog/photovoltaik-foerderung-2026.astro
[2026-02-06T15:59:24.315Z] 10:59:24 [watch] src/pages/blog/photovoltaik-kosten-2026.astro
[2026-02-06T15:59:24.316Z] 10:59:24 [watch] src/pages/blog/photovoltaik-kosten-2026.astro
[2026-02-06T15:59:24.316Z] 10:59:24 [watch] src/pages/blog/solar-leipzig.astro
[2026-02-06T15:59:24.316Z] 10:59:24 [watch] src/pages/blog/solar-leipzig.astro
[2026-02-06T15:59:24.317Z] 10:59:24 [watch] src/pages/blog/solaranlage-wartung.astro
[2026-02-06T15:59:24.317Z] 10:59:24 [watch] src/pages/blog/solaranlage-wartung.astro
[2026-02-06T15:59:24.317Z] 10:59:24 [watch] src/pages/blog/stromspeicher-2026-lohnt-sich.astro
[2026-02-06T15:59:24.317Z] 10:59:24 [watch] src/pages/blog/stromspeicher-2026-lohnt-sich.astro
[2026-02-06T15:59:24.318Z] 10:59:24 [watch] src/pages/blog/stromspeicher-nachruesten.astro
[2026-02-06T15:59:24.318Z] 10:59:24 [watch] src/pages/blog/stromspeicher-nachruesten.astro
[2026-02-06T15:59:24.318Z] 10:59:24 [watch] src/pages/blog/stromspeicher-vergleich-2026.astro
[2026-02-06T15:59:24.318Z] 10:59:24 [watch] src/pages/blog/stromspeicher-vergleich-2026.astro
[2026-02-06T15:59:24.319Z] 10:59:24 [watch] src/pages/blog/wartungstipps-winter.astro
[2026-02-06T15:59:24.319Z] 10:59:24 [watch] src/pages/blog/wartungstipps-winter.astro
[2026-02-06T15:59:24.327Z] 10:59:24 [watch] src/pages/dashboard.astro
[2026-02-06T15:59:24.328Z] 10:59:24 [watch] src/pages/dashboard.astro
[2026-02-06T15:59:24.328Z] 10:59:24 [watch] src/pages/dashboard/cta-tracking.astro
[2026-02-06T15:59:24.328Z] 10:59:24 [watch] src/pages/dashboard/cta-tracking.astro
[2026-02-06T15:59:24.329Z] 10:59:24 [watch] src/pages/datenschutz.astro
[2026-02-06T15:59:24.329Z] 10:59:24 [watch] src/pages/datenschutz.astro
[2026-02-06T15:59:24.329Z] 10:59:24 [watch] src/pages/faq.astro
[2026-02-06T15:59:24.329Z] 10:59:24 [watch] src/pages/faq.astro
[2026-02-06T15:59:24.330Z] 10:59:24 [watch] src/pages/gewerbe-photovoltaik-leipzig.astro
[2026-02-06T15:59:24.330Z] 10:59:24 [watch] src/pages/gewerbe-photovoltaik-leipzig.astro
[2026-02-06T15:59:24.330Z] 10:59:24 [watch] src/pages/gewerbe.astro
[2026-02-06T15:59:24.331Z] 10:59:24 [watch] src/pages/gewerbe.astro
[2026-02-06T15:59:24.331Z] 10:59:24 [watch] src/pages/heizung.astro
[2026-02-06T15:59:24.331Z] 10:59:24 [watch] src/pages/heizung.astro
[2026-02-06T15:59:24.331Z] 10:59:24 [watch] src/pages/impressum.astro
[2026-02-06T15:59:24.332Z] 10:59:24 [watch] src/pages/impressum.astro
[2026-02-06T15:59:24.334Z] 10:59:24 [watch] src/pages/kontakt.astro
[2026-02-06T15:59:24.334Z] 10:59:24 [watch] src/pages/kontakt.astro
[2026-02-06T15:59:24.334Z] 10:59:24 [watch] src/pages/privat.astro
[2026-02-06T15:59:24.334Z] 10:59:24 [watch] src/pages/privat.astro
[2026-02-06T15:59:24.335Z] 10:59:24 [watch] src/pages/pv-reinigung-leipzig.astro
[2026-02-06T15:59:24.335Z] 10:59:24 [watch] src/pages/pv-reinigung-leipzig.astro
[2026-02-06T15:59:24.336Z] 10:59:24 [watch] src/pages/pv-wartung-leipzig.astro
[2026-02-06T15:59:24.336Z] 10:59:24 [watch] src/pages/pv-wartung-leipzig.astro
[2026-02-06T15:59:24.336Z] 10:59:24 [watch] src/pages/ratgeber.astro
[2026-02-06T15:59:24.336Z] 10:59:24 [watch] src/pages/ratgeber.astro
[2026-02-06T15:59:24.337Z] 10:59:24 [watch] src/pages/ratgeber/foerderung.astro
[2026-02-06T15:59:24.337Z] 10:59:24 [watch] src/pages/ratgeber/foerderung.astro
[2026-02-06T15:59:24.337Z] 10:59:24 [watch] src/pages/ratgeber/kosten.astro
[2026-02-06T15:59:24.338Z] 10:59:24 [watch] src/pages/ratgeber/kosten.astro
[2026-02-06T15:59:24.366Z] 10:59:24 [watch] src/pages/ratgeber/wirtschaftlichkeit.astro
[2026-02-06T15:59:24.367Z] 10:59:24 [watch] src/pages/ratgeber/wirtschaftlichkeit.astro
[2026-02-06T15:59:24.367Z] 10:59:24 [watch] src/pages/referenzen.astro
[2026-02-06T15:59:24.368Z] 10:59:24 [watch] src/pages/referenzen.astro
[2026-02-06T15:59:24.368Z] 10:59:24 [watch] src/pages/seo.astro
[2026-02-06T15:59:24.368Z] 10:59:24 [watch] src/pages/seo.astro
[2026-02-06T15:59:24.369Z] 10:59:24 [watch] src/pages/service.astro
[2026-02-06T15:59:24.369Z] 10:59:24 [watch] src/pages/service.astro
[2026-02-06T15:59:24.369Z] 10:59:24 [watch] src/pages/solaranlage-leipzig.astro
[2026-02-06T15:59:24.369Z] 10:59:24 [watch] src/pages/solaranlage-leipzig.astro
[2026-02-06T15:59:24.370Z] 10:59:24 [watch] src/pages/solarmanager.astro
[2026-02-06T15:59:24.370Z] 10:59:24 [watch] src/pages/solarmanager.astro
[2026-02-06T15:59:24.370Z] 10:59:24 [watch] src/pages/solarpark-betreuung.astro
[2026-02-06T15:59:24.371Z] 10:59:24 [watch] src/pages/solarpark-betreuung.astro
[2026-02-06T15:59:24.371Z] 10:59:24 [watch] src/pages/standorte.astro
[2026-02-06T15:59:24.371Z] 10:59:24 [watch] src/pages/standorte.astro
[2026-02-06T15:59:24.371Z] 10:59:24 [watch] src/pages/standorte/anhalt-bitterfeld.astro
[2026-02-06T15:59:24.372Z] 10:59:24 [watch] src/pages/standorte/anhalt-bitterfeld.astro
[2026-02-06T15:59:24.372Z] 10:59:24 [watch] src/pages/standorte/borna.astro
[2026-02-06T15:59:24.372Z] 10:59:24 [watch] src/pages/standorte/borna.astro
[2026-02-06T15:59:24.372Z] 10:59:24 [watch] src/pages/standorte/burgenlandkreis.astro
[2026-02-06T15:59:24.373Z] 10:59:24 [watch] src/pages/standorte/burgenlandkreis.astro
[2026-02-06T15:59:24.373Z] 10:59:24 [watch] src/pages/standorte/dresden.astro
[2026-02-06T15:59:24.373Z] 10:59:24 [watch] src/pages/standorte/dresden.astro
[2026-02-06T15:59:24.374Z] 10:59:24 [watch] src/pages/standorte/elbe-elster.astro
[2026-02-06T15:59:24.374Z] 10:59:24 [watch] src/pages/standorte/elbe-elster.astro
[2026-02-06T15:59:24.374Z] 10:59:24 [watch] src/pages/standorte/erfurt.astro
[2026-02-06T15:59:24.374Z] 10:59:24 [watch] src/pages/standorte/erfurt.astro
[2026-02-06T15:59:24.375Z] 10:59:24 [watch] src/pages/standorte/gera.astro
[2026-02-06T15:59:24.375Z] 10:59:24 [watch] src/pages/standorte/gera.astro
[2026-02-06T15:59:24.375Z] 10:59:24 [watch] src/pages/standorte/grimma.astro
[2026-02-06T15:59:24.375Z] 10:59:24 [watch] src/pages/standorte/grimma.astro
[2026-02-06T15:59:24.376Z] 10:59:24 [watch] src/pages/standorte/halle.astro
[2026-02-06T15:59:24.376Z] 10:59:24 [watch] src/pages/standorte/halle.astro
[2026-02-06T15:59:24.376Z] 10:59:24 [watch] src/pages/standorte/leipzig.astro
[2026-02-06T15:59:24.377Z] 10:59:24 [watch] src/pages/standorte/leipzig.astro
[2026-02-06T15:59:24.377Z] 10:59:24 [watch] src/pages/standorte/magdeburg.astro
[2026-02-06T15:59:24.377Z] 10:59:24 [watch] src/pages/standorte/magdeburg.astro
[2026-02-06T15:59:24.377Z] 10:59:24 [watch] src/pages/standorte/naumburg.astro
[2026-02-06T15:59:24.378Z] 10:59:24 [watch] src/pages/standorte/naumburg.astro
[2026-02-06T15:59:24.379Z] 10:59:24 [watch] /src/styles/global.css
[2026-02-06T15:59:24.380Z] 10:59:24 [watch] src/components/Breadcrumb.astro
[2026-02-06T15:59:24.380Z] 10:59:24 [watch] src/components/Breadcrumb.astro
[2026-02-06T15:59:24.382Z] 10:59:24 [watch] src/components/GoogleReviews.astro
[2026-02-06T15:59:24.382Z] 10:59:24 [watch] src/components/GoogleReviews.astro
[2026-02-06T15:59:24.385Z] 10:59:24 [watch] src/components/SolarCalculator.tsx
[2026-02-06T15:59:24.385Z] 10:59:24 [watch] src/components/SolarCalculator.tsx
[2026-02-06T15:59:24.386Z] 10:59:24 [watch] src/components/StandorteMap.astro
[2026-02-06T15:59:24.386Z] 10:59:24 [watch] src/components/StandorteMap.astro
[2026-02-06T15:59:24.387Z] 10:59:24 [watch] src/components/ui/button.tsx
[2026-02-06T15:59:24.387Z] 10:59:24 [watch] src/components/ui/button.tsx
[2026-02-06T15:59:24.388Z] 10:59:24 [watch] src/components/ui/card.tsx
[2026-02-06T15:59:24.388Z] 10:59:24 [watch] src/components/ui/card.tsx
[2026-02-06T15:59:24.389Z] 10:59:24 [watch] src/components/ui/dialog.tsx
[2026-02-06T15:59:24.389Z] 10:59:24 [watch] src/components/ui/dialog.tsx
[2026-02-06T15:59:24.389Z] 10:59:24 [watch] src/components/ui/input.tsx
[2026-02-06T15:59:24.390Z] 10:59:24 [watch] src/components/ui/input.tsx
[2026-02-06T15:59:24.390Z] 10:59:24 [watch] src/components/ui/label.tsx
[2026-02-06T15:59:24.390Z] 10:59:24 [watch] src/components/ui/label.tsx
[2026-02-06T15:59:24.391Z] 10:59:24 [watch] src/components/ui/slider.tsx
[2026-02-06T15:59:24.391Z] 10:59:24 [watch] src/components/ui/slider.tsx
[2026-02-06T15:59:24.392Z] 10:59:24 [watch] src/components/ui/switch.tsx
[2026-02-06T15:59:24.392Z] 10:59:24 [watch] src/components/ui/switch.tsx
[2026-02-06T15:59:24.393Z] 10:59:24 [watch] src/components/ui/tooltip.tsx
[2026-02-06T15:59:24.393Z] 10:59:24 [watch] src/components/ui/tooltip.tsx
[2026-02-06T15:59:24.403Z] 10:59:24 [watch] src/pages/index.astro
[2026-02-06T15:59:24.403Z] 10:59:24 [watch] src/pages/index.astro
[2026-02-06T15:59:24.403Z] 10:59:24 [watch] src/pages/standorte/nordsachsen.astro
[2026-02-06T15:59:24.404Z] 10:59:24 [watch] src/pages/standorte/nordsachsen.astro
[2026-02-06T15:59:24.404Z] 10:59:24 [watch] src/pages/standorte/photovoltaik-anbieter-leipzig.astro
[2026-02-06T15:59:24.404Z] 10:59:24 [watch] src/pages/standorte/photovoltaik-anbieter-leipzig.astro
[2026-02-06T15:59:24.405Z] 10:59:24 [watch] src/pages/standorte/photovoltaik-delitzsch.astro
[2026-02-06T15:59:24.405Z] 10:59:24 [watch] src/pages/standorte/photovoltaik-delitzsch.astro
[2026-02-06T15:59:24.405Z] 10:59:24 [watch] src/pages/standorte/photovoltaik-eilenburg.astro
[2026-02-06T15:59:24.406Z] 10:59:24 [watch] src/pages/standorte/photovoltaik-eilenburg.astro
[2026-02-06T15:59:24.406Z] 10:59:24 [watch] src/pages/standorte/photovoltaik-firma-leipzig.astro
[2026-02-06T15:59:24.406Z] 10:59:24 [watch] src/pages/standorte/photovoltaik-firma-leipzig.astro
[2026-02-06T15:59:24.406Z] 10:59:24 [watch] src/pages/standorte/photovoltaik-markkleeberg.astro
[2026-02-06T15:59:24.407Z] 10:59:24 [watch] src/pages/standorte/photovoltaik-markkleeberg.astro
[2026-02-06T15:59:24.407Z] 10:59:24 [watch] src/pages/standorte/photovoltaik-taucha.astro
[2026-02-06T15:59:24.407Z] 10:59:24 [watch] src/pages/standorte/photovoltaik-taucha.astro
[2026-02-06T15:59:24.408Z] 10:59:24 [watch] src/pages/standorte/photovoltaik-wurzen.astro
[2026-02-06T15:59:24.408Z] 10:59:24 [watch] src/pages/standorte/photovoltaik-wurzen.astro
[2026-02-06T15:59:24.409Z] 10:59:24 [watch] src/pages/standorte/saalekreis.astro
[2026-02-06T15:59:24.409Z] 10:59:24 [watch] src/pages/standorte/saalekreis.astro
[2026-02-06T15:59:24.409Z] 10:59:24 [watch] src/pages/standorte/solaranlage-kaufen-leipzig.astro
[2026-02-06T15:59:24.410Z] 10:59:24 [watch] src/pages/standorte/solaranlage-kaufen-leipzig.astro
[2026-02-06T15:59:24.410Z] 10:59:24 [watch] src/pages/standorte/solaranlage-leipzig.astro
[2026-02-06T15:59:24.410Z] 10:59:24 [watch] src/pages/standorte/solaranlage-leipzig.astro
[2026-02-06T15:59:24.411Z] 10:59:24 [watch] src/pages/standorte/solarteur-leipzig.astro
[2026-02-06T15:59:24.411Z] 10:59:24 [watch] src/pages/standorte/solarteur-leipzig.astro
[2026-02-06T15:59:24.411Z] 10:59:24 [watch] src/pages/standorte/stromspeicher-leipzig.astro
[2026-02-06T15:59:24.412Z] 10:59:24 [watch] src/pages/standorte/stromspeicher-leipzig.astro
[2026-02-06T15:59:24.412Z] 10:59:24 [watch] src/pages/standorte/wallbox-leipzig.astro
[2026-02-06T15:59:24.413Z] 10:59:24 [watch] src/pages/standorte/wallbox-leipzig.astro
[2026-02-06T15:59:24.413Z] 10:59:24 [watch] src/pages/standorte/weissenfels.astro
[2026-02-06T15:59:24.414Z] 10:59:24 [watch] src/pages/standorte/weissenfels.astro
[2026-02-06T15:59:24.414Z] 10:59:24 [watch] src/pages/standorte/zeitz.astro
[2026-02-06T15:59:24.415Z] 10:59:24 [watch] src/pages/standorte/zeitz.astro
[2026-02-06T15:59:24.415Z] 10:59:24 [watch] src/pages/stromspeicher.astro
[2026-02-06T15:59:24.415Z] 10:59:24 [watch] src/pages/stromspeicher.astro
[2026-02-06T15:59:24.416Z] 10:59:24 [watch] src/pages/ueber-uns.astro
[2026-02-06T15:59:24.416Z] 10:59:24 [watch] src/pages/ueber-uns.astro
[2026-02-06T15:59:24.417Z] 10:59:24 [watch] src/env.d.ts
[2026-02-06T15:59:24.417Z] 10:59:24 [watch] src/env.d.ts
[2026-02-06T15:59:24.418Z] 10:59:24 [watch] src/lib/ctaTracking.ts
[2026-02-06T15:59:24.418Z] 10:59:24 [watch] src/lib/ctaTracking.ts
[2026-02-06T15:59:24.418Z] 10:59:24 [watch] src/lib/supabase.ts
[2026-02-06T15:59:24.419Z] 10:59:24 [watch] src/lib/supabase.ts
[2026-02-06T15:59:24.419Z] 10:59:24 [watch] src/lib/utils.ts
[2026-02-06T15:59:24.419Z] 10:59:24 [watch] src/lib/utils.ts
[2026-02-06T15:59:24.430Z] 10:59:24 [watch] src/pages/wallbox-leipzig.astro
[2026-02-06T15:59:24.431Z] 10:59:24 [watch] src/pages/wallbox-leipzig.astro
[2026-02-06T15:59:24.432Z] 10:59:24 [watch] src/pages/wallbox.astro
[2026-02-06T15:59:24.432Z] 10:59:24 [watch] src/pages/wallbox.astro
[2026-02-06T15:59:24.432Z] 10:59:24 [watch] src/components/CookieBanner.astro
[2026-02-06T15:59:24.432Z] 10:59:24 [watch] src/components/CookieBanner.astro
[2026-02-06T15:59:24.433Z] 10:59:24 [watch] src/components/ExitIntentPopup.astro
[2026-02-06T15:59:24.433Z] 10:59:24 [watch] src/components/Footer.astro
[2026-02-06T15:59:24.433Z] 10:59:24 [watch] src/components/Footer.astro
[2026-02-06T15:59:24.434Z] 10:59:24 [watch] src/components/LocalBusinessSchema.astro
[2026-02-06T15:59:24.434Z] 10:59:24 [watch] src/components/LocalBusinessSchema.astro
[2026-02-06T15:59:24.434Z] 10:59:24 [watch] src/components/Header.astro
[2026-02-06T15:59:24.435Z] 10:59:24 [watch] src/components/Header.astro
[2026-02-06T15:59:24.435Z] 10:59:24 [watch] src/components/MultiStepForm.astro
[2026-02-06T15:59:24.453Z] 10:59:24 [watch] src/layouts/Layout.astro
[2026-02-06T15:59:24.454Z] 10:59:24 [watch] src/layouts/Layout.astro
[2026-02-06T15:59:24.455Z] 10:59:24 [watch] src/pages/admin.astro
[2026-02-06T15:59:24.455Z] 10:59:24 [watch] src/pages/admin.astro
[2026-02-06T15:59:24.455Z] 10:59:24 [watch] src/pages/agb.astro
[2026-02-06T15:59:24.455Z] 10:59:24 [watch] src/pages/agb.astro
[2026-02-06T15:59:24.456Z] 10:59:24 [watch] src/pages/analytics.astro
[2026-02-06T15:59:24.456Z] 10:59:24 [watch] src/pages/analytics.astro
[2026-02-06T15:59:24.456Z] 10:59:24 [watch] src/pages/blog.astro
[2026-02-06T15:59:24.457Z] 10:59:24 [watch] src/pages/blog.astro
[2026-02-06T15:59:24.457Z] 10:59:24 [watch] src/pages/blog/fehler-solarkauf.astro
[2026-02-06T15:59:24.457Z] 10:59:24 [watch] src/pages/blog/fehler-solarkauf.astro
[2026-02-06T15:59:24.457Z] 10:59:24 [watch] src/pages/blog/neue-speicher-technologien-2026.astro
[2026-02-06T15:59:24.458Z] 10:59:24 [watch] src/pages/blog/neue-speicher-technologien-2026.astro
[2026-02-06T15:59:24.458Z] 10:59:24 [watch] src/pages/blog/photovoltaik-foerderung-2026.astro
[2026-02-06T15:59:24.458Z] 10:59:24 [watch] src/pages/blog/photovoltaik-foerderung-2026.astro
[2026-02-06T15:59:24.458Z] 10:59:24 [watch] src/pages/blog/photovoltaik-kosten-2026.astro
[2026-02-06T15:59:24.459Z] 10:59:24 [watch] src/pages/blog/photovoltaik-kosten-2026.astro
[2026-02-06T15:59:24.459Z] 10:59:24 [watch] src/pages/blog/solar-leipzig.astro
[2026-02-06T15:59:24.459Z] 10:59:24 [watch] src/pages/blog/solar-leipzig.astro
[2026-02-06T15:59:24.460Z] 10:59:24 [watch] src/pages/blog/solaranlage-wartung.astro
[2026-02-06T15:59:24.460Z] 10:59:24 [watch] src/pages/blog/solaranlage-wartung.astro
[2026-02-06T15:59:24.460Z] 10:59:24 [watch] src/pages/blog/stromspeicher-2026-lohnt-sich.astro
[2026-02-06T15:59:24.461Z] 10:59:24 [watch] src/pages/blog/stromspeicher-2026-lohnt-sich.astro
[2026-02-06T15:59:24.461Z] 10:59:24 [watch] src/pages/blog/stromspeicher-nachruesten.astro
[2026-02-06T15:59:24.461Z] 10:59:24 [watch] src/pages/blog/stromspeicher-nachruesten.astro
[2026-02-06T15:59:24.461Z] 10:59:24 [watch] src/pages/blog/stromspeicher-vergleich-2026.astro
[2026-02-06T15:59:24.462Z] 10:59:24 [watch] src/pages/blog/stromspeicher-vergleich-2026.astro
[2026-02-06T15:59:24.462Z] 10:59:24 [watch] src/pages/blog/wartungstipps-winter.astro
[2026-02-06T15:59:24.462Z] 10:59:24 [watch] src/pages/blog/wartungstipps-winter.astro
[2026-02-06T15:59:24.463Z] 10:59:24 [watch] src/pages/dashboard.astro
[2026-02-06T15:59:24.463Z] 10:59:24 [watch] src/pages/dashboard.astro
[2026-02-06T15:59:24.494Z] 10:59:24 [watch] src/pages/dashboard/cta-tracking.astro
[2026-02-06T15:59:24.495Z] 10:59:24 [watch] src/pages/dashboard/cta-tracking.astro
[2026-02-06T15:59:24.495Z] 10:59:24 [watch] src/pages/datenschutz.astro
[2026-02-06T15:59:24.495Z] 10:59:24 [watch] src/pages/datenschutz.astro
[2026-02-06T15:59:24.496Z] 10:59:24 [watch] src/pages/faq.astro
[2026-02-06T15:59:24.496Z] 10:59:24 [watch] src/pages/faq.astro
[2026-02-06T15:59:24.496Z] 10:59:24 [watch] src/pages/gewerbe-photovoltaik-leipzig.astro
[2026-02-06T15:59:24.497Z] 10:59:24 [watch] src/pages/gewerbe-photovoltaik-leipzig.astro
[2026-02-06T15:59:24.497Z] 10:59:24 [watch] src/pages/gewerbe.astro
[2026-02-06T15:59:24.497Z] 10:59:24 [watch] src/pages/gewerbe.astro
[2026-02-06T15:59:24.497Z] 10:59:24 [watch] src/pages/heizung.astro
[2026-02-06T15:59:24.498Z] 10:59:24 [watch] src/pages/heizung.astro
[2026-02-06T15:59:24.498Z] 10:59:24 [watch] src/pages/impressum.astro
[2026-02-06T15:59:24.498Z] 10:59:24 [watch] src/pages/impressum.astro
[2026-02-06T15:59:24.500Z] 10:59:24 [watch] src/pages/kontakt.astro
[2026-02-06T15:59:24.501Z] 10:59:24 [watch] src/pages/kontakt.astro
[2026-02-06T15:59:24.501Z] 10:59:24 [watch] src/pages/privat.astro
[2026-02-06T15:59:24.501Z] 10:59:24 [watch] src/pages/privat.astro
[2026-02-06T15:59:24.501Z] 10:59:24 [watch] src/pages/pv-reinigung-leipzig.astro
[2026-02-06T15:59:24.502Z] 10:59:24 [watch] src/pages/pv-reinigung-leipzig.astro
[2026-02-06T15:59:24.502Z] 10:59:24 [watch] src/pages/pv-wartung-leipzig.astro
[2026-02-06T15:59:24.502Z] 10:59:24 [watch] src/pages/pv-wartung-leipzig.astro
[2026-02-06T15:59:24.502Z] 10:59:24 [watch] src/pages/ratgeber.astro
[2026-02-06T15:59:24.503Z] 10:59:24 [watch] src/pages/ratgeber.astro
[2026-02-06T15:59:24.503Z] 10:59:24 [watch] src/pages/ratgeber/foerderung.astro
[2026-02-06T15:59:24.503Z] 10:59:24 [watch] src/pages/ratgeber/foerderung.astro
[2026-02-06T15:59:24.504Z] 10:59:24 [watch] src/pages/ratgeber/kosten.astro
[2026-02-06T15:59:24.504Z] 10:59:24 [watch] src/pages/ratgeber/kosten.astro
[2026-02-06T15:59:24.504Z] 10:59:24 [watch] src/pages/ratgeber/wirtschaftlichkeit.astro
[2026-02-06T15:59:24.504Z] 10:59:24 [watch] src/pages/ratgeber/wirtschaftlichkeit.astro
[2026-02-06T15:59:24.524Z] 10:59:24 [watch] /src/styles/global.css
[2026-02-06T15:59:24.524Z] 10:59:24 [watch] src/pages/referenzen.astro
[2026-02-06T15:59:24.525Z] 10:59:24 [watch] src/pages/referenzen.astro
[2026-02-06T15:59:24.525Z] 10:59:24 [watch] src/pages/seo.astro
[2026-02-06T15:59:24.525Z] 10:59:24 [watch] src/pages/seo.astro
[2026-02-06T15:59:24.525Z] 10:59:24 [watch] src/pages/service.astro
[2026-02-06T15:59:24.526Z] 10:59:24 [watch] src/pages/service.astro
[2026-02-06T15:59:24.531Z] 10:59:24 [watch] src/pages/solaranlage-leipzig.astro
[2026-02-06T15:59:24.532Z] 10:59:24 [watch] src/pages/solaranlage-leipzig.astro
[2026-02-06T15:59:24.532Z] 10:59:24 [watch] src/pages/solarmanager.astro
[2026-02-06T15:59:24.532Z] 10:59:24 [watch] src/pages/solarmanager.astro
[2026-02-06T15:59:24.532Z] 10:59:24 [watch] src/pages/solarpark-betreuung.astro
[2026-02-06T15:59:24.533Z] 10:59:24 [watch] src/pages/solarpark-betreuung.astro
[2026-02-06T15:59:24.533Z] 10:59:24 [watch] src/pages/standorte.astro
[2026-02-06T15:59:24.533Z] 10:59:24 [watch] src/pages/standorte.astro
[2026-02-06T15:59:24.533Z] 10:59:24 [watch] src/pages/standorte/anhalt-bitterfeld.astro
[2026-02-06T15:59:24.534Z] 10:59:24 [watch] src/pages/standorte/anhalt-bitterfeld.astro
[2026-02-06T15:59:24.534Z] 10:59:24 [watch] src/pages/standorte/borna.astro
[2026-02-06T15:59:24.534Z] 10:59:24 [watch] src/pages/standorte/borna.astro
[2026-02-06T15:59:24.535Z] 10:59:24 [watch] src/pages/standorte/burgenlandkreis.astro
[2026-02-06T15:59:24.535Z] 10:59:24 [watch] src/pages/standorte/burgenlandkreis.astro
[2026-02-06T15:59:24.535Z] 10:59:24 [watch] src/pages/standorte/dresden.astro
[2026-02-06T15:59:24.535Z] 10:59:24 [watch] src/pages/standorte/dresden.astro
[2026-02-06T15:59:24.536Z] 10:59:24 [watch] src/pages/standorte/elbe-elster.astro
[2026-02-06T15:59:24.536Z] 10:59:24 [watch] src/pages/standorte/elbe-elster.astro
[2026-02-06T15:59:24.536Z] 10:59:24 [watch] src/pages/standorte/erfurt.astro
[2026-02-06T15:59:24.537Z] 10:59:24 [watch] src/pages/standorte/erfurt.astro
[2026-02-06T15:59:24.537Z] 10:59:24 [watch] src/pages/standorte/gera.astro
[2026-02-06T15:59:24.537Z] 10:59:24 [watch] src/pages/standorte/gera.astro
[2026-02-06T15:59:24.537Z] 10:59:24 [watch] src/pages/standorte/grimma.astro
[2026-02-06T15:59:24.538Z] 10:59:24 [watch] src/pages/standorte/grimma.astro
[2026-02-06T15:59:24.538Z] 10:59:24 [watch] src/pages/standorte/halle.astro
[2026-02-06T15:59:24.538Z] 10:59:24 [watch] src/pages/standorte/halle.astro
[2026-02-06T15:59:24.539Z] 10:59:24 [watch] src/pages/standorte/leipzig.astro
[2026-02-06T15:59:24.539Z] 10:59:24 [watch] src/pages/standorte/leipzig.astro
[2026-02-06T15:59:24.570Z] 10:59:24 [watch] src/pages/standorte/magdeburg.astro
[2026-02-06T15:59:24.577Z] 10:59:24 [watch] src/pages/standorte/magdeburg.astro
[2026-02-06T15:59:24.579Z] 10:59:24 [watch] src/pages/standorte/naumburg.astro
[2026-02-06T15:59:24.589Z] 10:59:24 [watch] src/pages/standorte/naumburg.astro
[2026-02-06T15:59:24.591Z] 10:59:24 [watch] src/pages/standorte/nordsachsen.astro
[2026-02-06T15:59:24.595Z] 10:59:24 [watch] src/pages/standorte/nordsachsen.astro
[2026-02-06T15:59:24.597Z] 10:59:24 [watch] src/pages/standorte/photovoltaik-anbieter-leipzig.astro
[2026-02-06T15:59:24.601Z] 10:59:24 [watch] src/pages/standorte/photovoltaik-anbieter-leipzig.astro
[2026-02-06T15:59:24.604Z] 10:59:24 [watch] src/pages/standorte/photovoltaik-delitzsch.astro
[2026-02-06T15:59:24.607Z] 10:59:24 [watch] src/pages/standorte/photovoltaik-delitzsch.astro
[2026-02-06T15:59:24.608Z] 10:59:24 [watch] src/pages/standorte/photovoltaik-eilenburg.astro
[2026-02-06T15:59:24.610Z] 10:59:24 [watch] src/pages/standorte/photovoltaik-eilenburg.astro
[2026-02-06T15:59:24.612Z] 10:59:24 [watch] src/pages/standorte/photovoltaik-firma-leipzig.astro
[2026-02-06T15:59:24.614Z] 10:59:24 [watch] src/pages/standorte/photovoltaik-firma-leipzig.astro
[2026-02-06T15:59:24.616Z] 10:59:24 [watch] src/pages/index.astro
[2026-02-06T15:59:24.617Z] 10:59:24 [watch] src/pages/index.astro
[2026-02-06T15:59:24.618Z] 10:59:24 [watch] src/pages/standorte/photovoltaik-markkleeberg.astro
[2026-02-06T15:59:24.618Z] 10:59:24 [watch] src/pages/standorte/photovoltaik-markkleeberg.astro
[2026-02-06T15:59:24.619Z] 10:59:24 [watch] src/pages/standorte/photovoltaik-taucha.astro
[2026-02-06T15:59:24.619Z] 10:59:24 [watch] src/pages/standorte/photovoltaik-taucha.astro
[2026-02-06T15:59:24.621Z] 10:59:24 [watch] src/pages/standorte/photovoltaik-wurzen.astro
[2026-02-06T15:59:24.621Z] 10:59:24 [watch] src/pages/standorte/photovoltaik-wurzen.astro
[2026-02-06T15:59:24.622Z] 10:59:24 [watch] src/pages/standorte/saalekreis.astro
[2026-02-06T15:59:24.622Z] 10:59:24 [watch] src/pages/standorte/saalekreis.astro
[2026-02-06T15:59:24.622Z] 10:59:24 [watch] src/pages/standorte/solaranlage-kaufen-leipzig.astro
[2026-02-06T15:59:24.622Z] 10:59:24 [watch] src/pages/standorte/solaranlage-kaufen-leipzig.astro
[2026-02-06T15:59:24.623Z] 10:59:24 [watch] src/pages/standorte/solarteur-leipzig.astro
[2026-02-06T15:59:24.623Z] 10:59:24 [watch] src/pages/standorte/solarteur-leipzig.astro
[2026-02-06T15:59:24.623Z] 10:59:24 [watch] src/pages/standorte/solaranlage-leipzig.astro
[2026-02-06T15:59:24.623Z] 10:59:24 [watch] src/pages/standorte/solaranlage-leipzig.astro
[2026-02-06T15:59:24.624Z] 10:59:24 [watch] src/pages/standorte/stromspeicher-leipzig.astro
[2026-02-06T15:59:24.624Z] 10:59:24 [watch] src/pages/standorte/stromspeicher-leipzig.astro
[2026-02-06T15:59:24.624Z] 10:59:24 [watch] src/pages/standorte/wallbox-leipzig.astro
[2026-02-06T15:59:24.625Z] 10:59:24 [watch] src/pages/standorte/wallbox-leipzig.astro
[2026-02-06T15:59:24.625Z] 10:59:24 [watch] src/pages/standorte/weissenfels.astro
[2026-02-06T15:59:24.625Z] 10:59:24 [watch] src/pages/standorte/weissenfels.astro
[2026-02-06T15:59:24.625Z] 10:59:24 [watch] src/pages/standorte/zeitz.astro
[2026-02-06T15:59:24.626Z] 10:59:24 [watch] src/pages/standorte/zeitz.astro
[2026-02-06T15:59:24.626Z] 10:59:24 [watch] src/pages/stromspeicher.astro
[2026-02-06T15:59:24.626Z] 10:59:24 [watch] src/pages/stromspeicher.astro
[2026-02-06T15:59:24.626Z] 10:59:24 [watch] src/pages/ueber-uns.astro
[2026-02-06T15:59:24.627Z] 10:59:24 [watch] src/pages/ueber-uns.astro
[2026-02-06T15:59:24.627Z] 10:59:24 [watch] src/pages/wallbox-leipzig.astro
[2026-02-06T15:59:24.627Z] 10:59:24 [watch] src/pages/wallbox-leipzig.astro
[2026-02-06T15:59:24.628Z] 10:59:24 [watch] src/pages/wallbox.astro
[2026-02-06T15:59:24.628Z] 10:59:24 [watch] src/pages/wallbox.astro
[2026-02-06T15:59:26.959Z] 10:59:26 [200] / 978ms
[2026-02-06T15:59:26.961Z] 10:59:26 [200] / 79ms
[2026-02-06T15:59:27.109Z] 10:59:27 [200] / 32ms
[2026-02-06T15:59:28.184Z] 10:59:28 [watch] /src/styles/global.css
[2026-02-06T15:59:36.350Z] 10:59:36 Configuration file updated. Restarting...
[2026-02-06T15:59:36.635Z] 10:59:36 [content] Syncing content
[2026-02-06T15:59:36.664Z] 10:59:36 [content] Synced content
[2026-02-06T15:59:36.665Z] 10:59:36 [types] Generated 132ms
[2026-02-06T15:59:36.678Z] 10:59:36 [vite] Re-optimizing dependencies because vite config has changed
[2026-02-06T15:59:36.768Z] 10:59:36 [vite] changed tsconfig file detected: /home/ubuntu/senec-design/tsconfig.json - Clearing cache and forcing full-reload to ensure TypeScript is compiled with updated config values.
[2026-02-06T15:59:36.768Z] 10:59:36 Configuration file updated. Restarting...
[2026-02-06T15:59:36.939Z] 10:59:36 [ERROR] [vite] Error:   Failed to scan for dependencies from entries:
[2026-02-06T15:59:36.940Z] /home/ubuntu/senec-design/src/components/Breadcrumb.astro
[2026-02-06T15:59:36.941Z] /home/ubuntu/senec-design/src/components/CookieBanner.astro
[2026-02-06T15:59:36.941Z] /home/ubuntu/senec-design/src/components/ExitIntentPopup.astro
[2026-02-06T15:59:36.941Z] /home/ubuntu/senec-design/src/components/Footer.astro
[2026-02-06T15:59:36.942Z] /home/ubuntu/senec-design/src/components/GoogleReviews.astro
[2026-02-06T15:59:36.942Z] /home/ubuntu/senec-design/src/components/Header.astro
[2026-02-06T15:59:36.942Z] /home/ubuntu/senec-design/src/components/LocalBusinessSchema.astro
[2026-02-06T15:59:36.943Z] /home/ubuntu/senec-design/src/components/MultiStepForm.astro
[2026-02-06T15:59:36.943Z] /home/ubuntu/senec-design/src/components/SolarCalculator.tsx
[2026-02-06T15:59:36.943Z] /home/ubuntu/senec-design/src/components/StandorteMap.astro
[2026-02-06T15:59:36.944Z] /home/ubuntu/senec-design/src/layouts/Layout.astro
[2026-02-06T15:59:36.944Z] /home/ubuntu/senec-design/src/pages/admin.astro
[2026-02-06T15:59:36.945Z] /home/ubuntu/senec-design/src/pages/agb.astro
[2026-02-06T15:59:36.945Z] /home/ubuntu/senec-design/src/pages/analytics.astro
[2026-02-06T15:59:36.945Z] /home/ubuntu/senec-design/src/pages/blog.astro
[2026-02-06T15:59:36.946Z] /home/ubuntu/senec-design/src/pages/dashboard.astro
[2026-02-06T15:59:36.946Z] /home/ubuntu/senec-design/src/pages/datenschutz.astro
[2026-02-06T15:59:36.946Z] /home/ubuntu/senec-design/src/pages/faq.astro
[2026-02-06T15:59:36.946Z] /home/ubuntu/senec-design/src/pages/gewerbe-photovoltaik-leipzig.astro
[2026-02-06T15:59:36.947Z] /home/ubuntu/senec-design/src/pages/gewerbe.astro
[2026-02-06T15:59:36.947Z] /home/ubuntu/senec-design/src/pages/heizung.astro
[2026-02-06T15:59:36.947Z] /home/ubuntu/senec-design/src/pages/impressum.astro
[2026-02-06T15:59:36.948Z] /home/ubuntu/senec-design/src/pages/index.astro
[2026-02-06T15:59:36.948Z] /home/ubuntu/senec-design/src/pages/kontakt.astro
[2026-02-06T15:59:36.948Z] /home/ubuntu/senec-design/src/pages/privat.astro
[2026-02-06T15:59:36.948Z] /home/ubuntu/senec-design/src/pages/pv-reinigung-leipzig.astro
[2026-02-06T15:59:36.949Z] /home/ubuntu/senec-design/src/pages/pv-wartung-leipzig.astro
[2026-02-06T15:59:36.949Z] /home/ubuntu/senec-design/src/pages/ratgeber.astro
[2026-02-06T15:59:36.949Z] /home/ubuntu/senec-design/src/pages/referenzen.astro
[2026-02-06T15:59:36.949Z] /home/ubuntu/senec-design/src/pages/seo.astro
[2026-02-06T15:59:36.950Z] /home/ubuntu/senec-design/src/pages/service.astro
[2026-02-06T15:59:36.950Z] /home/ubuntu/senec-design/src/pages/solaranlage-leipzig.astro
[2026-02-06T15:59:36.950Z] /home/ubuntu/senec-design/src/pages/solarmanager.astro
[2026-02-06T15:59:36.950Z] /home/ubuntu/senec-design/src/pages/solarpark-betreuung.astro
[2026-02-06T15:59:36.951Z] /home/ubuntu/senec-design/src/pages/standorte.astro
[2026-02-06T15:59:36.951Z] /home/ubuntu/senec-design/src/pages/stromspeicher.astro
[2026-02-06T15:59:36.951Z] /home/ubuntu/senec-design/src/pages/ueber-uns.astro
[2026-02-06T15:59:36.952Z] /home/ubuntu/senec-design/src/pages/wallbox-leipzig.astro
[2026-02-06T15:59:36.952Z] /home/ubuntu/senec-design/src/pages/wallbox.astro
[2026-02-06T15:59:36.952Z] /home/ubuntu/senec-design/src/components/ui/button.tsx
[2026-02-06T15:59:36.953Z] /home/ubuntu/senec-design/src/components/ui/card.tsx
[2026-02-06T15:59:36.953Z] /home/ubuntu/senec-design/src/components/ui/dialog.tsx
[2026-02-06T15:59:36.953Z] /home/ubuntu/senec-design/src/components/ui/input.tsx
[2026-02-06T15:59:36.953Z] /home/ubuntu/senec-design/src/components/ui/label.tsx
[2026-02-06T15:59:36.954Z] /home/ubuntu/senec-design/src/components/ui/slider.tsx
[2026-02-06T15:59:36.954Z] /home/ubuntu/senec-design/src/components/ui/switch.tsx
[2026-02-06T15:59:36.954Z] /home/ubuntu/senec-design/src/components/ui/tooltip.tsx
[2026-02-06T15:59:36.954Z] /home/ubuntu/senec-design/src/pages/dashboard/cta-tracking.astro
[2026-02-06T15:59:36.955Z] /home/ubuntu/senec-design/src/pages/blog/fehler-solarkauf.astro
[2026-02-06T15:59:36.955Z] /home/ubuntu/senec-design/src/pages/blog/neue-speicher-technologien-2026.astro
[2026-02-06T15:59:36.955Z] /home/ubuntu/senec-design/src/pages/blog/photovoltaik-foerderung-2026.astro
[2026-02-06T15:59:36.956Z] /home/ubuntu/senec-design/src/pages/blog/photovoltaik-kosten-2026.astro
[2026-02-06T15:59:36.956Z] /home/ubuntu/senec-design/src/pages/blog/solar-leipzig.astro
[2026-02-06T15:59:36.956Z] /home/ubuntu/senec-design/src/pages/blog/solaranlage-wartung.astro
[2026-02-06T15:59:36.957Z] /home/ubuntu/senec-design/src/pages/blog/stromspeicher-2026-lohnt-sich.astro
[2026-02-06T15:59:36.957Z] /home/ubuntu/senec-design/src/pages/blog/stromspeicher-nachruesten.astro
[2026-02-06T15:59:36.957Z] /home/ubuntu/senec-design/src/pages/blog/stromspeicher-vergleich-2026.astro
[2026-02-06T15:59:36.958Z] /home/ubuntu/senec-design/src/pages/blog/wartungstipps-winter.astro
[2026-02-06T15:59:36.958Z] /home/ubuntu/senec-design/src/pages/ratgeber/foerderung.astro
[2026-02-06T15:59:36.958Z] /home/ubuntu/senec-design/src/pages/ratgeber/kosten.astro
[2026-02-06T15:59:36.959Z] /home/ubuntu/senec-design/src/pages/ratgeber/wirtschaftlichkeit.astro
[2026-02-06T15:59:36.959Z] /home/ubuntu/senec-design/src/pages/standorte/anhalt-bitterfeld.astro
[2026-02-06T15:59:36.959Z] /home/ubuntu/senec-design/src/pages/standorte/borna.astro
[2026-02-06T15:59:36.959Z] /home/ubuntu/senec-design/src/pages/standorte/burgenlandkreis.astro
[2026-02-06T15:59:36.960Z] /home/ubuntu/senec-design/src/pages/standorte/dresden.astro
[2026-02-06T15:59:36.960Z] /home/ubuntu/senec-design/src/pages/standorte/elbe-elster.astro
[2026-02-06T15:59:36.960Z] /home/ubuntu/senec-design/src/pages/standorte/erfurt.astro
[2026-02-06T15:59:36.961Z] /home/ubuntu/senec-design/src/pages/standorte/gera.astro
[2026-02-06T15:59:36.961Z] /home/ubuntu/senec-design/src/pages/standorte/grimma.astro
[2026-02-06T15:59:36.961Z] /home/ubuntu/senec-design/src/pages/standorte/halle.astro
[2026-02-06T15:59:36.961Z] /home/ubuntu/senec-design/src/pages/standorte/leipzig.astro
[2026-02-06T15:59:36.962Z] /home/ubuntu/senec-design/src/pages/standorte/magdeburg.astro
[2026-02-06T15:59:36.962Z] /home/ubuntu/senec-design/src/pages/standorte/naumburg.astro
[2026-02-06T15:59:36.962Z] /home/ubuntu/senec-design/src/pages/standorte/nordsachsen.astro
[2026-02-06T15:59:36.963Z] /home/ubuntu/senec-design/src/pages/standorte/photovoltaik-anbieter-leipzig.astro
[2026-02-06T15:59:36.963Z] /home/ubuntu/senec-design/src/pages/standorte/photovoltaik-delitzsch.astro
[2026-02-06T15:59:36.963Z] /home/ubuntu/senec-design/src/pages/standorte/photovoltaik-eilenburg.astro
[2026-02-06T15:59:36.963Z] /home/ubuntu/senec-design/src/pages/standorte/photovoltaik-firma-leipzig.astro
[2026-02-06T15:59:36.964Z] /home/ubuntu/senec-design/src/pages/standorte/photovoltaik-markkleeberg.astro
[2026-02-06T15:59:36.964Z] /home/ubuntu/senec-design/src/pages/standorte/photovoltaik-taucha.astro
[2026-02-06T15:59:36.964Z] /home/ubuntu/senec-design/src/pages/standorte/photovoltaik-wurzen.astro
[2026-02-06T15:59:36.964Z] /home/ubuntu/senec-design/src/pages/standorte/saalekreis.astro
[2026-02-06T15:59:36.965Z] /home/ubuntu/senec-design/src/pages/standorte/solaranlage-kaufen-leipzig.astro
[2026-02-06T15:59:36.965Z] /home/ubuntu/senec-design/src/pages/standorte/solaranlage-leipzig.astro
[2026-02-06T15:59:36.965Z] /home/ubuntu/senec-design/src/pages/standorte/solarteur-leipzig.astro
[2026-02-06T15:59:36.965Z] /home/ubuntu/senec-design/src/pages/standorte/stromspeicher-leipzig.astro
[2026-02-06T15:59:36.966Z] /home/ubuntu/senec-design/src/pages/standorte/wallbox-leipzig.astro
[2026-02-06T15:59:36.966Z] /home/ubuntu/senec-design/src/pages/standorte/weissenfels.astro
[2026-02-06T15:59:36.966Z] /home/ubuntu/senec-design/src/pages/standorte/zeitz.astro
[2026-02-06T15:59:36.967Z] 
[2026-02-06T15:59:36.967Z] [31m✘ [41;31m[[41;97mERROR[41;31m][0m [1mThe server is being restarted or closed. Request is outdated[0m [1m[35m[plugin vite:dep-scan][0m
[2026-02-06T15:59:36.967Z] 
[2026-02-06T15:59:36.967Z] node_modules/.pnpm/esbuild@0.25.12/node_modules/esbuild/lib/main.js:1217:27:
[2026-02-06T15:59:36.968Z] [37m      1217 │         let result = await [32m[37mcallback({
[2026-02-06T15:59:36.968Z] ╵                            [32m^[0m
[2026-02-06T15:59:36.968Z] 
[2026-02-06T15:59:36.969Z] at throwClosedServerError (file:///home/ubuntu/senec-design/node_modules/.pnpm/vite@6.4.1_@types+node@25.2.0_jiti@1.21.7_yaml@2.8.2/node_modules/vite/dist/node/chunks/dep-D4NMHUTW.js:42055:15)
[2026-02-06T15:59:36.969Z] at EnvironmentPluginContainer.resolveId (file:///home/ubuntu/senec-design/node_modules/.pnpm/vite@6.4.1_@types+node@25.2.0_jiti@1.21.7_yaml@2.8.2/node_modules/vite/dist/node/chunks/dep-D4NMHUTW.js:42234:9)
[2026-02-06T15:59:36.969Z] at resolveId (file:///home/ubuntu/senec-design/node_modules/.pnpm/vite@6.4.1_@types+node@25.2.0_jiti@1.21.7_yaml@2.8.2/node_modules/vite/dist/node/chunks/dep-D4NMHUTW.js:14314:40)
[2026-02-06T15:59:36.969Z] at resolve (file:///home/ubuntu/senec-design/node_modules/.pnpm/vite@6.4.1_@types+node@25.2.0_jiti@1.21.7_yaml@2.8.2/node_modules/vite/dist/node/chunks/dep-D4NMHUTW.js:14325:28)
[2026-02-06T15:59:36.970Z] at file:///home/ubuntu/senec-design/node_modules/.pnpm/vite@6.4.1_@types+node@25.2.0_jiti@1.21.7_yaml@2.8.2/node_modules/vite/dist/node/chunks/dep-D4NMHUTW.js:14380:32
[2026-02-06T15:59:36.970Z] at requestCallbacks.on-resolve (/home/ubuntu/senec-design/node_modules/.pnpm/esbuild@0.25.12/node_modules/esbuild/lib/main.js:1217:28)
[2026-02-06T15:59:36.970Z] at handleRequest (/home/ubuntu/senec-design/node_modules/.pnpm/esbuild@0.25.12/node_modules/esbuild/lib/main.js:628:17)
[2026-02-06T15:59:36.971Z] at handleIncomingPacket (/home/ubuntu/senec-design/node_modules/.pnpm/esbuild@0.25.12/node_modules/esbuild/lib/main.js:653:7)
[2026-02-06T15:59:36.971Z] at Socket.readFromStdout (/home/ubuntu/senec-design/node_modules/.pnpm/esbuild@0.25.12/node_modules/esbuild/lib/main.js:581:7)
[2026-02-06T15:59:36.971Z] at Socket.emit (node:events:524:28)
[2026-02-06T15:59:36.971Z] 
[2026-02-06T15:59:36.972Z] This error came from the "onResolve" callback registered here:
[2026-02-06T15:59:36.972Z] 
[2026-02-06T15:59:36.972Z] node_modules/.pnpm/esbuild@0.25.12/node_modules/esbuild/lib/main.js:1141:20:
[2026-02-06T15:59:36.972Z] [37m      1141 │       let promise = [32m[37msetup({
[2026-02-06T15:59:36.973Z] ╵                     [32m^[0m
[2026-02-06T15:59:36.973Z] 
[2026-02-06T15:59:36.973Z] at setup (file:///home/ubuntu/senec-design/node_modules/.pnpm/vite@6.4.1_@types+node@25.2.0_jiti@1.21.7_yaml@2.8.2/node_modules/vite/dist/node/chunks/dep-D4NMHUTW.js:14379:13)
[2026-02-06T15:59:36.973Z] at handlePlugins (/home/ubuntu/senec-design/node_modules/.pnpm/esbuild@0.25.12/node_modules/esbuild/lib/main.js:1141:21)
[2026-02-06T15:59:36.974Z] at buildOrContextImpl (/home/ubuntu/senec-design/node_modules/.pnpm/esbuild@0.25.12/node_modules/esbuild/lib/main.js:854:5)
[2026-02-06T15:59:36.974Z] at Object.buildOrContext (/home/ubuntu/senec-design/node_modules/.pnpm/esbuild@0.25.12/node_modules/esbuild/lib/main.js:680:5)
[2026-02-06T15:59:36.974Z] at /home/ubuntu/senec-design/node_modules/.pnpm/esbuild@0.25.12/node_modules/esbuild/lib/main.js:2035:68
[2026-02-06T15:59:36.975Z] at new Promise (<anonymous>)
[2026-02-06T15:59:36.975Z] at Object.context (/home/ubuntu/senec-design/node_modules/.pnpm/esbuild@0.25.12/node_modules/esbuild/lib/main.js:2035:27)
[2026-02-06T15:59:36.975Z] at Object.context (/home/ubuntu/senec-design/node_modules/.pnpm/esbuild@0.25.12/node_modules/esbuild/lib/main.js:1877:58)
[2026-02-06T15:59:36.976Z] at prepareEsbuildScanner (file:///home/ubuntu/senec-design/node_modules/.pnpm/vite@6.4.1_@types+node@25.2.0_jiti@1.21.7_yaml@2.8.2/node_modules/vite/dist/node/chunks/dep-D4NMHUTW.js:14266:24)
[2026-02-06T15:59:36.976Z] 
[2026-02-06T15:59:36.976Z] The plugin "vite:dep-scan" was triggered by this import
[2026-02-06T15:59:36.976Z] 
[2026-02-06T15:59:36.977Z] <stdin>:15:7:
[2026-02-06T15:59:36.977Z] [37m      15 │ import [32m"/home/ubuntu/senec-design/src/pages/blog.astro"[37m
[2026-02-06T15:59:36.977Z] ╵        [32m~~~~~~~~~~~~~~~~~~~~~~~~~~~~~~~~~~~~~~~~~~~~~~~~[0m
[2026-02-06T15:59:36.977Z] 
[2026-02-06T15:59:36.978Z] 
[2026-02-06T15:59:36.978Z] [31m✘ [41;31m[[41;97mERROR[41;31m][0m [1mThe server is being restarted or closed. Request is outdated[0m [1m[35m[plugin vite:dep-scan][0m
[2026-02-06T15:59:36.978Z] 
[2026-02-06T15:59:36.978Z] node_modules/.pnpm/esbuild@0.25.12/node_modules/esbuild/lib/main.js:1217:27:
[2026-02-06T15:59:36.979Z] [37m      1217 │         let result = await [32m[37mcallback({
[2026-02-06T15:59:36.979Z] ╵                            [32m^[0m
[2026-02-06T15:59:36.979Z] 
[2026-02-06T15:59:36.979Z] at throwClosedServerError (file:///home/ubuntu/senec-design/node_modules/.pnpm/vite@6.4.1_@types+node@25.2.0_jiti@1.21.7_yaml@2.8.2/node_modules/vite/dist/node/chunks/dep-D4NMHUTW.js:42055:15)
[2026-02-06T15:59:36.980Z] at EnvironmentPluginContainer.resolveId (file:///home/ubuntu/senec-design/node_modules/.pnpm/vite@6.4.1_@types+node@25.2.0_jiti@1.21.7_yaml@2.8.2/node_modules/vite/dist/node/chunks/dep-D4NMHUTW.js:42234:9)
[2026-02-06T15:59:36.980Z] at resolveId (file:///home/ubuntu/senec-design/node_modules/.pnpm/vite@6.4.1_@types+node@25.2.0_jiti@1.21.7_yaml@2.8.2/node_modules/vite/dist/node/chunks/dep-D4NMHUTW.js:14314:40)
[2026-02-06T15:59:36.980Z] at resolve (file:///home/ubuntu/senec-design/node_modules/.pnpm/vite@6.4.1_@types+node@25.2.0_jiti@1.21.7_yaml@2.8.2/node_modules/vite/dist/node/chunks/dep-D4NMHUTW.js:14325:28)
[2026-02-06T15:59:36.981Z] at file:///home/ubuntu/senec-design/node_modules/.pnpm/vite@6.4.1_@types+node@25.2.0_jiti@1.21.7_yaml@2.8.2/node_modules/vite/dist/node/chunks/dep-D4NMHUTW.js:14380:32
[2026-02-06T15:59:36.981Z] at requestCallbacks.on-resolve (/home/ubuntu/senec-design/node_modules/.pnpm/esbuild@0.25.12/node_modules/esbuild/lib/main.js:1217:28)
[2026-02-06T15:59:36.981Z] at handleRequest (/home/ubuntu/senec-design/node_modules/.pnpm/esbuild@0.25.12/node_modules/esbuild/lib/main.js:628:17)
[2026-02-06T15:59:36.983Z] at handleIncomingPacket (/home/ubuntu/senec-design/node_modules/.pnpm/esbuild@0.25.12/node_modules/esbuild/lib/main.js:653:7)
[2026-02-06T15:59:36.983Z] at Socket.readFromStdout (/home/ubuntu/senec-design/node_modules/.pnpm/esbuild@0.25.12/node_modules/esbuild/lib/main.js:581:7)
[2026-02-06T15:59:36.983Z] at Socket.emit (node:events:524:28)
[2026-02-06T15:59:36.984Z] 
[2026-02-06T15:59:36.984Z] This error came from the "onResolve" callback registered here:
[2026-02-06T15:59:36.984Z] 
[2026-02-06T15:59:36.984Z] node_modules/.pnpm/esbuild@0.25.12/node_modules/esbuild/lib/main.js:1141:20:
[2026-02-06T15:59:36.985Z] [37m      1141 │       let promise = [32m[37msetup({
[2026-02-06T15:59:36.985Z] ╵                     [32m^[0m
[2026-02-06T15:59:36.985Z] 
[2026-02-06T15:59:36.986Z] at setup (file:///home/ubuntu/senec-design/node_modules/.pnpm/vite@6.4.1_@types+node@25.2.0_jiti@1.21.7_yaml@2.8.2/node_modules/vite/dist/node/chunks/dep-D4NMHUTW.js:14379:13)
[2026-02-06T15:59:36.986Z] at handlePlugins (/home/ubuntu/senec-design/node_modules/.pnpm/esbuild@0.25.12/node_modules/esbuild/lib/main.js:1141:21)
[2026-02-06T15:59:36.986Z] at buildOrContextImpl (/home/ubuntu/senec-design/node_modules/.pnpm/esbuild@0.25.12/node_modules/esbuild/lib/main.js:854:5)
[2026-02-06T15:59:36.987Z] at Object.buildOrContext (/home/ubuntu/senec-design/node_modules/.pnpm/esbuild@0.25.12/node_modules/esbuild/lib/main.js:680:5)
[2026-02-06T15:59:36.987Z] at /home/ubuntu/senec-design/node_modules/.pnpm/esbuild@0.25.12/node_modules/esbuild/lib/main.js:2035:68
[2026-02-06T15:59:36.987Z] at new Promise (<anonymous>)
[2026-02-06T15:59:36.988Z] at Object.context (/home/ubuntu/senec-design/node_modules/.pnpm/esbuild@0.25.12/node_modules/esbuild/lib/main.js:2035:27)
[2026-02-06T15:59:36.988Z] at Object.context (/home/ubuntu/senec-design/node_modules/.pnpm/esbuild@0.25.12/node_modules/esbuild/lib/main.js:1877:58)
[2026-02-06T15:59:36.988Z] at prepareEsbuildScanner (file:///home/ubuntu/senec-design/node_modules/.pnpm/vite@6.4.1_@types+node@25.2.0_jiti@1.21.7_yaml@2.8.2/node_modules/vite/dist/node/chunks/dep-D4NMHUTW.js:14266:24)
[2026-02-06T15:59:36.988Z] 
[2026-02-06T15:59:36.989Z] The plugin "vite:dep-scan" was triggered by this import
[2026-02-06T15:59:36.989Z] 
[2026-02-06T15:59:36.989Z] <stdin>:16:7:
[2026-02-06T15:59:36.990Z] [37m      16 │ import [32m"/home/ubuntu/senec-design/src/pages/dashboard.astro"[37m
[2026-02-06T15:59:36.990Z] ╵        [32m~~~~~~~~~~~~~~~~~~~~~~~~~~~~~~~~~~~~~~~~~~~~~~~~~~~~~[0m
[2026-02-06T15:59:36.990Z] 
[2026-02-06T15:59:36.990Z] 
[2026-02-06T15:59:36.991Z] [31m✘ [41;31m[[41;97mERROR[41;31m][0m [1mThe server is being restarted or closed. Request is outdated[0m [1m[35m[plugin vite:dep-scan][0m
[2026-02-06T15:59:36.991Z] 
[2026-02-06T15:59:36.991Z] node_modules/.pnpm/esbuild@0.25.12/node_modules/esbuild/lib/main.js:1217:27:
[2026-02-06T15:59:36.992Z] [37m      1217 │         let result = await [32m[37mcallback({
[2026-02-06T15:59:36.992Z] ╵                            [32m^[0m
[2026-02-06T15:59:36.992Z] 
[2026-02-06T15:59:36.993Z] at throwClosedServerError (file:///home/ubuntu/senec-design/node_modules/.pnpm/vite@6.4.1_@types+node@25.2.0_jiti@1.21.7_yaml@2.8.2/node_modules/vite/dist/node/chunks/dep-D4NMHUTW.js:42055:15)
[2026-02-06T15:59:36.993Z] at EnvironmentPluginContainer.resolveId (file:///home/ubuntu/senec-design/node_modules/.pnpm/vite@6.4.1_@types+node@25.2.0_jiti@1.21.7_yaml@2.8.2/node_modules/vite/dist/node/chunks/dep-D4NMHUTW.js:42234:9)
[2026-02-06T15:59:36.993Z] at resolveId (file:///home/ubuntu/senec-design/node_modules/.pnpm/vite@6.4.1_@types+node@25.2.0_jiti@1.21.7_yaml@2.8.2/node_modules/vite/dist/node/chunks/dep-D4NMHUTW.js:14314:40)
[2026-02-06T15:59:36.994Z] at resolve (file:///home/ubuntu/senec-design/node_modules/.pnpm/vite@6.4.1_@types+node@25.2.0_jiti@1.21.7_yaml@2.8.2/node_modules/vite/dist/node/chunks/dep-D4NMHUTW.js:14325:28)
[2026-02-06T15:59:36.994Z] at file:///home/ubuntu/senec-design/node_modules/.pnpm/vite@6.4.1_@types+node@25.2.0_jiti@1.21.7_yaml@2.8.2/node_modules/vite/dist/node/chunks/dep-D4NMHUTW.js:14380:32
[2026-02-06T15:59:36.994Z] at requestCallbacks.on-resolve (/home/ubuntu/senec-design/node_modules/.pnpm/esbuild@0.25.12/node_modules/esbuild/lib/main.js:1217:28)
[2026-02-06T15:59:36.994Z] at handleRequest (/home/ubuntu/senec-design/node_modules/.pnpm/esbuild@0.25.12/node_modules/esbuild/lib/main.js:628:17)
[2026-02-06T15:59:36.995Z] at handleIncomingPacket (/home/ubuntu/senec-design/node_modules/.pnpm/esbuild@0.25.12/node_modules/esbuild/lib/main.js:653:7)
[2026-02-06T15:59:36.995Z] at Socket.readFromStdout (/home/ubuntu/senec-design/node_modules/.pnpm/esbuild@0.25.12/node_modules/esbuild/lib/main.js:581:7)
[2026-02-06T15:59:36.995Z] at Socket.emit (node:events:524:28)
[2026-02-06T15:59:36.995Z] 
[2026-02-06T15:59:36.996Z] This error came from the "onResolve" callback registered here:
[2026-02-06T15:59:36.996Z] 
[2026-02-06T15:59:36.996Z] node_modules/.pnpm/esbuild@0.25.12/node_modules/esbuild/lib/main.js:1141:20:
[2026-02-06T15:59:36.997Z] [37m      1141 │       let promise = [32m[37msetup({
[2026-02-06T15:59:36.997Z] ╵                     [32m^[0m
[2026-02-06T15:59:36.997Z] 
[2026-02-06T15:59:36.997Z] at setup (file:///home/ubuntu/senec-design/node_modules/.pnpm/vite@6.4.1_@types+node@25.2.0_jiti@1.21.7_yaml@2.8.2/node_modules/vite/dist/node/chunks/dep-D4NMHUTW.js:14379:13)
[2026-02-06T15:59:36.998Z] at handlePlugins (/home/ubuntu/senec-design/node_modules/.pnpm/esbuild@0.25.12/node_modules/esbuild/lib/main.js:1141:21)
[2026-02-06T15:59:36.998Z] at buildOrContextImpl (/home/ubuntu/senec-design/node_modules/.pnpm/esbuild@0.25.12/node_modules/esbuild/lib/main.js:854:5)
[2026-02-06T15:59:36.998Z] at Object.buildOrContext (/home/ubuntu/senec-design/node_modules/.pnpm/esbuild@0.25.12/node_modules/esbuild/lib/main.js:680:5)
[2026-02-06T15:59:36.999Z] at /home/ubuntu/senec-design/node_modules/.pnpm/esbuild@0.25.12/node_modules/esbuild/lib/main.js:2035:68
[2026-02-06T15:59:36.999Z] at new Promise (<anonymous>)
[2026-02-06T15:59:36.999Z] at Object.context (/home/ubuntu/senec-design/node_modules/.pnpm/esbuild@0.25.12/node_modules/esbuild/lib/main.js:2035:27)
[2026-02-06T15:59:36.999Z] at Object.context (/home/ubuntu/senec-design/node_modules/.pnpm/esbuild@0.25.12/node_modules/esbuild/lib/main.js:1877:58)
[2026-02-06T15:59:37.000Z] at prepareEsbuildScanner (file:///home/ubuntu/senec-design/node_modules/.pnpm/vite@6.4.1_@types+node@25.2.0_jiti@1.21.7_yaml@2.8.2/node_modules/vite/dist/node/chunks/dep-D4NMHUTW.js:14266:24)
[2026-02-06T15:59:37.000Z] 
[2026-02-06T15:59:37.000Z] The plugin "vite:dep-scan" was triggered by this import
[2026-02-06T15:59:37.001Z] 
[2026-02-06T15:59:37.001Z] <stdin>:17:7:
[2026-02-06T15:59:37.001Z] [37m      17 │ import [32m"/home/ubuntu/senec-design/src/pages/datenschutz.astro"[37m
[2026-02-06T15:59:37.001Z] ╵        [32m~~~~~~~~~~~~~~~~~~~~~~~~~~~~~~~~~~~~~~~~~~~~~~~~~~~~~~~[0m
[2026-02-06T15:59:37.002Z] 
[2026-02-06T15:59:37.002Z] 
[2026-02-06T15:59:37.002Z] [31m✘ [41;31m[[41;97mERROR[41;31m][0m [1mThe server is being restarted or closed. Request is outdated[0m [1m[35m[plugin vite:dep-scan][0m
[2026-02-06T15:59:37.002Z] 
[2026-02-06T15:59:37.003Z] node_modules/.pnpm/esbuild@0.25.12/node_modules/esbuild/lib/main.js:1217:27:
[2026-02-06T15:59:37.003Z] [37m      1217 │         let result = await [32m[37mcallback({
[2026-02-06T15:59:37.003Z] ╵                            [32m^[0m
[2026-02-06T15:59:37.004Z] 
[2026-02-06T15:59:37.004Z] at throwClosedServerError (file:///home/ubuntu/senec-design/node_modules/.pnpm/vite@6.4.1_@types+node@25.2.0_jiti@1.21.7_yaml@2.8.2/node_modules/vite/dist/node/chunks/dep-D4NMHUTW.js:42055:15)
[2026-02-06T15:59:37.004Z] at EnvironmentPluginContainer.resolveId (file:///home/ubuntu/senec-design/node_modules/.pnpm/vite@6.4.1_@types+node@25.2.0_jiti@1.21.7_yaml@2.8.2/node_modules/vite/dist/node/chunks/dep-D4NMHUTW.js:42234:9)
[2026-02-06T15:59:37.005Z] at resolveId (file:///home/ubuntu/senec-design/node_modules/.pnpm/vite@6.4.1_@types+node@25.2.0_jiti@1.21.7_yaml@2.8.2/node_modules/vite/dist/node/chunks/dep-D4NMHUTW.js:14314:40)
[2026-02-06T15:59:37.005Z] at resolve (file:///home/ubuntu/senec-design/node_modules/.pnpm/vite@6.4.1_@types+node@25.2.0_jiti@1.21.7_yaml@2.8.2/node_modules/vite/dist/node/chunks/dep-D4NMHUTW.js:14325:28)
[2026-02-06T15:59:37.005Z] at file:///home/ubuntu/senec-design/node_modules/.pnpm/vite@6.4.1_@types+node@25.2.0_jiti@1.21.7_yaml@2.8.2/node_modules/vite/dist/node/chunks/dep-D4NMHUTW.js:14380:32
[2026-02-06T15:59:37.006Z] at requestCallbacks.on-resolve (/home/ubuntu/senec-design/node_modules/.pnpm/esbuild@0.25.12/node_modules/esbuild/lib/main.js:1217:28)
[2026-02-06T15:59:37.006Z] at handleRequest (/home/ubuntu/senec-design/node_modules/.pnpm/esbuild@0.25.12/node_modules/esbuild/lib/main.js:628:17)
[2026-02-06T15:59:37.006Z] at handleIncomingPacket (/home/ubuntu/senec-design/node_modules/.pnpm/esbuild@0.25.12/node_modules/esbuild/lib/main.js:653:7)
[2026-02-06T15:59:37.006Z] at Socket.readFromStdout (/home/ubuntu/senec-design/node_modules/.pnpm/esbuild@0.25.12/node_modules/esbuild/lib/main.js:581:7)
[2026-02-06T15:59:37.007Z] at Socket.emit (node:events:524:28)
[2026-02-06T15:59:37.007Z] 
[2026-02-06T15:59:37.007Z] This error came from the "onResolve" callback registered here:
[2026-02-06T15:59:37.008Z] 
[2026-02-06T15:59:37.008Z] node_modules/.pnpm/esbuild@0.25.12/node_modules/esbuild/lib/main.js:1141:20:
[2026-02-06T15:59:37.008Z] [37m      1141 │       let promise = [32m[37msetup({
[2026-02-06T15:59:37.009Z] ╵                     [32m^[0m
[2026-02-06T15:59:37.009Z] 
[2026-02-06T15:59:37.009Z] at setup (file:///home/ubuntu/senec-design/node_modules/.pnpm/vite@6.4.1_@types+node@25.2.0_jiti@1.21.7_yaml@2.8.2/node_modules/vite/dist/node/chunks/dep-D4NMHUTW.js:14379:13)
[2026-02-06T15:59:37.009Z] at handlePlugins (/home/ubuntu/senec-design/node_modules/.pnpm/esbuild@0.25.12/node_modules/esbuild/lib/main.js:1141:21)
[2026-02-06T15:59:37.010Z] at buildOrContextImpl (/home/ubuntu/senec-design/node_modules/.pnpm/esbuild@0.25.12/node_modules/esbuild/lib/main.js:854:5)
[2026-02-06T15:59:37.010Z] at Object.buildOrContext (/home/ubuntu/senec-design/node_modules/.pnpm/esbuild@0.25.12/node_modules/esbuild/lib/main.js:680:5)
[2026-02-06T15:59:37.010Z] at /home/ubuntu/senec-design/node_modules/.pnpm/esbuild@0.25.12/node_modules/esbuild/lib/main.js:2035:68
[2026-02-06T15:59:37.011Z] at new Promise (<anonymous>)
[2026-02-06T15:59:37.011Z] at Object.context (/home/ubuntu/senec-design/node_modules/.pnpm/esbuild@0.25.12/node_modules/esbuild/lib/main.js:2035:27)
[2026-02-06T15:59:37.011Z] at Object.context (/home/ubuntu/senec-design/node_modules/.pnpm/esbuild@0.25.12/node_modules/esbuild/lib/main.js:1877:58)
[2026-02-06T15:59:37.011Z] at prepareEsbuildScanner (file:///home/ubuntu/senec-design/node_modules/.pnpm/vite@6.4.1_@types+node@25.2.0_jiti@1.21.7_yaml@2.8.2/node_modules/vite/dist/node/chunks/dep-D4NMHUTW.js:14266:24)
[2026-02-06T15:59:37.012Z] 
[2026-02-06T15:59:37.012Z] The plugin "vite:dep-scan" was triggered by this import
[2026-02-06T15:59:37.012Z] 
[2026-02-06T15:59:37.012Z] <stdin>:18:7:
[2026-02-06T15:59:37.013Z] [37m      18 │ import [32m"/home/ubuntu/senec-design/src/pages/faq.astro"[37m
[2026-02-06T15:59:37.013Z] ╵        [32m~~~~~~~~~~~~~~~~~~~~~~~~~~~~~~~~~~~~~~~~~~~~~~~[0m
[2026-02-06T15:59:37.013Z] 
[2026-02-06T15:59:37.013Z] 
[2026-02-06T15:59:37.014Z] [31m✘ [41;31m[[41;97mERROR[41;31m][0m [1mThe server is being restarted or closed. Request is outdated[0m [1m[35m[plugin vite:dep-scan][0m
[2026-02-06T15:59:37.014Z] 
[2026-02-06T15:59:37.014Z] node_modules/.pnpm/esbuild@0.25.12/node_modules/esbuild/lib/main.js:1217:27:
[2026-02-06T15:59:37.015Z] [37m      1217 │         let result = await [32m[37mcallback({
[2026-02-06T15:59:37.015Z] ╵                            [32m^[0m
[2026-02-06T15:59:37.015Z] 
[2026-02-06T15:59:37.016Z] at throwClosedServerError (file:///home/ubuntu/senec-design/node_modules/.pnpm/vite@6.4.1_@types+node@25.2.0_jiti@1.21.7_yaml@2.8.2/node_modules/vite/dist/node/chunks/dep-D4NMHUTW.js:42055:15)
[2026-02-06T15:59:37.016Z] at EnvironmentPluginContainer.resolveId (file:///home/ubuntu/senec-design/node_modules/.pnpm/vite@6.4.1_@types+node@25.2.0_jiti@1.21.7_yaml@2.8.2/node_modules/vite/dist/node/chunks/dep-D4NMHUTW.js:42234:9)
[2026-02-06T15:59:37.016Z] at resolveId (file:///home/ubuntu/senec-design/node_modules/.pnpm/vite@6.4.1_@types+node@25.2.0_jiti@1.21.7_yaml@2.8.2/node_modules/vite/dist/node/chunks/dep-D4NMHUTW.js:14314:40)
[2026-02-06T15:59:37.016Z] at resolve (file:///home/ubuntu/senec-design/node_modules/.pnpm/vite@6.4.1_@types+node@25.2.0_jiti@1.21.7_yaml@2.8.2/node_modules/vite/dist/node/chunks/dep-D4NMHUTW.js:14325:28)
[2026-02-06T15:59:37.017Z] at file:///home/ubuntu/senec-design/node_modules/.pnpm/vite@6.4.1_@types+node@25.2.0_jiti@1.21.7_yaml@2.8.2/node_modules/vite/dist/node/chunks/dep-D4NMHUTW.js:14380:32
[2026-02-06T15:59:37.017Z] at requestCallbacks.on-resolve (/home/ubuntu/senec-design/node_modules/.pnpm/esbuild@0.25.12/node_modules/esbuild/lib/main.js:1217:28)
[2026-02-06T15:59:37.017Z] at handleRequest (/home/ubuntu/senec-design/node_modules/.pnpm/esbuild@0.25.12/node_modules/esbuild/lib/main.js:628:17)
[2026-02-06T15:59:37.017Z] at handleIncomingPacket (/home/ubuntu/senec-design/node_modules/.pnpm/esbuild@0.25.12/node_modules/esbuild/lib/main.js:653:7)
[2026-02-06T15:59:37.018Z] at Socket.readFromStdout (/home/ubuntu/senec-design/node_modules/.pnpm/esbuild@0.25.12/node_modules/esbuild/lib/main.js:581:7)
[2026-02-06T15:59:37.018Z] at Socket.emit (node:events:524:28)
[2026-02-06T15:59:37.018Z] 
[2026-02-06T15:59:37.018Z] This error came from the "onResolve" callback registered here:
[2026-02-06T15:59:37.019Z] 
[2026-02-06T15:59:37.019Z] node_modules/.pnpm/esbuild@0.25.12/node_modules/esbuild/lib/main.js:1141:20:
[2026-02-06T15:59:37.019Z] [37m      1141 │       let promise = [32m[37msetup({
[2026-02-06T15:59:37.020Z] ╵                     [32m^[0m
[2026-02-06T15:59:37.020Z] 
[2026-02-06T15:59:37.020Z] at setup (file:///home/ubuntu/senec-design/node_modules/.pnpm/vite@6.4.1_@types+node@25.2.0_jiti@1.21.7_yaml@2.8.2/node_modules/vite/dist/node/chunks/dep-D4NMHUTW.js:14379:13)
[2026-02-06T15:59:37.020Z] at handlePlugins (/home/ubuntu/senec-design/node_modules/.pnpm/esbuild@0.25.12/node_modules/esbuild/lib/main.js:1141:21)
[2026-02-06T15:59:37.021Z] at buildOrContextImpl (/home/ubuntu/senec-design/node_modules/.pnpm/esbuild@0.25.12/node_modules/esbuild/lib/main.js:854:5)
[2026-02-06T15:59:37.021Z] at Object.buildOrContext (/home/ubuntu/senec-design/node_modules/.pnpm/esbuild@0.25.12/node_modules/esbuild/lib/main.js:680:5)
[2026-02-06T15:59:37.021Z] at /home/ubuntu/senec-design/node_modules/.pnpm/esbuild@0.25.12/node_modules/esbuild/lib/main.js:2035:68
[2026-02-06T15:59:37.022Z] at new Promise (<anonymous>)
[2026-02-06T15:59:37.022Z] at Object.context (/home/ubuntu/senec-design/node_modules/.pnpm/esbuild@0.25.12/node_modules/esbuild/lib/main.js:2035:27)
[2026-02-06T15:59:37.022Z] at Object.context (/home/ubuntu/senec-design/node_modules/.pnpm/esbuild@0.25.12/node_modules/esbuild/lib/main.js:1877:58)
[2026-02-06T15:59:37.023Z] at prepareEsbuildScanner (file:///home/ubuntu/senec-design/node_modules/.pnpm/vite@6.4.1_@types+node@25.2.0_jiti@1.21.7_yaml@2.8.2/node_modules/vite/dist/node/chunks/dep-D4NMHUTW.js:14266:24)
[2026-02-06T15:59:37.023Z] 
[2026-02-06T15:59:37.023Z] The plugin "vite:dep-scan" was triggered by this import
[2026-02-06T15:59:37.024Z] 
[2026-02-06T15:59:37.024Z] <stdin>:19:7:
[2026-02-06T15:59:37.024Z] [37m      19 │ import [32m"/home/ubuntu/senec-design/src/pages/gewerbe-photovoltaik-l[37m...
[2026-02-06T15:59:37.024Z] ╵        [32m~~~~~~~~~~~~~~~~~~~~~~~~~~~~~~~~~~~~~~~~~~~~~~~~~~~~~~~~~~~[0m
[2026-02-06T15:59:37.025Z] 
[2026-02-06T15:59:37.025Z] 
[2026-02-06T15:59:37.025Z] [31m✘ [41;31m[[41;97mERROR[41;31m][0m [1mThe server is being restarted or closed. Request is outdated[0m [1m[35m[plugin vite:dep-scan][0m
[2026-02-06T15:59:37.025Z] 
[2026-02-06T15:59:37.026Z] node_modules/.pnpm/esbuild@0.25.12/node_modules/esbuild/lib/main.js:1217:27:
[2026-02-06T15:59:37.026Z] [37m      1217 │         let result = await [32m[37mcallback({
[2026-02-06T15:59:37.026Z] ╵                            [32m^[0m
[2026-02-06T15:59:37.026Z] 
[2026-02-06T15:59:37.027Z] at throwClosedServerError (file:///home/ubuntu/senec-design/node_modules/.pnpm/vite@6.4.1_@types+node@25.2.0_jiti@1.21.7_yaml@2.8.2/node_modules/vite/dist/node/chunks/dep-D4NMHUTW.js:42055:15)
[2026-02-06T15:59:37.027Z] at EnvironmentPluginContainer.resolveId (file:///home/ubuntu/senec-design/node_modules/.pnpm/vite@6.4.1_@types+node@25.2.0_jiti@1.21.7_yaml@2.8.2/node_modules/vite/dist/node/chunks/dep-D4NMHUTW.js:42234:9)
[2026-02-06T15:59:37.027Z] at resolveId (file:///home/ubuntu/senec-design/node_modules/.pnpm/vite@6.4.1_@types+node@25.2.0_jiti@1.21.7_yaml@2.8.2/node_modules/vite/dist/node/chunks/dep-D4NMHUTW.js:14314:40)
[2026-02-06T15:59:37.028Z] at resolve (file:///home/ubuntu/senec-design/node_modules/.pnpm/vite@6.4.1_@types+node@25.2.0_jiti@1.21.7_yaml@2.8.2/node_modules/vite/dist/node/chunks/dep-D4NMHUTW.js:14325:28)
[2026-02-06T15:59:37.028Z] at file:///home/ubuntu/senec-design/node_modules/.pnpm/vite@6.4.1_@types+node@25.2.0_jiti@1.21.7_yaml@2.8.2/node_modules/vite/dist/node/chunks/dep-D4NMHUTW.js:14380:32
[2026-02-06T15:59:37.028Z] at requestCallbacks.on-resolve (/home/ubuntu/senec-design/node_modules/.pnpm/esbuild@0.25.12/node_modules/esbuild/lib/main.js:1217:28)
[2026-02-06T15:59:37.029Z] at handleRequest (/home/ubuntu/senec-design/node_modules/.pnpm/esbuild@0.25.12/node_modules/esbuild/lib/main.js:628:17)
[2026-02-06T15:59:37.029Z] at handleIncomingPacket (/home/ubuntu/senec-design/node_modules/.pnpm/esbuild@0.25.12/node_modules/esbuild/lib/main.js:653:7)
[2026-02-06T15:59:37.029Z] at Socket.readFromStdout (/home/ubuntu/senec-design/node_modules/.pnpm/esbuild@0.25.12/node_modules/esbuild/lib/main.js:581:7)
[2026-02-06T15:59:37.029Z] at Socket.emit (node:events:524:28)
[2026-02-06T15:59:37.030Z] 
[2026-02-06T15:59:37.030Z] This error came from the "onResolve" callback registered here:
[2026-02-06T15:59:37.030Z] 
[2026-02-06T15:59:37.030Z] node_modules/.pnpm/esbuild@0.25.12/node_modules/esbuild/lib/main.js:1141:20:
[2026-02-06T15:59:37.031Z] [37m      1141 │       let promise = [32m[37msetup({
[2026-02-06T15:59:37.031Z] ╵                     [32m^[0m
[2026-02-06T15:59:37.031Z] 
[2026-02-06T15:59:37.031Z] at setup (file:///home/ubuntu/senec-design/node_modules/.pnpm/vite@6.4.1_@types+node@25.2.0_jiti@1.21.7_yaml@2.8.2/node_modules/vite/dist/node/chunks/dep-D4NMHUTW.js:14379:13)
[2026-02-06T15:59:37.032Z] at handlePlugins (/home/ubuntu/senec-design/node_modules/.pnpm/esbuild@0.25.12/node_modules/esbuild/lib/main.js:1141:21)
[2026-02-06T15:59:37.032Z] at buildOrContextImpl (/home/ubuntu/senec-design/node_modules/.pnpm/esbuild@0.25.12/node_modules/esbuild/lib/main.js:854:5)
[2026-02-06T15:59:37.032Z] at Object.buildOrContext (/home/ubuntu/senec-design/node_modules/.pnpm/esbuild@0.25.12/node_modules/esbuild/lib/main.js:680:5)
[2026-02-06T15:59:37.033Z] at /home/ubuntu/senec-design/node_modules/.pnpm/esbuild@0.25.12/node_modules/esbuild/lib/main.js:2035:68
[2026-02-06T15:59:37.033Z] at new Promise (<anonymous>)
[2026-02-06T15:59:37.033Z] at Object.context (/home/ubuntu/senec-design/node_modules/.pnpm/esbuild@0.25.12/node_modules/esbuild/lib/main.js:2035:27)
[2026-02-06T15:59:37.033Z] at Object.context (/home/ubuntu/senec-design/node_modules/.pnpm/esbuild@0.25.12/node_modules/esbuild/lib/main.js:1877:58)
[2026-02-06T15:59:37.034Z] at prepareEsbuildScanner (file:///home/ubuntu/senec-design/node_modules/.pnpm/vite@6.4.1_@types+node@25.2.0_jiti@1.21.7_yaml@2.8.2/node_modules/vite/dist/node/chunks/dep-D4NMHUTW.js:14266:24)
[2026-02-06T15:59:37.034Z] 
[2026-02-06T15:59:37.034Z] The plugin "vite:dep-scan" was triggered by this import
[2026-02-06T15:59:37.034Z] 
[2026-02-06T15:59:37.035Z] <stdin>:20:7:
[2026-02-06T15:59:37.035Z] [37m      20 │ import [32m"/home/ubuntu/senec-design/src/pages/gewerbe.astro"[37m
[2026-02-06T15:59:37.035Z] ╵        [32m~~~~~~~~~~~~~~~~~~~~~~~~~~~~~~~~~~~~~~~~~~~~~~~~~~~[0m
[2026-02-06T15:59:37.036Z] 
[2026-02-06T15:59:37.036Z] 
[2026-02-06T15:59:37.036Z] [31m✘ [41;31m[[41;97mERROR[41;31m][0m [1mThe server is being restarted or closed. Request is outdated[0m [1m[35m[plugin vite:dep-scan][0m
[2026-02-06T15:59:37.037Z] 
[2026-02-06T15:59:37.037Z] node_modules/.pnpm/esbuild@0.25.12/node_modules/esbuild/lib/main.js:1217:27:
[2026-02-06T15:59:37.037Z] [37m      1217 │         let result = await [32m[37mcallback({
[2026-02-06T15:59:37.037Z] ╵                            [32m^[0m
[2026-02-06T15:59:37.039Z] 
[2026-02-06T15:59:37.039Z] at throwClosedServerError (file:///home/ubuntu/senec-design/node_modules/.pnpm/vite@6.4.1_@types+node@25.2.0_jiti@1.21.7_yaml@2.8.2/node_modules/vite/dist/node/chunks/dep-D4NMHUTW.js:42055:15)
[2026-02-06T15:59:37.040Z] at EnvironmentPluginContainer.resolveId (file:///home/ubuntu/senec-design/node_modules/.pnpm/vite@6.4.1_@types+node@25.2.0_jiti@1.21.7_yaml@2.8.2/node_modules/vite/dist/node/chunks/dep-D4NMHUTW.js:42234:9)
[2026-02-06T15:59:37.040Z] at resolveId (file:///home/ubuntu/senec-design/node_modules/.pnpm/vite@6.4.1_@types+node@25.2.0_jiti@1.21.7_yaml@2.8.2/node_modules/vite/dist/node/chunks/dep-D4NMHUTW.js:14314:40)
[2026-02-06T15:59:37.040Z] at resolve (file:///home/ubuntu/senec-design/node_modules/.pnpm/vite@6.4.1_@types+node@25.2.0_jiti@1.21.7_yaml@2.8.2/node_modules/vite/dist/node/chunks/dep-D4NMHUTW.js:14325:28)
[2026-02-06T15:59:37.041Z] at file:///home/ubuntu/senec-design/node_modules/.pnpm/vite@6.4.1_@types+node@25.2.0_jiti@1.21.7_yaml@2.8.2/node_modules/vite/dist/node/chunks/dep-D4NMHUTW.js:14380:32
[2026-02-06T15:59:37.041Z] at requestCallbacks.on-resolve (/home/ubuntu/senec-design/node_modules/.pnpm/esbuild@0.25.12/node_modules/esbuild/lib/main.js:1217:28)
[2026-02-06T15:59:37.041Z] at handleRequest (/home/ubuntu/senec-design/node_modules/.pnpm/esbuild@0.25.12/node_modules/esbuild/lib/main.js:628:17)
[2026-02-06T15:59:37.041Z] at handleIncomingPacket (/home/ubuntu/senec-design/node_modules/.pnpm/esbuild@0.25.12/node_modules/esbuild/lib/main.js:653:7)
[2026-02-06T15:59:37.042Z] at Socket.readFromStdout (/home/ubuntu/senec-design/node_modules/.pnpm/esbuild@0.25.12/node_modules/esbuild/lib/main.js:581:7)
[2026-02-06T15:59:37.042Z] at Socket.emit (node:events:524:28)
[2026-02-06T15:59:37.042Z] 
[2026-02-06T15:59:37.042Z] This error came from the "onResolve" callback registered here:
[2026-02-06T15:59:37.043Z] 
[2026-02-06T15:59:37.043Z] node_modules/.pnpm/esbuild@0.25.12/node_modules/esbuild/lib/main.js:1141:20:
[2026-02-06T15:59:37.043Z] [37m      1141 │       let promise = [32m[37msetup({
[2026-02-06T15:59:37.044Z] ╵                     [32m^[0m
[2026-02-06T15:59:37.044Z] 
[2026-02-06T15:59:37.044Z] at setup (file:///home/ubuntu/senec-design/node_modules/.pnpm/vite@6.4.1_@types+node@25.2.0_jiti@1.21.7_yaml@2.8.2/node_modules/vite/dist/node/chunks/dep-D4NMHUTW.js:14379:13)
[2026-02-06T15:59:37.045Z] at handlePlugins (/home/ubuntu/senec-design/node_modules/.pnpm/esbuild@0.25.12/node_modules/esbuild/lib/main.js:1141:21)
[2026-02-06T15:59:37.045Z] at buildOrContextImpl (/home/ubuntu/senec-design/node_modules/.pnpm/esbuild@0.25.12/node_modules/esbuild/lib/main.js:854:5)
[2026-02-06T15:59:37.045Z] at Object.buildOrContext (/home/ubuntu/senec-design/node_modules/.pnpm/esbuild@0.25.12/node_modules/esbuild/lib/main.js:680:5)
[2026-02-06T15:59:37.046Z] at /home/ubuntu/senec-design/node_modules/.pnpm/esbuild@0.25.12/node_modules/esbuild/lib/main.js:2035:68
[2026-02-06T15:59:37.046Z] at new Promise (<anonymous>)
[2026-02-06T15:59:37.046Z] at Object.context (/home/ubuntu/senec-design/node_modules/.pnpm/esbuild@0.25.12/node_modules/esbuild/lib/main.js:2035:27)
[2026-02-06T15:59:37.046Z] at Object.context (/home/ubuntu/senec-design/node_modules/.pnpm/esbuild@0.25.12/node_modules/esbuild/lib/main.js:1877:58)
[2026-02-06T15:59:37.047Z] at prepareEsbuildScanner (file:///home/ubuntu/senec-design/node_modules/.pnpm/vite@6.4.1_@types+node@25.2.0_jiti@1.21.7_yaml@2.8.2/node_modules/vite/dist/node/chunks/dep-D4NMHUTW.js:14266:24)
[2026-02-06T15:59:37.047Z] 
[2026-02-06T15:59:37.047Z] The plugin "vite:dep-scan" was triggered by this import
[2026-02-06T15:59:37.048Z] 
[2026-02-06T15:59:37.048Z] <stdin>:21:7:
[2026-02-06T15:59:37.048Z] [37m      21 │ import [32m"/home/ubuntu/senec-design/src/pages/heizung.astro"[37m
[2026-02-06T15:59:37.048Z] ╵        [32m~~~~~~~~~~~~~~~~~~~~~~~~~~~~~~~~~~~~~~~~~~~~~~~~~~~[0m
[2026-02-06T15:59:37.049Z] 
[2026-02-06T15:59:37.049Z] 
[2026-02-06T15:59:37.049Z] [31m✘ [41;31m[[41;97mERROR[41;31m][0m [1mThe server is being restarted or closed. Request is outdated[0m [1m[35m[plugin vite:dep-scan][0m
[2026-02-06T15:59:37.049Z] 
[2026-02-06T15:59:37.050Z] node_modules/.pnpm/esbuild@0.25.12/node_modules/esbuild/lib/main.js:1217:27:
[2026-02-06T15:59:37.050Z] [37m      1217 │         let result = await [32m[37mcallback({
[2026-02-06T15:59:37.050Z] ╵                            [32m^[0m
[2026-02-06T15:59:37.051Z] 
[2026-02-06T15:59:37.051Z] at throwClosedServerError (file:///home/ubuntu/senec-design/node_modules/.pnpm/vite@6.4.1_@types+node@25.2.0_jiti@1.21.7_yaml@2.8.2/node_modules/vite/dist/node/chunks/dep-D4NMHUTW.js:42055:15)
[2026-02-06T15:59:37.051Z] at EnvironmentPluginContainer.resolveId (file:///home/ubuntu/senec-design/node_modules/.pnpm/vite@6.4.1_@types+node@25.2.0_jiti@1.21.7_yaml@2.8.2/node_modules/vite/dist/node/chunks/dep-D4NMHUTW.js:42234:9)
[2026-02-06T15:59:37.051Z] at resolveId (file:///home/ubuntu/senec-design/node_modules/.pnpm/vite@6.4.1_@types+node@25.2.0_jiti@1.21.7_yaml@2.8.2/node_modules/vite/dist/node/chunks/dep-D4NMHUTW.js:14314:40)
[2026-02-06T15:59:37.052Z] at resolve (file:///home/ubuntu/senec-design/node_modules/.pnpm/vite@6.4.1_@types+node@25.2.0_jiti@1.21.7_yaml@2.8.2/node_modules/vite/dist/node/chunks/dep-D4NMHUTW.js:14325:28)
[2026-02-06T15:59:37.052Z] at file:///home/ubuntu/senec-design/node_modules/.pnpm/vite@6.4.1_@types+node@25.2.0_jiti@1.21.7_yaml@2.8.2/node_modules/vite/dist/node/chunks/dep-D4NMHUTW.js:14380:32
[2026-02-06T15:59:37.052Z] at requestCallbacks.on-resolve (/home/ubuntu/senec-design/node_modules/.pnpm/esbuild@0.25.12/node_modules/esbuild/lib/main.js:1217:28)
[2026-02-06T15:59:37.053Z] at handleRequest (/home/ubuntu/senec-design/node_modules/.pnpm/esbuild@0.25.12/node_modules/esbuild/lib/main.js:628:17)
[2026-02-06T15:59:37.053Z] at handleIncomingPacket (/home/ubuntu/senec-design/node_modules/.pnpm/esbuild@0.25.12/node_modules/esbuild/lib/main.js:653:7)
[2026-02-06T15:59:37.053Z] at Socket.readFromStdout (/home/ubuntu/senec-design/node_modules/.pnpm/esbuild@0.25.12/node_modules/esbuild/lib/main.js:581:7)
[2026-02-06T15:59:37.053Z] at Socket.emit (node:events:524:28)
[2026-02-06T15:59:37.054Z] 
[2026-02-06T15:59:37.054Z] This error came from the "onResolve" callback registered here:
[2026-02-06T15:59:37.054Z] 
[2026-02-06T15:59:37.054Z] node_modules/.pnpm/esbuild@0.25.12/node_modules/esbuild/lib/main.js:1141:20:
[2026-02-06T15:59:37.055Z] [37m      1141 │       let promise = [32m[37msetup({
[2026-02-06T15:59:37.055Z] ╵                     [32m^[0m
[2026-02-06T15:59:37.055Z] 
[2026-02-06T15:59:37.055Z] at setup (file:///home/ubuntu/senec-design/node_modules/.pnpm/vite@6.4.1_@types+node@25.2.0_jiti@1.21.7_yaml@2.8.2/node_modules/vite/dist/node/chunks/dep-D4NMHUTW.js:14379:13)
[2026-02-06T15:59:37.056Z] at handlePlugins (/home/ubuntu/senec-design/node_modules/.pnpm/esbuild@0.25.12/node_modules/esbuild/lib/main.js:1141:21)
[2026-02-06T15:59:37.056Z] at buildOrContextImpl (/home/ubuntu/senec-design/node_modules/.pnpm/esbuild@0.25.12/node_modules/esbuild/lib/main.js:854:5)
[2026-02-06T15:59:37.056Z] at Object.buildOrContext (/home/ubuntu/senec-design/node_modules/.pnpm/esbuild@0.25.12/node_modules/esbuild/lib/main.js:680:5)
[2026-02-06T15:59:37.057Z] at /home/ubuntu/senec-design/node_modules/.pnpm/esbuild@0.25.12/node_modules/esbuild/lib/main.js:2035:68
[2026-02-06T15:59:37.057Z] at new Promise (<anonymous>)
[2026-02-06T15:59:37.057Z] at Object.context (/home/ubuntu/senec-design/node_modules/.pnpm/esbuild@0.25.12/node_modules/esbuild/lib/main.js:2035:27)
[2026-02-06T15:59:37.057Z] at Object.context (/home/ubuntu/senec-design/node_modules/.pnpm/esbuild@0.25.12/node_modules/esbuild/lib/main.js:1877:58)
[2026-02-06T15:59:37.058Z] at prepareEsbuildScanner (file:///home/ubuntu/senec-design/node_modules/.pnpm/vite@6.4.1_@types+node@25.2.0_jiti@1.21.7_yaml@2.8.2/node_modules/vite/dist/node/chunks/dep-D4NMHUTW.js:14266:24)
[2026-02-06T15:59:37.058Z] 
[2026-02-06T15:59:37.058Z] The plugin "vite:dep-scan" was triggered by this import
[2026-02-06T15:59:37.058Z] 
[2026-02-06T15:59:37.059Z] <stdin>:22:7:
[2026-02-06T15:59:37.059Z] [37m      22 │ import [32m"/home/ubuntu/senec-design/src/pages/impressum.astro"[37m
[2026-02-06T15:59:37.059Z] ╵        [32m~~~~~~~~~~~~~~~~~~~~~~~~~~~~~~~~~~~~~~~~~~~~~~~~~~~~~[0m
[2026-02-06T15:59:37.060Z] 
[2026-02-06T15:59:37.060Z] 
[2026-02-06T15:59:37.060Z] [31m✘ [41;31m[[41;97mERROR[41;31m][0m [1mThe server is being restarted or closed. Request is outdated[0m [1m[35m[plugin vite:dep-scan][0m
[2026-02-06T15:59:37.061Z] 
[2026-02-06T15:59:37.061Z] node_modules/.pnpm/esbuild@0.25.12/node_modules/esbuild/lib/main.js:1217:27:
[2026-02-06T15:59:37.061Z] [37m      1217 │         let result = await [32m[37mcallback({
[2026-02-06T15:59:37.061Z] ╵                            [32m^[0m
[2026-02-06T15:59:37.062Z] 
[2026-02-06T15:59:37.062Z] at throwClosedServerError (file:///home/ubuntu/senec-design/node_modules/.pnpm/vite@6.4.1_@types+node@25.2.0_jiti@1.21.7_yaml@2.8.2/node_modules/vite/dist/node/chunks/dep-D4NMHUTW.js:42055:15)
[2026-02-06T15:59:37.062Z] at EnvironmentPluginContainer.resolveId (file:///home/ubuntu/senec-design/node_modules/.pnpm/vite@6.4.1_@types+node@25.2.0_jiti@1.21.7_yaml@2.8.2/node_modules/vite/dist/node/chunks/dep-D4NMHUTW.js:42234:9)
[2026-02-06T15:59:37.063Z] at resolveId (file:///home/ubuntu/senec-design/node_modules/.pnpm/vite@6.4.1_@types+node@25.2.0_jiti@1.21.7_yaml@2.8.2/node_modules/vite/dist/node/chunks/dep-D4NMHUTW.js:14314:40)
[2026-02-06T15:59:37.063Z] at resolve (file:///home/ubuntu/senec-design/node_modules/.pnpm/vite@6.4.1_@types+node@25.2.0_jiti@1.21.7_yaml@2.8.2/node_modules/vite/dist/node/chunks/dep-D4NMHUTW.js:14325:28)
[2026-02-06T15:59:37.063Z] at file:///home/ubuntu/senec-design/node_modules/.pnpm/vite@6.4.1_@types+node@25.2.0_jiti@1.21.7_yaml@2.8.2/node_modules/vite/dist/node/chunks/dep-D4NMHUTW.js:14380:32
[2026-02-06T15:59:37.064Z] at requestCallbacks.on-resolve (/home/ubuntu/senec-design/node_modules/.pnpm/esbuild@0.25.12/node_modules/esbuild/lib/main.js:1217:28)
[2026-02-06T15:59:37.064Z] at handleRequest (/home/ubuntu/senec-design/node_modules/.pnpm/esbuild@0.25.12/node_modules/esbuild/lib/main.js:628:17)
[2026-02-06T15:59:37.064Z] at handleIncomingPacket (/home/ubuntu/senec-design/node_modules/.pnpm/esbuild@0.25.12/node_modules/esbuild/lib/main.js:653:7)
[2026-02-06T15:59:37.064Z] at Socket.readFromStdout (/home/ubuntu/senec-design/node_modules/.pnpm/esbuild@0.25.12/node_modules/esbuild/lib/main.js:581:7)
[2026-02-06T15:59:37.065Z] at Socket.emit (node:events:524:28)
[2026-02-06T15:59:37.065Z] 
[2026-02-06T15:59:37.065Z] This error came from the "onResolve" callback registered here:
[2026-02-06T15:59:37.066Z] 
[2026-02-06T15:59:37.066Z] node_modules/.pnpm/esbuild@0.25.12/node_modules/esbuild/lib/main.js:1141:20:
[2026-02-06T15:59:37.066Z] [37m      1141 │       let promise = [32m[37msetup({
[2026-02-06T15:59:37.066Z] ╵                     [32m^[0m
[2026-02-06T15:59:37.067Z] 
[2026-02-06T15:59:37.067Z] at setup (file:///home/ubuntu/senec-design/node_modules/.pnpm/vite@6.4.1_@types+node@25.2.0_jiti@1.21.7_yaml@2.8.2/node_modules/vite/dist/node/chunks/dep-D4NMHUTW.js:14379:13)
[2026-02-06T15:59:37.067Z] at handlePlugins (/home/ubuntu/senec-design/node_modules/.pnpm/esbuild@0.25.12/node_modules/esbuild/lib/main.js:1141:21)
[2026-02-06T15:59:37.067Z] at buildOrContextImpl (/home/ubuntu/senec-design/node_modules/.pnpm/esbuild@0.25.12/node_modules/esbuild/lib/main.js:854:5)
[2026-02-06T15:59:37.068Z] at Object.buildOrContext (/home/ubuntu/senec-design/node_modules/.pnpm/esbuild@0.25.12/node_modules/esbuild/lib/main.js:680:5)
[2026-02-06T15:59:37.068Z] at /home/ubuntu/senec-design/node_modules/.pnpm/esbuild@0.25.12/node_modules/esbuild/lib/main.js:2035:68
[2026-02-06T15:59:37.068Z] at new Promise (<anonymous>)
[2026-02-06T15:59:37.068Z] at Object.context (/home/ubuntu/senec-design/node_modules/.pnpm/esbuild@0.25.12/node_modules/esbuild/lib/main.js:2035:27)
[2026-02-06T15:59:37.069Z] at Object.context (/home/ubuntu/senec-design/node_modules/.pnpm/esbuild@0.25.12/node_modules/esbuild/lib/main.js:1877:58)
[2026-02-06T15:59:37.069Z] at prepareEsbuildScanner (file:///home/ubuntu/senec-design/node_modules/.pnpm/vite@6.4.1_@types+node@25.2.0_jiti@1.21.7_yaml@2.8.2/node_modules/vite/dist/node/chunks/dep-D4NMHUTW.js:14266:24)
[2026-02-06T15:59:37.069Z] 
[2026-02-06T15:59:37.070Z] The plugin "vite:dep-scan" was triggered by this import
[2026-02-06T15:59:37.070Z] 
[2026-02-06T15:59:37.070Z] <stdin>:23:7:
[2026-02-06T15:59:37.070Z] [37m      23 │ import [32m"/home/ubuntu/senec-design/src/pages/index.astro"[37m
[2026-02-06T15:59:37.071Z] ╵        [32m~~~~~~~~~~~~~~~~~~~~~~~~~~~~~~~~~~~~~~~~~~~~~~~~~[0m
[2026-02-06T15:59:37.071Z] 
[2026-02-06T15:59:37.071Z] 
[2026-02-06T15:59:37.071Z] [31m✘ [41;31m[[41;97mERROR[41;31m][0m [1mThe server is being restarted or closed. Request is outdated[0m [1m[35m[plugin vite:dep-scan][0m
[2026-02-06T15:59:37.072Z] 
[2026-02-06T15:59:37.072Z] node_modules/.pnpm/esbuild@0.25.12/node_modules/esbuild/lib/main.js:1217:27:
[2026-02-06T15:59:37.072Z] [37m      1217 │         let result = await [32m[37mcallback({
[2026-02-06T15:59:37.072Z] ╵                            [32m^[0m
[2026-02-06T15:59:37.073Z] 
[2026-02-06T15:59:37.073Z] at throwClosedServerError (file:///home/ubuntu/senec-design/node_modules/.pnpm/vite@6.4.1_@types+node@25.2.0_jiti@1.21.7_yaml@2.8.2/node_modules/vite/dist/node/chunks/dep-D4NMHUTW.js:42055:15)
[2026-02-06T15:59:37.073Z] at EnvironmentPluginContainer.resolveId (file:///home/ubuntu/senec-design/node_modules/.pnpm/vite@6.4.1_@types+node@25.2.0_jiti@1.21.7_yaml@2.8.2/node_modules/vite/dist/node/chunks/dep-D4NMHUTW.js:42234:9)
[2026-02-06T15:59:37.073Z] at resolveId (file:///home/ubuntu/senec-design/node_modules/.pnpm/vite@6.4.1_@types+node@25.2.0_jiti@1.21.7_yaml@2.8.2/node_modules/vite/dist/node/chunks/dep-D4NMHUTW.js:14314:40)
[2026-02-06T15:59:37.074Z] at resolve (file:///home/ubuntu/senec-design/node_modules/.pnpm/vite@6.4.1_@types+node@25.2.0_jiti@1.21.7_yaml@2.8.2/node_modules/vite/dist/node/chunks/dep-D4NMHUTW.js:14325:28)
[2026-02-06T15:59:37.074Z] at file:///home/ubuntu/senec-design/node_modules/.pnpm/vite@6.4.1_@types+node@25.2.0_jiti@1.21.7_yaml@2.8.2/node_modules/vite/dist/node/chunks/dep-D4NMHUTW.js:14380:32
[2026-02-06T15:59:37.074Z] at requestCallbacks.on-resolve (/home/ubuntu/senec-design/node_modules/.pnpm/esbuild@0.25.12/node_modules/esbuild/lib/main.js:1217:28)
[2026-02-06T15:59:37.075Z] at handleRequest (/home/ubuntu/senec-design/node_modules/.pnpm/esbuild@0.25.12/node_modules/esbuild/lib/main.js:628:17)
[2026-02-06T15:59:37.075Z] at handleIncomingPacket (/home/ubuntu/senec-design/node_modules/.pnpm/esbuild@0.25.12/node_modules/esbuild/lib/main.js:653:7)
[2026-02-06T15:59:37.075Z] at Socket.readFromStdout (/home/ubuntu/senec-design/node_modules/.pnpm/esbuild@0.25.12/node_modules/esbuild/lib/main.js:581:7)
[2026-02-06T15:59:37.076Z] at Socket.emit (node:events:524:28)
[2026-02-06T15:59:37.076Z] 
[2026-02-06T15:59:37.076Z] This error came from the "onResolve" callback registered here:
[2026-02-06T15:59:37.076Z] 
[2026-02-06T15:59:37.077Z] node_modules/.pnpm/esbuild@0.25.12/node_modules/esbuild/lib/main.js:1141:20:
[2026-02-06T15:59:37.077Z] [37m      1141 │       let promise = [32m[37msetup({
[2026-02-06T15:59:37.077Z] ╵                     [32m^[0m
[2026-02-06T15:59:37.078Z] 
[2026-02-06T15:59:37.078Z] at setup (file:///home/ubuntu/senec-design/node_modules/.pnpm/vite@6.4.1_@types+node@25.2.0_jiti@1.21.7_yaml@2.8.2/node_modules/vite/dist/node/chunks/dep-D4NMHUTW.js:14379:13)
[2026-02-06T15:59:37.078Z] at handlePlugins (/home/ubuntu/senec-design/node_modules/.pnpm/esbuild@0.25.12/node_modules/esbuild/lib/main.js:1141:21)
[2026-02-06T15:59:37.078Z] at buildOrContextImpl (/home/ubuntu/senec-design/node_modules/.pnpm/esbuild@0.25.12/node_modules/esbuild/lib/main.js:854:5)
[2026-02-06T15:59:37.079Z] at Object.buildOrContext (/home/ubuntu/senec-design/node_modules/.pnpm/esbuild@0.25.12/node_modules/esbuild/lib/main.js:680:5)
[2026-02-06T15:59:37.079Z] at /home/ubuntu/senec-design/node_modules/.pnpm/esbuild@0.25.12/node_modules/esbuild/lib/main.js:2035:68
[2026-02-06T15:59:37.079Z] at new Promise (<anonymous>)
[2026-02-06T15:59:37.079Z] at Object.context (/home/ubuntu/senec-design/node_modules/.pnpm/esbuild@0.25.12/node_modules/esbuild/lib/main.js:2035:27)
[2026-02-06T15:59:37.080Z] at Object.context (/home/ubuntu/senec-design/node_modules/.pnpm/esbuild@0.25.12/node_modules/esbuild/lib/main.js:1877:58)
[2026-02-06T15:59:37.080Z] at prepareEsbuildScanner (file:///home/ubuntu/senec-design/node_modules/.pnpm/vite@6.4.1_@types+node@25.2.0_jiti@1.21.7_yaml@2.8.2/node_modules/vite/dist/node/chunks/dep-D4NMHUTW.js:14266:24)
[2026-02-06T15:59:37.080Z] 
[2026-02-06T15:59:37.081Z] The plugin "vite:dep-scan" was triggered by this import
[2026-02-06T15:59:37.081Z] 
[2026-02-06T15:59:37.081Z] <stdin>:24:7:
[2026-02-06T15:59:37.081Z] [37m      24 │ import [32m"/home/ubuntu/senec-design/src/pages/kontakt.astro"[37m
[2026-02-06T15:59:37.082Z] ╵        [32m~~~~~~~~~~~~~~~~~~~~~~~~~~~~~~~~~~~~~~~~~~~~~~~~~~~[0m
[2026-02-06T15:59:37.082Z] 
[2026-02-06T15:59:37.082Z] 
[2026-02-06T15:59:37.082Z] [31m✘ [41;31m[[41;97mERROR[41;31m][0m [1mThe server is being restarted or closed. Request is outdated[0m [1m[35m[plugin vite:dep-scan][0m
[2026-02-06T15:59:37.083Z] 
[2026-02-06T15:59:37.083Z] node_modules/.pnpm/esbuild@0.25.12/node_modules/esbuild/lib/main.js:1217:27:
[2026-02-06T15:59:37.083Z] [37m      1217 │         let result = await [32m[37mcallback({
[2026-02-06T15:59:37.104Z] ╵                            [32m^[0m
[2026-02-06T15:59:37.115Z] 
[2026-02-06T15:59:37.116Z] at throwClosedServerError (file:///home/ubuntu/senec-design/node_modules/.pnpm/vite@6.4.1_@types+node@25.2.0_jiti@1.21.7_yaml@2.8.2/node_modules/vite/dist/node/chunks/dep-D4NMHUTW.js:42055:15)
[2026-02-06T15:59:37.116Z] at EnvironmentPluginContainer.resolveId (file:///home/ubuntu/senec-design/node_modules/.pnpm/vite@6.4.1_@types+node@25.2.0_jiti@1.21.7_yaml@2.8.2/node_modules/vite/dist/node/chunks/dep-D4NMHUTW.js:42234:9)
[2026-02-06T15:59:37.116Z] at resolveId (file:///home/ubuntu/senec-design/node_modules/.pnpm/vite@6.4.1_@types+node@25.2.0_jiti@1.21.7_yaml@2.8.2/node_modules/vite/dist/node/chunks/dep-D4NMHUTW.js:14314:40)
[2026-02-06T15:59:37.117Z] at resolve (file:///home/ubuntu/senec-design/node_modules/.pnpm/vite@6.4.1_@types+node@25.2.0_jiti@1.21.7_yaml@2.8.2/node_modules/vite/dist/node/chunks/dep-D4NMHUTW.js:14325:28)
[2026-02-06T15:59:37.117Z] at file:///home/ubuntu/senec-design/node_modules/.pnpm/vite@6.4.1_@types+node@25.2.0_jiti@1.21.7_yaml@2.8.2/node_modules/vite/dist/node/chunks/dep-D4NMHUTW.js:14380:32
[2026-02-06T15:59:37.117Z] at requestCallbacks.on-resolve (/home/ubuntu/senec-design/node_modules/.pnpm/esbuild@0.25.12/node_modules/esbuild/lib/main.js:1217:28)
[2026-02-06T15:59:37.117Z] at handleRequest (/home/ubuntu/senec-design/node_modules/.pnpm/esbuild@0.25.12/node_modules/esbuild/lib/main.js:628:17)
[2026-02-06T15:59:37.118Z] at handleIncomingPacket (/home/ubuntu/senec-design/node_modules/.pnpm/esbuild@0.25.12/node_modules/esbuild/lib/main.js:653:7)
[2026-02-06T15:59:37.118Z] at Socket.readFromStdout (/home/ubuntu/senec-design/node_modules/.pnpm/esbuild@0.25.12/node_modules/esbuild/lib/main.js:581:7)
[2026-02-06T15:59:37.118Z] at Socket.emit (node:events:524:28)
[2026-02-06T15:59:37.118Z] 
[2026-02-06T15:59:37.119Z] This error came from the "onResolve" callback registered here:
[2026-02-06T15:59:37.119Z] 
[2026-02-06T15:59:37.119Z] node_modules/.pnpm/esbuild@0.25.12/node_modules/esbuild/lib/main.js:1141:20:
[2026-02-06T15:59:37.120Z] [37m      1141 │       let promise = [32m[37msetup({
[2026-02-06T15:59:37.120Z] ╵                     [32m^[0m
[2026-02-06T15:59:37.120Z] 
[2026-02-06T15:59:37.120Z] at setup (file:///home/ubuntu/senec-design/node_modules/.pnpm/vite@6.4.1_@types+node@25.2.0_jiti@1.21.7_yaml@2.8.2/node_modules/vite/dist/node/chunks/dep-D4NMHUTW.js:14379:13)
[2026-02-06T15:59:37.121Z] at handlePlugins (/home/ubuntu/senec-design/node_modules/.pnpm/esbuild@0.25.12/node_modules/esbuild/lib/main.js:1141:21)
[2026-02-06T15:59:37.121Z] at buildOrContextImpl (/home/ubuntu/senec-design/node_modules/.pnpm/esbuild@0.25.12/node_modules/esbuild/lib/main.js:854:5)
[2026-02-06T15:59:37.121Z] at Object.buildOrContext (/home/ubuntu/senec-design/node_modules/.pnpm/esbuild@0.25.12/node_modules/esbuild/lib/main.js:680:5)
[2026-02-06T15:59:37.121Z] at /home/ubuntu/senec-design/node_modules/.pnpm/esbuild@0.25.12/node_modules/esbuild/lib/main.js:2035:68
[2026-02-06T15:59:37.122Z] at new Promise (<anonymous>)
[2026-02-06T15:59:37.122Z] at Object.context (/home/ubuntu/senec-design/node_modules/.pnpm/esbuild@0.25.12/node_modules/esbuild/lib/main.js:2035:27)
[2026-02-06T15:59:37.122Z] at Object.context (/home/ubuntu/senec-design/node_modules/.pnpm/esbuild@0.25.12/node_modules/esbuild/lib/main.js:1877:58)
[2026-02-06T15:59:37.123Z] at prepareEsbuildScanner (file:///home/ubuntu/senec-design/node_modules/.pnpm/vite@6.4.1_@types+node@25.2.0_jiti@1.21.7_yaml@2.8.2/node_modules/vite/dist/node/chunks/dep-D4NMHUTW.js:14266:24)
[2026-02-06T15:59:37.123Z] 
[2026-02-06T15:59:37.124Z] The plugin "vite:dep-scan" was triggered by this import
[2026-02-06T15:59:37.124Z] 
[2026-02-06T15:59:37.124Z] <stdin>:25:7:
[2026-02-06T15:59:37.125Z] [37m      25 │ import [32m"/home/ubuntu/senec-design/src/pages/privat.astro"[37m
[2026-02-06T15:59:37.125Z] ╵        [32m~~~~~~~~~~~~~~~~~~~~~~~~~~~~~~~~~~~~~~~~~~~~~~~~~~[0m
[2026-02-06T15:59:37.125Z] 
[2026-02-06T15:59:37.125Z] 
[2026-02-06T15:59:37.126Z] [31m✘ [41;31m[[41;97mERROR[41;31m][0m [1mThe server is being restarted or closed. Request is outdated[0m [1m[35m[plugin vite:dep-scan][0m
[2026-02-06T15:59:37.126Z] 
[2026-02-06T15:59:37.126Z] node_modules/.pnpm/esbuild@0.25.12/node_modules/esbuild/lib/main.js:1217:27:
[2026-02-06T15:59:37.126Z] [37m      1217 │         let result = await [32m[37mcallback({
[2026-02-06T15:59:37.127Z] ╵                            [32m^[0m
[2026-02-06T15:59:37.127Z] 
[2026-02-06T15:59:37.127Z] at throwClosedServerError (file:///home/ubuntu/senec-design/node_modules/.pnpm/vite@6.4.1_@types+node@25.2.0_jiti@1.21.7_yaml@2.8.2/node_modules/vite/dist/node/chunks/dep-D4NMHUTW.js:42055:15)
[2026-02-06T15:59:37.127Z] at EnvironmentPluginContainer.resolveId (file:///home/ubuntu/senec-design/node_modules/.pnpm/vite@6.4.1_@types+node@25.2.0_jiti@1.21.7_yaml@2.8.2/node_modules/vite/dist/node/chunks/dep-D4NMHUTW.js:42234:9)
[2026-02-06T15:59:37.128Z] at resolveId (file:///home/ubuntu/senec-design/node_modules/.pnpm/vite@6.4.1_@types+node@25.2.0_jiti@1.21.7_yaml@2.8.2/node_modules/vite/dist/node/chunks/dep-D4NMHUTW.js:14314:40)
[2026-02-06T15:59:37.128Z] at resolve (file:///home/ubuntu/senec-design/node_modules/.pnpm/vite@6.4.1_@types+node@25.2.0_jiti@1.21.7_yaml@2.8.2/node_modules/vite/dist/node/chunks/dep-D4NMHUTW.js:14325:28)
[2026-02-06T15:59:37.128Z] at file:///home/ubuntu/senec-design/node_modules/.pnpm/vite@6.4.1_@types+node@25.2.0_jiti@1.21.7_yaml@2.8.2/node_modules/vite/dist/node/chunks/dep-D4NMHUTW.js:14380:32
[2026-02-06T15:59:37.129Z] at requestCallbacks.on-resolve (/home/ubuntu/senec-design/node_modules/.pnpm/esbuild@0.25.12/node_modules/esbuild/lib/main.js:1217:28)
[2026-02-06T15:59:37.129Z] at handleRequest (/home/ubuntu/senec-design/node_modules/.pnpm/esbuild@0.25.12/node_modules/esbuild/lib/main.js:628:17)
[2026-02-06T15:59:37.129Z] at handleIncomingPacket (/home/ubuntu/senec-design/node_modules/.pnpm/esbuild@0.25.12/node_modules/esbuild/lib/main.js:653:7)
[2026-02-06T15:59:37.129Z] at Socket.readFromStdout (/home/ubuntu/senec-design/node_modules/.pnpm/esbuild@0.25.12/node_modules/esbuild/lib/main.js:581:7)
[2026-02-06T15:59:37.130Z] at Socket.emit (node:events:524:28)
[2026-02-06T15:59:37.130Z] 
[2026-02-06T15:59:37.130Z] This error came from the "onResolve" callback registered here:
[2026-02-06T15:59:37.131Z] 
[2026-02-06T15:59:37.131Z] node_modules/.pnpm/esbuild@0.25.12/node_modules/esbuild/lib/main.js:1141:20:
[2026-02-06T15:59:37.131Z] [37m      1141 │       let promise = [32m[37msetup({
[2026-02-06T15:59:37.131Z] ╵                     [32m^[0m
[2026-02-06T15:59:37.132Z] 
[2026-02-06T15:59:37.132Z] at setup (file:///home/ubuntu/senec-design/node_modules/.pnpm/vite@6.4.1_@types+node@25.2.0_jiti@1.21.7_yaml@2.8.2/node_modules/vite/dist/node/chunks/dep-D4NMHUTW.js:14379:13)
[2026-02-06T15:59:37.132Z] at handlePlugins (/home/ubuntu/senec-design/node_modules/.pnpm/esbuild@0.25.12/node_modules/esbuild/lib/main.js:1141:21)
[2026-02-06T15:59:37.132Z] at buildOrContextImpl (/home/ubuntu/senec-design/node_modules/.pnpm/esbuild@0.25.12/node_modules/esbuild/lib/main.js:854:5)
[2026-02-06T15:59:37.133Z] at Object.buildOrContext (/home/ubuntu/senec-design/node_modules/.pnpm/esbuild@0.25.12/node_modules/esbuild/lib/main.js:680:5)
[2026-02-06T15:59:37.133Z] at /home/ubuntu/senec-design/node_modules/.pnpm/esbuild@0.25.12/node_modules/esbuild/lib/main.js:2035:68
[2026-02-06T15:59:37.133Z] at new Promise (<anonymous>)
[2026-02-06T15:59:37.133Z] at Object.context (/home/ubuntu/senec-design/node_modules/.pnpm/esbuild@0.25.12/node_modules/esbuild/lib/main.js:2035:27)
[2026-02-06T15:59:37.134Z] at Object.context (/home/ubuntu/senec-design/node_modules/.pnpm/esbuild@0.25.12/node_modules/esbuild/lib/main.js:1877:58)
[2026-02-06T15:59:37.134Z] at prepareEsbuildScanner (file:///home/ubuntu/senec-design/node_modules/.pnpm/vite@6.4.1_@types+node@25.2.0_jiti@1.21.7_yaml@2.8.2/node_modules/vite/dist/node/chunks/dep-D4NMHUTW.js:14266:24)
[2026-02-06T15:59:37.134Z] 
[2026-02-06T15:59:37.135Z] The plugin "vite:dep-scan" was triggered by this import
[2026-02-06T15:59:37.135Z] 
[2026-02-06T15:59:37.135Z] <stdin>:26:7:
[2026-02-06T15:59:37.135Z] [37m      26 │ import [32m"/home/ubuntu/senec-design/src/pages/pv-reinigung-leipzig.a[37m...
[2026-02-06T15:59:37.136Z] ╵        [32m~~~~~~~~~~~~~~~~~~~~~~~~~~~~~~~~~~~~~~~~~~~~~~~~~~~~~~~~~~~[0m
[2026-02-06T15:59:37.136Z] 
[2026-02-06T15:59:37.136Z] 
[2026-02-06T15:59:37.136Z] [31m✘ [41;31m[[41;97mERROR[41;31m][0m [1mThe server is being restarted or closed. Request is outdated[0m [1m[35m[plugin vite:dep-scan][0m
[2026-02-06T15:59:37.137Z] 
[2026-02-06T15:59:37.137Z] node_modules/.pnpm/esbuild@0.25.12/node_modules/esbuild/lib/main.js:1217:27:
[2026-02-06T15:59:37.137Z] [37m      1217 │         let result = await [32m[37mcallback({
[2026-02-06T15:59:37.138Z] ╵                            [32m^[0m
[2026-02-06T15:59:37.138Z] 
[2026-02-06T15:59:37.138Z] at throwClosedServerError (file:///home/ubuntu/senec-design/node_modules/.pnpm/vite@6.4.1_@types+node@25.2.0_jiti@1.21.7_yaml@2.8.2/node_modules/vite/dist/node/chunks/dep-D4NMHUTW.js:42055:15)
[2026-02-06T15:59:37.138Z] at EnvironmentPluginContainer.resolveId (file:///home/ubuntu/senec-design/node_modules/.pnpm/vite@6.4.1_@types+node@25.2.0_jiti@1.21.7_yaml@2.8.2/node_modules/vite/dist/node/chunks/dep-D4NMHUTW.js:42234:9)
[2026-02-06T15:59:37.139Z] at resolveId (file:///home/ubuntu/senec-design/node_modules/.pnpm/vite@6.4.1_@types+node@25.2.0_jiti@1.21.7_yaml@2.8.2/node_modules/vite/dist/node/chunks/dep-D4NMHUTW.js:14314:40)
[2026-02-06T15:59:37.139Z] at resolve (file:///home/ubuntu/senec-design/node_modules/.pnpm/vite@6.4.1_@types+node@25.2.0_jiti@1.21.7_yaml@2.8.2/node_modules/vite/dist/node/chunks/dep-D4NMHUTW.js:14325:28)
[2026-02-06T15:59:37.139Z] at file:///home/ubuntu/senec-design/node_modules/.pnpm/vite@6.4.1_@types+node@25.2.0_jiti@1.21.7_yaml@2.8.2/node_modules/vite/dist/node/chunks/dep-D4NMHUTW.js:14380:32
[2026-02-06T15:59:37.140Z] at requestCallbacks.on-resolve (/home/ubuntu/senec-design/node_modules/.pnpm/esbuild@0.25.12/node_modules/esbuild/lib/main.js:1217:28)
[2026-02-06T15:59:37.140Z] at handleRequest (/home/ubuntu/senec-design/node_modules/.pnpm/esbuild@0.25.12/node_modules/esbuild/lib/main.js:628:17)
[2026-02-06T15:59:37.140Z] at handleIncomingPacket (/home/ubuntu/senec-design/node_modules/.pnpm/esbuild@0.25.12/node_modules/esbuild/lib/main.js:653:7)
[2026-02-06T15:59:37.140Z] at Socket.readFromStdout (/home/ubuntu/senec-design/node_modules/.pnpm/esbuild@0.25.12/node_modules/esbuild/lib/main.js:581:7)
[2026-02-06T15:59:37.141Z] at Socket.emit (node:events:524:28)
[2026-02-06T15:59:37.141Z] 
[2026-02-06T15:59:37.141Z] This error came from the "onResolve" callback registered here:
[2026-02-06T15:59:37.141Z] 
[2026-02-06T15:59:37.142Z] node_modules/.pnpm/esbuild@0.25.12/node_modules/esbuild/lib/main.js:1141:20:
[2026-02-06T15:59:37.142Z] [37m      1141 │       let promise = [32m[37msetup({
[2026-02-06T15:59:37.142Z] ╵                     [32m^[0m
[2026-02-06T15:59:37.142Z] 
[2026-02-06T15:59:37.143Z] at setup (file:///home/ubuntu/senec-design/node_modules/.pnpm/vite@6.4.1_@types+node@25.2.0_jiti@1.21.7_yaml@2.8.2/node_modules/vite/dist/node/chunks/dep-D4NMHUTW.js:14379:13)
[2026-02-06T15:59:37.143Z] at handlePlugins (/home/ubuntu/senec-design/node_modules/.pnpm/esbuild@0.25.12/node_modules/esbuild/lib/main.js:1141:21)
[2026-02-06T15:59:37.143Z] at buildOrContextImpl (/home/ubuntu/senec-design/node_modules/.pnpm/esbuild@0.25.12/node_modules/esbuild/lib/main.js:854:5)
[2026-02-06T15:59:37.144Z] at Object.buildOrContext (/home/ubuntu/senec-design/node_modules/.pnpm/esbuild@0.25.12/node_modules/esbuild/lib/main.js:680:5)
[2026-02-06T15:59:37.144Z] at /home/ubuntu/senec-design/node_modules/.pnpm/esbuild@0.25.12/node_modules/esbuild/lib/main.js:2035:68
[2026-02-06T15:59:37.144Z] at new Promise (<anonymous>)
[2026-02-06T15:59:37.145Z] at Object.context (/home/ubuntu/senec-design/node_modules/.pnpm/esbuild@0.25.12/node_modules/esbuild/lib/main.js:2035:27)
[2026-02-06T15:59:37.146Z] at Object.context (/home/ubuntu/senec-design/node_modules/.pnpm/esbuild@0.25.12/node_modules/esbuild/lib/main.js:1877:58)
[2026-02-06T15:59:37.146Z] at prepareEsbuildScanner (file:///home/ubuntu/senec-design/node_modules/.pnpm/vite@6.4.1_@types+node@25.2.0_jiti@1.21.7_yaml@2.8.2/node_modules/vite/dist/node/chunks/dep-D4NMHUTW.js:14266:24)
[2026-02-06T15:59:37.146Z] 
[2026-02-06T15:59:37.147Z] The plugin "vite:dep-scan" was triggered by this import
[2026-02-06T15:59:37.147Z] 
[2026-02-06T15:59:37.147Z] <stdin>:27:7:
[2026-02-06T15:59:37.147Z] [37m      27 │ import [32m"/home/ubuntu/senec-design/src/pages/pv-wartung-leipzig.astro"[37m
[2026-02-06T15:59:37.148Z] ╵        [32m~~~~~~~~~~~~~~~~~~~~~~~~~~~~~~~~~~~~~~~~~~~~~~~~~~~~~~~~~~~~~~[0m
[2026-02-06T15:59:37.148Z] 
[2026-02-06T15:59:37.148Z] 
[2026-02-06T15:59:37.148Z] [31m✘ [41;31m[[41;97mERROR[41;31m][0m [1mThe server is being restarted or closed. Request is outdated[0m [1m[35m[plugin vite:dep-scan][0m
[2026-02-06T15:59:37.149Z] 
[2026-02-06T15:59:37.149Z] node_modules/.pnpm/esbuild@0.25.12/node_modules/esbuild/lib/main.js:1217:27:
[2026-02-06T15:59:37.149Z] [37m      1217 │         let result = await [32m[37mcallback({
[2026-02-06T15:59:37.149Z] ╵                            [32m^[0m
[2026-02-06T15:59:37.150Z] 
[2026-02-06T15:59:37.150Z] at throwClosedServerError (file:///home/ubuntu/senec-design/node_modules/.pnpm/vite@6.4.1_@types+node@25.2.0_jiti@1.21.7_yaml@2.8.2/node_modules/vite/dist/node/chunks/dep-D4NMHUTW.js:42055:15)
[2026-02-06T15:59:37.150Z] at EnvironmentPluginContainer.resolveId (file:///home/ubuntu/senec-design/node_modules/.pnpm/vite@6.4.1_@types+node@25.2.0_jiti@1.21.7_yaml@2.8.2/node_modules/vite/dist/node/chunks/dep-D4NMHUTW.js:42234:9)
[2026-02-06T15:59:37.150Z] at resolveId (file:///home/ubuntu/senec-design/node_modules/.pnpm/vite@6.4.1_@types+node@25.2.0_jiti@1.21.7_yaml@2.8.2/node_modules/vite/dist/node/chunks/dep-D4NMHUTW.js:14314:40)
[2026-02-06T15:59:37.151Z] at resolve (file:///home/ubuntu/senec-design/node_modules/.pnpm/vite@6.4.1_@types+node@25.2.0_jiti@1.21.7_yaml@2.8.2/node_modules/vite/dist/node/chunks/dep-D4NMHUTW.js:14325:28)
[2026-02-06T15:59:37.151Z] at file:///home/ubuntu/senec-design/node_modules/.pnpm/vite@6.4.1_@types+node@25.2.0_jiti@1.21.7_yaml@2.8.2/node_modules/vite/dist/node/chunks/dep-D4NMHUTW.js:14380:32
[2026-02-06T15:59:37.151Z] at requestCallbacks.on-resolve (/home/ubuntu/senec-design/node_modules/.pnpm/esbuild@0.25.12/node_modules/esbuild/lib/main.js:1217:28)
[2026-02-06T15:59:37.152Z] at handleRequest (/home/ubuntu/senec-design/node_modules/.pnpm/esbuild@0.25.12/node_modules/esbuild/lib/main.js:628:17)
[2026-02-06T15:59:37.152Z] at handleIncomingPacket (/home/ubuntu/senec-design/node_modules/.pnpm/esbuild@0.25.12/node_modules/esbuild/lib/main.js:653:7)
[2026-02-06T15:59:37.152Z] at Socket.readFromStdout (/home/ubuntu/senec-design/node_modules/.pnpm/esbuild@0.25.12/node_modules/esbuild/lib/main.js:581:7)
[2026-02-06T15:59:37.152Z] at Socket.emit (node:events:524:28)
[2026-02-06T15:59:37.153Z] 
[2026-02-06T15:59:37.153Z] This error came from the "onResolve" callback registered here:
[2026-02-06T15:59:37.153Z] 
[2026-02-06T15:59:37.154Z] node_modules/.pnpm/esbuild@0.25.12/node_modules/esbuild/lib/main.js:1141:20:
[2026-02-06T15:59:37.154Z] [37m      1141 │       let promise = [32m[37msetup({
[2026-02-06T15:59:37.154Z] ╵                     [32m^[0m
[2026-02-06T15:59:37.154Z] 
[2026-02-06T15:59:37.155Z] at setup (file:///home/ubuntu/senec-design/node_modules/.pnpm/vite@6.4.1_@types+node@25.2.0_jiti@1.21.7_yaml@2.8.2/node_modules/vite/dist/node/chunks/dep-D4NMHUTW.js:14379:13)
[2026-02-06T15:59:37.155Z] at handlePlugins (/home/ubuntu/senec-design/node_modules/.pnpm/esbuild@0.25.12/node_modules/esbuild/lib/main.js:1141:21)
[2026-02-06T15:59:37.155Z] at buildOrContextImpl (/home/ubuntu/senec-design/node_modules/.pnpm/esbuild@0.25.12/node_modules/esbuild/lib/main.js:854:5)
[2026-02-06T15:59:37.156Z] at Object.buildOrContext (/home/ubuntu/senec-design/node_modules/.pnpm/esbuild@0.25.12/node_modules/esbuild/lib/main.js:680:5)
[2026-02-06T15:59:37.156Z] at /home/ubuntu/senec-design/node_modules/.pnpm/esbuild@0.25.12/node_modules/esbuild/lib/main.js:2035:68
[2026-02-06T15:59:37.156Z] at new Promise (<anonymous>)
[2026-02-06T15:59:37.156Z] at Object.context (/home/ubuntu/senec-design/node_modules/.pnpm/esbuild@0.25.12/node_modules/esbuild/lib/main.js:2035:27)
[2026-02-06T15:59:37.157Z] at Object.context (/home/ubuntu/senec-design/node_modules/.pnpm/esbuild@0.25.12/node_modules/esbuild/lib/main.js:1877:58)
[2026-02-06T15:59:37.157Z] at prepareEsbuildScanner (file:///home/ubuntu/senec-design/node_modules/.pnpm/vite@6.4.1_@types+node@25.2.0_jiti@1.21.7_yaml@2.8.2/node_modules/vite/dist/node/chunks/dep-D4NMHUTW.js:14266:24)
[2026-02-06T15:59:37.157Z] 
[2026-02-06T15:59:37.158Z] The plugin "vite:dep-scan" was triggered by this import
[2026-02-06T15:59:37.158Z] 
[2026-02-06T15:59:37.158Z] <stdin>:28:7:
[2026-02-06T15:59:37.159Z] [37m      28 │ import [32m"/home/ubuntu/senec-design/src/pages/ratgeber.astro"[37m
[2026-02-06T15:59:37.159Z] ╵        [32m~~~~~~~~~~~~~~~~~~~~~~~~~~~~~~~~~~~~~~~~~~~~~~~~~~~~[0m
[2026-02-06T15:59:37.159Z] 
[2026-02-06T15:59:37.159Z] 
[2026-02-06T15:59:37.160Z] [31m✘ [41;31m[[41;97mERROR[41;31m][0m [1mThe server is being restarted or closed. Request is outdated[0m [1m[35m[plugin vite:dep-scan][0m
[2026-02-06T15:59:37.160Z] 
[2026-02-06T15:59:37.160Z] node_modules/.pnpm/esbuild@0.25.12/node_modules/esbuild/lib/main.js:1217:27:
[2026-02-06T15:59:37.160Z] [37m      1217 │         let result = await [32m[37mcallback({
[2026-02-06T15:59:37.161Z] ╵                            [32m^[0m
[2026-02-06T15:59:37.161Z] 
[2026-02-06T15:59:37.161Z] at throwClosedServerError (file:///home/ubuntu/senec-design/node_modules/.pnpm/vite@6.4.1_@types+node@25.2.0_jiti@1.21.7_yaml@2.8.2/node_modules/vite/dist/node/chunks/dep-D4NMHUTW.js:42055:15)
[2026-02-06T15:59:37.162Z] at EnvironmentPluginContainer.resolveId (file:///home/ubuntu/senec-design/node_modules/.pnpm/vite@6.4.1_@types+node@25.2.0_jiti@1.21.7_yaml@2.8.2/node_modules/vite/dist/node/chunks/dep-D4NMHUTW.js:42234:9)
[2026-02-06T15:59:37.162Z] at resolveId (file:///home/ubuntu/senec-design/node_modules/.pnpm/vite@6.4.1_@types+node@25.2.0_jiti@1.21.7_yaml@2.8.2/node_modules/vite/dist/node/chunks/dep-D4NMHUTW.js:14314:40)
[2026-02-06T15:59:37.162Z] at resolve (file:///home/ubuntu/senec-design/node_modules/.pnpm/vite@6.4.1_@types+node@25.2.0_jiti@1.21.7_yaml@2.8.2/node_modules/vite/dist/node/chunks/dep-D4NMHUTW.js:14325:28)
[2026-02-06T15:59:37.162Z] at file:///home/ubuntu/senec-design/node_modules/.pnpm/vite@6.4.1_@types+node@25.2.0_jiti@1.21.7_yaml@2.8.2/node_modules/vite/dist/node/chunks/dep-D4NMHUTW.js:14380:32
[2026-02-06T15:59:37.163Z] at requestCallbacks.on-resolve (/home/ubuntu/senec-design/node_modules/.pnpm/esbuild@0.25.12/node_modules/esbuild/lib/main.js:1217:28)
[2026-02-06T15:59:37.163Z] at handleRequest (/home/ubuntu/senec-design/node_modules/.pnpm/esbuild@0.25.12/node_modules/esbuild/lib/main.js:628:17)
[2026-02-06T15:59:37.163Z] at handleIncomingPacket (/home/ubuntu/senec-design/node_modules/.pnpm/esbuild@0.25.12/node_modules/esbuild/lib/main.js:653:7)
[2026-02-06T15:59:37.164Z] at Socket.readFromStdout (/home/ubuntu/senec-design/node_modules/.pnpm/esbuild@0.25.12/node_modules/esbuild/lib/main.js:581:7)
[2026-02-06T15:59:37.164Z] at Socket.emit (node:events:524:28)
[2026-02-06T15:59:37.164Z] 
[2026-02-06T15:59:37.164Z] This error came from the "onResolve" callback registered here:
[2026-02-06T15:59:37.165Z] 
[2026-02-06T15:59:37.165Z] node_modules/.pnpm/esbuild@0.25.12/node_modules/esbuild/lib/main.js:1141:20:
[2026-02-06T15:59:37.165Z] [37m      1141 │       let promise = [32m[37msetup({
[2026-02-06T15:59:37.165Z] ╵                     [32m^[0m
[2026-02-06T15:59:37.166Z] 
[2026-02-06T15:59:37.166Z] at setup (file:///home/ubuntu/senec-design/node_modules/.pnpm/vite@6.4.1_@types+node@25.2.0_jiti@1.21.7_yaml@2.8.2/node_modules/vite/dist/node/chunks/dep-D4NMHUTW.js:14379:13)
[2026-02-06T15:59:37.166Z] at handlePlugins (/home/ubuntu/senec-design/node_modules/.pnpm/esbuild@0.25.12/node_modules/esbuild/lib/main.js:1141:21)
[2026-02-06T15:59:37.167Z] at buildOrContextImpl (/home/ubuntu/senec-design/node_modules/.pnpm/esbuild@0.25.12/node_modules/esbuild/lib/main.js:854:5)
[2026-02-06T15:59:37.167Z] at Object.buildOrContext (/home/ubuntu/senec-design/node_modules/.pnpm/esbuild@0.25.12/node_modules/esbuild/lib/main.js:680:5)
[2026-02-06T15:59:37.167Z] at /home/ubuntu/senec-design/node_modules/.pnpm/esbuild@0.25.12/node_modules/esbuild/lib/main.js:2035:68
[2026-02-06T15:59:37.167Z] at new Promise (<anonymous>)
[2026-02-06T15:59:37.168Z] at Object.context (/home/ubuntu/senec-design/node_modules/.pnpm/esbuild@0.25.12/node_modules/esbuild/lib/main.js:2035:27)
[2026-02-06T15:59:37.168Z] at Object.context (/home/ubuntu/senec-design/node_modules/.pnpm/esbuild@0.25.12/node_modules/esbuild/lib/main.js:1877:58)
[2026-02-06T15:59:37.168Z] at prepareEsbuildScanner (file:///home/ubuntu/senec-design/node_modules/.pnpm/vite@6.4.1_@types+node@25.2.0_jiti@1.21.7_yaml@2.8.2/node_modules/vite/dist/node/chunks/dep-D4NMHUTW.js:14266:24)
[2026-02-06T15:59:37.169Z] 
[2026-02-06T15:59:37.169Z] The plugin "vite:dep-scan" was triggered by this import
[2026-02-06T15:59:37.169Z] 
[2026-02-06T15:59:37.169Z] <stdin>:29:7:
[2026-02-06T15:59:37.170Z] [37m      29 │ import [32m"/home/ubuntu/senec-design/src/pages/referenzen.astro"[37m
[2026-02-06T15:59:37.170Z] ╵        [32m~~~~~~~~~~~~~~~~~~~~~~~~~~~~~~~~~~~~~~~~~~~~~~~~~~~~~~[0m
[2026-02-06T15:59:37.170Z] 
[2026-02-06T15:59:37.170Z] 
[2026-02-06T15:59:37.171Z] [31m✘ [41;31m[[41;97mERROR[41;31m][0m [1mThe server is being restarted or closed. Request is outdated[0m [1m[35m[plugin vite:dep-scan][0m
[2026-02-06T15:59:37.171Z] 
[2026-02-06T15:59:37.171Z] node_modules/.pnpm/esbuild@0.25.12/node_modules/esbuild/lib/main.js:1217:27:
[2026-02-06T15:59:37.171Z] [37m      1217 │         let result = await [32m[37mcallback({
[2026-02-06T15:59:37.172Z] ╵                            [32m^[0m
[2026-02-06T15:59:37.172Z] 
[2026-02-06T15:59:37.172Z] at throwClosedServerError (file:///home/ubuntu/senec-design/node_modules/.pnpm/vite@6.4.1_@types+node@25.2.0_jiti@1.21.7_yaml@2.8.2/node_modules/vite/dist/node/chunks/dep-D4NMHUTW.js:42055:15)
[2026-02-06T15:59:37.173Z] at EnvironmentPluginContainer.resolveId (file:///home/ubuntu/senec-design/node_modules/.pnpm/vite@6.4.1_@types+node@25.2.0_jiti@1.21.7_yaml@2.8.2/node_modules/vite/dist/node/chunks/dep-D4NMHUTW.js:42234:9)
[2026-02-06T15:59:37.173Z] at resolveId (file:///home/ubuntu/senec-design/node_modules/.pnpm/vite@6.4.1_@types+node@25.2.0_jiti@1.21.7_yaml@2.8.2/node_modules/vite/dist/node/chunks/dep-D4NMHUTW.js:14314:40)
[2026-02-06T15:59:37.173Z] at resolve (file:///home/ubuntu/senec-design/node_modules/.pnpm/vite@6.4.1_@types+node@25.2.0_jiti@1.21.7_yaml@2.8.2/node_modules/vite/dist/node/chunks/dep-D4NMHUTW.js:14325:28)
[2026-02-06T15:59:37.173Z] at file:///home/ubuntu/senec-design/node_modules/.pnpm/vite@6.4.1_@types+node@25.2.0_jiti@1.21.7_yaml@2.8.2/node_modules/vite/dist/node/chunks/dep-D4NMHUTW.js:14380:32
[2026-02-06T15:59:37.174Z] at requestCallbacks.on-resolve (/home/ubuntu/senec-design/node_modules/.pnpm/esbuild@0.25.12/node_modules/esbuild/lib/main.js:1217:28)
[2026-02-06T15:59:37.174Z] at handleRequest (/home/ubuntu/senec-design/node_modules/.pnpm/esbuild@0.25.12/node_modules/esbuild/lib/main.js:628:17)
[2026-02-06T15:59:37.174Z] at handleIncomingPacket (/home/ubuntu/senec-design/node_modules/.pnpm/esbuild@0.25.12/node_modules/esbuild/lib/main.js:653:7)
[2026-02-06T15:59:37.175Z] at Socket.readFromStdout (/home/ubuntu/senec-design/node_modules/.pnpm/esbuild@0.25.12/node_modules/esbuild/lib/main.js:581:7)
[2026-02-06T15:59:37.175Z] at Socket.emit (node:events:524:28)
[2026-02-06T15:59:37.175Z] 
[2026-02-06T15:59:37.175Z] This error came from the "onResolve" callback registered here:
[2026-02-06T15:59:37.176Z] 
[2026-02-06T15:59:37.176Z] node_modules/.pnpm/esbuild@0.25.12/node_modules/esbuild/lib/main.js:1141:20:
[2026-02-06T15:59:37.176Z] [37m      1141 │       let promise = [32m[37msetup({
[2026-02-06T15:59:37.176Z] ╵                     [32m^[0m
[2026-02-06T15:59:37.177Z] 
[2026-02-06T15:59:37.177Z] at setup (file:///home/ubuntu/senec-design/node_modules/.pnpm/vite@6.4.1_@types+node@25.2.0_jiti@1.21.7_yaml@2.8.2/node_modules/vite/dist/node/chunks/dep-D4NMHUTW.js:14379:13)
[2026-02-06T15:59:37.177Z] at handlePlugins (/home/ubuntu/senec-design/node_modules/.pnpm/esbuild@0.25.12/node_modules/esbuild/lib/main.js:1141:21)
[2026-02-06T15:59:37.178Z] at buildOrContextImpl (/home/ubuntu/senec-design/node_modules/.pnpm/esbuild@0.25.12/node_modules/esbuild/lib/main.js:854:5)
[2026-02-06T15:59:37.178Z] at Object.buildOrContext (/home/ubuntu/senec-design/node_modules/.pnpm/esbuild@0.25.12/node_modules/esbuild/lib/main.js:680:5)
[2026-02-06T15:59:37.178Z] at /home/ubuntu/senec-design/node_modules/.pnpm/esbuild@0.25.12/node_modules/esbuild/lib/main.js:2035:68
[2026-02-06T15:59:37.178Z] at new Promise (<anonymous>)
[2026-02-06T15:59:37.179Z] at Object.context (/home/ubuntu/senec-design/node_modules/.pnpm/esbuild@0.25.12/node_modules/esbuild/lib/main.js:2035:27)
[2026-02-06T15:59:37.179Z] at Object.context (/home/ubuntu/senec-design/node_modules/.pnpm/esbuild@0.25.12/node_modules/esbuild/lib/main.js:1877:58)
[2026-02-06T15:59:37.179Z] at prepareEsbuildScanner (file:///home/ubuntu/senec-design/node_modules/.pnpm/vite@6.4.1_@types+node@25.2.0_jiti@1.21.7_yaml@2.8.2/node_modules/vite/dist/node/chunks/dep-D4NMHUTW.js:14266:24)
[2026-02-06T15:59:37.179Z] 
[2026-02-06T15:59:37.180Z] The plugin "vite:dep-scan" was triggered by this import
[2026-02-06T15:59:37.180Z] 
[2026-02-06T15:59:37.180Z] <stdin>:30:7:
[2026-02-06T15:59:37.180Z] [37m      30 │ import [32m"/home/ubuntu/senec-design/src/pages/seo.astro"[37m
[2026-02-06T15:59:37.181Z] ╵        [32m~~~~~~~~~~~~~~~~~~~~~~~~~~~~~~~~~~~~~~~~~~~~~~~[0m
[2026-02-06T15:59:37.181Z] 
[2026-02-06T15:59:37.181Z] 
[2026-02-06T15:59:37.181Z] [31m✘ [41;31m[[41;97mERROR[41;31m][0m [1mThe server is being restarted or closed. Request is outdated[0m [1m[35m[plugin vite:dep-scan][0m
[2026-02-06T15:59:37.182Z] 
[2026-02-06T15:59:37.182Z] node_modules/.pnpm/esbuild@0.25.12/node_modules/esbuild/lib/main.js:1217:27:
[2026-02-06T15:59:37.182Z] [37m      1217 │         let result = await [32m[37mcallback({
[2026-02-06T15:59:37.182Z] ╵                            [32m^[0m
[2026-02-06T15:59:37.183Z] 
[2026-02-06T15:59:37.183Z] at throwClosedServerError (file:///home/ubuntu/senec-design/node_modules/.pnpm/vite@6.4.1_@types+node@25.2.0_jiti@1.21.7_yaml@2.8.2/node_modules/vite/dist/node/chunks/dep-D4NMHUTW.js:42055:15)
[2026-02-06T15:59:37.183Z] at EnvironmentPluginContainer.resolveId (file:///home/ubuntu/senec-design/node_modules/.pnpm/vite@6.4.1_@types+node@25.2.0_jiti@1.21.7_yaml@2.8.2/node_modules/vite/dist/node/chunks/dep-D4NMHUTW.js:42234:9)
[2026-02-06T15:59:37.184Z] at resolveId (file:///home/ubuntu/senec-design/node_modules/.pnpm/vite@6.4.1_@types+node@25.2.0_jiti@1.21.7_yaml@2.8.2/node_modules/vite/dist/node/chunks/dep-D4NMHUTW.js:14314:40)
[2026-02-06T15:59:37.184Z] at resolve (file:///home/ubuntu/senec-design/node_modules/.pnpm/vite@6.4.1_@types+node@25.2.0_jiti@1.21.7_yaml@2.8.2/node_modules/vite/dist/node/chunks/dep-D4NMHUTW.js:14325:28)
[2026-02-06T15:59:37.184Z] at file:///home/ubuntu/senec-design/node_modules/.pnpm/vite@6.4.1_@types+node@25.2.0_jiti@1.21.7_yaml@2.8.2/node_modules/vite/dist/node/chunks/dep-D4NMHUTW.js:14380:32
[2026-02-06T15:59:37.184Z] at requestCallbacks.on-resolve (/home/ubuntu/senec-design/node_modules/.pnpm/esbuild@0.25.12/node_modules/esbuild/lib/main.js:1217:28)
[2026-02-06T15:59:37.185Z] at handleRequest (/home/ubuntu/senec-design/node_modules/.pnpm/esbuild@0.25.12/node_modules/esbuild/lib/main.js:628:17)
[2026-02-06T15:59:37.185Z] at handleIncomingPacket (/home/ubuntu/senec-design/node_modules/.pnpm/esbuild@0.25.12/node_modules/esbuild/lib/main.js:653:7)
[2026-02-06T15:59:37.185Z] at Socket.readFromStdout (/home/ubuntu/senec-design/node_modules/.pnpm/esbuild@0.25.12/node_modules/esbuild/lib/main.js:581:7)
[2026-02-06T15:59:37.185Z] at Socket.emit (node:events:524:28)
[2026-02-06T15:59:37.186Z] 
[2026-02-06T15:59:37.186Z] This error came from the "onResolve" callback registered here:
[2026-02-06T15:59:37.186Z] 
[2026-02-06T15:59:37.186Z] node_modules/.pnpm/esbuild@0.25.12/node_modules/esbuild/lib/main.js:1141:20:
[2026-02-06T15:59:37.187Z] [37m      1141 │       let promise = [32m[37msetup({
[2026-02-06T15:59:37.187Z] ╵                     [32m^[0m
[2026-02-06T15:59:37.187Z] 
[2026-02-06T15:59:37.188Z] at setup (file:///home/ubuntu/senec-design/node_modules/.pnpm/vite@6.4.1_@types+node@25.2.0_jiti@1.21.7_yaml@2.8.2/node_modules/vite/dist/node/chunks/dep-D4NMHUTW.js:14379:13)
[2026-02-06T15:59:37.188Z] at handlePlugins (/home/ubuntu/senec-design/node_modules/.pnpm/esbuild@0.25.12/node_modules/esbuild/lib/main.js:1141:21)
[2026-02-06T15:59:37.188Z] at buildOrContextImpl (/home/ubuntu/senec-design/node_modules/.pnpm/esbuild@0.25.12/node_modules/esbuild/lib/main.js:854:5)
[2026-02-06T15:59:37.188Z] at Object.buildOrContext (/home/ubuntu/senec-design/node_modules/.pnpm/esbuild@0.25.12/node_modules/esbuild/lib/main.js:680:5)
[2026-02-06T15:59:37.189Z] at /home/ubuntu/senec-design/node_modules/.pnpm/esbuild@0.25.12/node_modules/esbuild/lib/main.js:2035:68
[2026-02-06T15:59:37.189Z] at new Promise (<anonymous>)
[2026-02-06T15:59:37.189Z] at Object.context (/home/ubuntu/senec-design/node_modules/.pnpm/esbuild@0.25.12/node_modules/esbuild/lib/main.js:2035:27)
[2026-02-06T15:59:37.189Z] at Object.context (/home/ubuntu/senec-design/node_modules/.pnpm/esbuild@0.25.12/node_modules/esbuild/lib/main.js:1877:58)
[2026-02-06T15:59:37.190Z] at prepareEsbuildScanner (file:///home/ubuntu/senec-design/node_modules/.pnpm/vite@6.4.1_@types+node@25.2.0_jiti@1.21.7_yaml@2.8.2/node_modules/vite/dist/node/chunks/dep-D4NMHUTW.js:14266:24)
[2026-02-06T15:59:37.190Z] 
[2026-02-06T15:59:37.190Z] The plugin "vite:dep-scan" was triggered by this import
[2026-02-06T15:59:37.191Z] 
[2026-02-06T15:59:37.191Z] <stdin>:31:7:
[2026-02-06T15:59:37.191Z] [37m      31 │ import [32m"/home/ubuntu/senec-design/src/pages/service.astro"[37m
[2026-02-06T15:59:37.191Z] ╵        [32m~~~~~~~~~~~~~~~~~~~~~~~~~~~~~~~~~~~~~~~~~~~~~~~~~~~[0m
[2026-02-06T15:59:37.192Z] 
[2026-02-06T15:59:37.192Z] 
[2026-02-06T15:59:37.192Z] [31m✘ [41;31m[[41;97mERROR[41;31m][0m [1mThe server is being restarted or closed. Request is outdated[0m [1m[35m[plugin vite:dep-scan][0m
[2026-02-06T15:59:37.192Z] 
[2026-02-06T15:59:37.193Z] node_modules/.pnpm/esbuild@0.25.12/node_modules/esbuild/lib/main.js:1217:27:
[2026-02-06T15:59:37.193Z] [37m      1217 │         let result = await [32m[37mcallback({
[2026-02-06T15:59:37.193Z] ╵                            [32m^[0m
[2026-02-06T15:59:37.194Z] 
[2026-02-06T15:59:37.194Z] at throwClosedServerError (file:///home/ubuntu/senec-design/node_modules/.pnpm/vite@6.4.1_@types+node@25.2.0_jiti@1.21.7_yaml@2.8.2/node_modules/vite/dist/node/chunks/dep-D4NMHUTW.js:42055:15)
[2026-02-06T15:59:37.194Z] at EnvironmentPluginContainer.resolveId (file:///home/ubuntu/senec-design/node_modules/.pnpm/vite@6.4.1_@types+node@25.2.0_jiti@1.21.7_yaml@2.8.2/node_modules/vite/dist/node/chunks/dep-D4NMHUTW.js:42234:9)
[2026-02-06T15:59:37.194Z] at resolveId (file:///home/ubuntu/senec-design/node_modules/.pnpm/vite@6.4.1_@types+node@25.2.0_jiti@1.21.7_yaml@2.8.2/node_modules/vite/dist/node/chunks/dep-D4NMHUTW.js:14314:40)
[2026-02-06T15:59:37.195Z] at resolve (file:///home/ubuntu/senec-design/node_modules/.pnpm/vite@6.4.1_@types+node@25.2.0_jiti@1.21.7_yaml@2.8.2/node_modules/vite/dist/node/chunks/dep-D4NMHUTW.js:14325:28)
[2026-02-06T15:59:37.195Z] at file:///home/ubuntu/senec-design/node_modules/.pnpm/vite@6.4.1_@types+node@25.2.0_jiti@1.21.7_yaml@2.8.2/node_modules/vite/dist/node/chunks/dep-D4NMHUTW.js:14380:32
[2026-02-06T15:59:37.195Z] at requestCallbacks.on-resolve (/home/ubuntu/senec-design/node_modules/.pnpm/esbuild@0.25.12/node_modules/esbuild/lib/main.js:1217:28)
[2026-02-06T15:59:37.196Z] at handleRequest (/home/ubuntu/senec-design/node_modules/.pnpm/esbuild@0.25.12/node_modules/esbuild/lib/main.js:628:17)
[2026-02-06T15:59:37.196Z] at handleIncomingPacket (/home/ubuntu/senec-design/node_modules/.pnpm/esbuild@0.25.12/node_modules/esbuild/lib/main.js:653:7)
[2026-02-06T15:59:37.196Z] at Socket.readFromStdout (/home/ubuntu/senec-design/node_modules/.pnpm/esbuild@0.25.12/node_modules/esbuild/lib/main.js:581:7)
[2026-02-06T15:59:37.197Z] at Socket.emit (node:events:524:28)
[2026-02-06T15:59:37.197Z] 
[2026-02-06T15:59:37.197Z] This error came from the "onResolve" callback registered here:
[2026-02-06T15:59:37.197Z] 
[2026-02-06T15:59:37.198Z] node_modules/.pnpm/esbuild@0.25.12/node_modules/esbuild/lib/main.js:1141:20:
[2026-02-06T15:59:37.198Z] [37m      1141 │       let promise = [32m[37msetup({
[2026-02-06T15:59:37.198Z] ╵                     [32m^[0m
[2026-02-06T15:59:37.198Z] 
[2026-02-06T15:59:37.199Z] at setup (file:///home/ubuntu/senec-design/node_modules/.pnpm/vite@6.4.1_@types+node@25.2.0_jiti@1.21.7_yaml@2.8.2/node_modules/vite/dist/node/chunks/dep-D4NMHUTW.js:14379:13)
[2026-02-06T15:59:37.199Z] at handlePlugins (/home/ubuntu/senec-design/node_modules/.pnpm/esbuild@0.25.12/node_modules/esbuild/lib/main.js:1141:21)
[2026-02-06T15:59:37.199Z] at buildOrContextImpl (/home/ubuntu/senec-design/node_modules/.pnpm/esbuild@0.25.12/node_modules/esbuild/lib/main.js:854:5)
[2026-02-06T15:59:37.200Z] at Object.buildOrContext (/home/ubuntu/senec-design/node_modules/.pnpm/esbuild@0.25.12/node_modules/esbuild/lib/main.js:680:5)
[2026-02-06T15:59:37.200Z] at /home/ubuntu/senec-design/node_modules/.pnpm/esbuild@0.25.12/node_modules/esbuild/lib/main.js:2035:68
[2026-02-06T15:59:37.200Z] at new Promise (<anonymous>)
[2026-02-06T15:59:37.200Z] at Object.context (/home/ubuntu/senec-design/node_modules/.pnpm/esbuild@0.25.12/node_modules/esbuild/lib/main.js:2035:27)
[2026-02-06T15:59:37.201Z] at Object.context (/home/ubuntu/senec-design/node_modules/.pnpm/esbuild@0.25.12/node_modules/esbuild/lib/main.js:1877:58)
[2026-02-06T15:59:37.201Z] at prepareEsbuildScanner (file:///home/ubuntu/senec-design/node_modules/.pnpm/vite@6.4.1_@types+node@25.2.0_jiti@1.21.7_yaml@2.8.2/node_modules/vite/dist/node/chunks/dep-D4NMHUTW.js:14266:24)
[2026-02-06T15:59:37.201Z] 
[2026-02-06T15:59:37.201Z] The plugin "vite:dep-scan" was triggered by this import
[2026-02-06T15:59:37.202Z] 
[2026-02-06T15:59:37.202Z] <stdin>:32:7:
[2026-02-06T15:59:37.202Z] [37m      32 │ import [32m"/home/ubuntu/senec-design/src/pages/solaranlage-leipzig.as[37m...
[2026-02-06T15:59:37.203Z] ╵        [32m~~~~~~~~~~~~~~~~~~~~~~~~~~~~~~~~~~~~~~~~~~~~~~~~~~~~~~~~~~~[0m
[2026-02-06T15:59:37.203Z] 
[2026-02-06T15:59:37.203Z] 
[2026-02-06T15:59:37.205Z] [31m✘ [41;31m[[41;97mERROR[41;31m][0m [1mThe server is being restarted or closed. Request is outdated[0m [1m[35m[plugin vite:dep-scan][0m
[2026-02-06T15:59:37.205Z] 
[2026-02-06T15:59:37.205Z] node_modules/.pnpm/esbuild@0.25.12/node_modules/esbuild/lib/main.js:1217:27:
[2026-02-06T15:59:37.206Z] [37m      1217 │         let result = await [32m[37mcallback({
[2026-02-06T15:59:37.206Z] ╵                            [32m^[0m
[2026-02-06T15:59:37.206Z] 
[2026-02-06T15:59:37.206Z] at throwClosedServerError (file:///home/ubuntu/senec-design/node_modules/.pnpm/vite@6.4.1_@types+node@25.2.0_jiti@1.21.7_yaml@2.8.2/node_modules/vite/dist/node/chunks/dep-D4NMHUTW.js:42055:15)
[2026-02-06T15:59:37.207Z] at EnvironmentPluginContainer.resolveId (file:///home/ubuntu/senec-design/node_modules/.pnpm/vite@6.4.1_@types+node@25.2.0_jiti@1.21.7_yaml@2.8.2/node_modules/vite/dist/node/chunks/dep-D4NMHUTW.js:42234:9)
[2026-02-06T15:59:37.207Z] at resolveId (file:///home/ubuntu/senec-design/node_modules/.pnpm/vite@6.4.1_@types+node@25.2.0_jiti@1.21.7_yaml@2.8.2/node_modules/vite/dist/node/chunks/dep-D4NMHUTW.js:14314:40)
[2026-02-06T15:59:37.207Z] at resolve (file:///home/ubuntu/senec-design/node_modules/.pnpm/vite@6.4.1_@types+node@25.2.0_jiti@1.21.7_yaml@2.8.2/node_modules/vite/dist/node/chunks/dep-D4NMHUTW.js:14325:28)
[2026-02-06T15:59:37.208Z] at file:///home/ubuntu/senec-design/node_modules/.pnpm/vite@6.4.1_@types+node@25.2.0_jiti@1.21.7_yaml@2.8.2/node_modules/vite/dist/node/chunks/dep-D4NMHUTW.js:14380:32
[2026-02-06T15:59:37.208Z] at requestCallbacks.on-resolve (/home/ubuntu/senec-design/node_modules/.pnpm/esbuild@0.25.12/node_modules/esbuild/lib/main.js:1217:28)
[2026-02-06T15:59:37.208Z] at handleRequest (/home/ubuntu/senec-design/node_modules/.pnpm/esbuild@0.25.12/node_modules/esbuild/lib/main.js:628:17)
[2026-02-06T15:59:37.209Z] at handleIncomingPacket (/home/ubuntu/senec-design/node_modules/.pnpm/esbuild@0.25.12/node_modules/esbuild/lib/main.js:653:7)
[2026-02-06T15:59:37.209Z] at Socket.readFromStdout (/home/ubuntu/senec-design/node_modules/.pnpm/esbuild@0.25.12/node_modules/esbuild/lib/main.js:581:7)
[2026-02-06T15:59:37.209Z] at Socket.emit (node:events:524:28)
[2026-02-06T15:59:37.209Z] 
[2026-02-06T15:59:37.210Z] This error came from the "onResolve" callback registered here:
[2026-02-06T15:59:37.210Z] 
[2026-02-06T15:59:37.210Z] node_modules/.pnpm/esbuild@0.25.12/node_modules/esbuild/lib/main.js:1141:20:
[2026-02-06T15:59:37.210Z] [37m      1141 │       let promise = [32m[37msetup({
[2026-02-06T15:59:37.211Z] ╵                     [32m^[0m
[2026-02-06T15:59:37.211Z] 
[2026-02-06T15:59:37.211Z] at setup (file:///home/ubuntu/senec-design/node_modules/.pnpm/vite@6.4.1_@types+node@25.2.0_jiti@1.21.7_yaml@2.8.2/node_modules/vite/dist/node/chunks/dep-D4NMHUTW.js:14379:13)
[2026-02-06T15:59:37.211Z] at handlePlugins (/home/ubuntu/senec-design/node_modules/.pnpm/esbuild@0.25.12/node_modules/esbuild/lib/main.js:1141:21)
[2026-02-06T15:59:37.212Z] at buildOrContextImpl (/home/ubuntu/senec-design/node_modules/.pnpm/esbuild@0.25.12/node_modules/esbuild/lib/main.js:854:5)
[2026-02-06T15:59:37.212Z] at Object.buildOrContext (/home/ubuntu/senec-design/node_modules/.pnpm/esbuild@0.25.12/node_modules/esbuild/lib/main.js:680:5)
[2026-02-06T15:59:37.212Z] at /home/ubuntu/senec-design/node_modules/.pnpm/esbuild@0.25.12/node_modules/esbuild/lib/main.js:2035:68
[2026-02-06T15:59:37.213Z] at new Promise (<anonymous>)
[2026-02-06T15:59:37.213Z] at Object.context (/home/ubuntu/senec-design/node_modules/.pnpm/esbuild@0.25.12/node_modules/esbuild/lib/main.js:2035:27)
[2026-02-06T15:59:37.213Z] at Object.context (/home/ubuntu/senec-design/node_modules/.pnpm/esbuild@0.25.12/node_modules/esbuild/lib/main.js:1877:58)
[2026-02-06T15:59:37.213Z] at prepareEsbuildScanner (file:///home/ubuntu/senec-design/node_modules/.pnpm/vite@6.4.1_@types+node@25.2.0_jiti@1.21.7_yaml@2.8.2/node_modules/vite/dist/node/chunks/dep-D4NMHUTW.js:14266:24)
[2026-02-06T15:59:37.214Z] 
[2026-02-06T15:59:37.214Z] The plugin "vite:dep-scan" was triggered by this import
[2026-02-06T15:59:37.214Z] 
[2026-02-06T15:59:37.214Z] <stdin>:33:7:
[2026-02-06T15:59:37.215Z] [37m      33 │ import [32m"/home/ubuntu/senec-design/src/pages/solarmanager.astro"[37m
[2026-02-06T15:59:37.215Z] ╵        [32m~~~~~~~~~~~~~~~~~~~~~~~~~~~~~~~~~~~~~~~~~~~~~~~~~~~~~~~~[0m
[2026-02-06T15:59:37.215Z] 
[2026-02-06T15:59:37.215Z] 
[2026-02-06T15:59:37.216Z] [31m✘ [41;31m[[41;97mERROR[41;31m][0m [1mThe server is being restarted or closed. Request is outdated[0m [1m[35m[plugin vite:dep-scan][0m
[2026-02-06T15:59:37.216Z] 
[2026-02-06T15:59:37.216Z] node_modules/.pnpm/esbuild@0.25.12/node_modules/esbuild/lib/main.js:1217:27:
[2026-02-06T15:59:37.217Z] [37m      1217 │         let result = await [32m[37mcallback({
[2026-02-06T15:59:37.217Z] ╵                            [32m^[0m
[2026-02-06T15:59:37.217Z] 
[2026-02-06T15:59:37.217Z] at throwClosedServerError (file:///home/ubuntu/senec-design/node_modules/.pnpm/vite@6.4.1_@types+node@25.2.0_jiti@1.21.7_yaml@2.8.2/node_modules/vite/dist/node/chunks/dep-D4NMHUTW.js:42055:15)
[2026-02-06T15:59:37.218Z] at EnvironmentPluginContainer.resolveId (file:///home/ubuntu/senec-design/node_modules/.pnpm/vite@6.4.1_@types+node@25.2.0_jiti@1.21.7_yaml@2.8.2/node_modules/vite/dist/node/chunks/dep-D4NMHUTW.js:42234:9)
[2026-02-06T15:59:37.218Z] at resolveId (file:///home/ubuntu/senec-design/node_modules/.pnpm/vite@6.4.1_@types+node@25.2.0_jiti@1.21.7_yaml@2.8.2/node_modules/vite/dist/node/chunks/dep-D4NMHUTW.js:14314:40)
[2026-02-06T15:59:37.218Z] at resolve (file:///home/ubuntu/senec-design/node_modules/.pnpm/vite@6.4.1_@types+node@25.2.0_jiti@1.21.7_yaml@2.8.2/node_modules/vite/dist/node/chunks/dep-D4NMHUTW.js:14325:28)
[2026-02-06T15:59:37.219Z] at file:///home/ubuntu/senec-design/node_modules/.pnpm/vite@6.4.1_@types+node@25.2.0_jiti@1.21.7_yaml@2.8.2/node_modules/vite/dist/node/chunks/dep-D4NMHUTW.js:14380:32
[2026-02-06T15:59:37.219Z] at requestCallbacks.on-resolve (/home/ubuntu/senec-design/node_modules/.pnpm/esbuild@0.25.12/node_modules/esbuild/lib/main.js:1217:28)
[2026-02-06T15:59:37.219Z] at handleRequest (/home/ubuntu/senec-design/node_modules/.pnpm/esbuild@0.25.12/node_modules/esbuild/lib/main.js:628:17)
[2026-02-06T15:59:37.219Z] at handleIncomingPacket (/home/ubuntu/senec-design/node_modules/.pnpm/esbuild@0.25.12/node_modules/esbuild/lib/main.js:653:7)
[2026-02-06T15:59:37.220Z] at Socket.readFromStdout (/home/ubuntu/senec-design/node_modules/.pnpm/esbuild@0.25.12/node_modules/esbuild/lib/main.js:581:7)
[2026-02-06T15:59:37.220Z] at Socket.emit (node:events:524:28)
[2026-02-06T15:59:37.220Z] 
[2026-02-06T15:59:37.221Z] This error came from the "onResolve" callback registered here:
[2026-02-06T15:59:37.221Z] 
[2026-02-06T15:59:37.221Z] node_modules/.pnpm/esbuild@0.25.12/node_modules/esbuild/lib/main.js:1141:20:
[2026-02-06T15:59:37.221Z] [37m      1141 │       let promise = [32m[37msetup({
[2026-02-06T15:59:37.222Z] ╵                     [32m^[0m
[2026-02-06T15:59:37.222Z] 
[2026-02-06T15:59:37.222Z] at setup (file:///home/ubuntu/senec-design/node_modules/.pnpm/vite@6.4.1_@types+node@25.2.0_jiti@1.21.7_yaml@2.8.2/node_modules/vite/dist/node/chunks/dep-D4NMHUTW.js:14379:13)
[2026-02-06T15:59:37.222Z] at handlePlugins (/home/ubuntu/senec-design/node_modules/.pnpm/esbuild@0.25.12/node_modules/esbuild/lib/main.js:1141:21)
[2026-02-06T15:59:37.223Z] at buildOrContextImpl (/home/ubuntu/senec-design/node_modules/.pnpm/esbuild@0.25.12/node_modules/esbuild/lib/main.js:854:5)
[2026-02-06T15:59:37.223Z] at Object.buildOrContext (/home/ubuntu/senec-design/node_modules/.pnpm/esbuild@0.25.12/node_modules/esbuild/lib/main.js:680:5)
[2026-02-06T15:59:37.223Z] at /home/ubuntu/senec-design/node_modules/.pnpm/esbuild@0.25.12/node_modules/esbuild/lib/main.js:2035:68
[2026-02-06T15:59:37.224Z] at new Promise (<anonymous>)
[2026-02-06T15:59:37.224Z] at Object.context (/home/ubuntu/senec-design/node_modules/.pnpm/esbuild@0.25.12/node_modules/esbuild/lib/main.js:2035:27)
[2026-02-06T15:59:37.224Z] at Object.context (/home/ubuntu/senec-design/node_modules/.pnpm/esbuild@0.25.12/node_modules/esbuild/lib/main.js:1877:58)
[2026-02-06T15:59:37.224Z] at prepareEsbuildScanner (file:///home/ubuntu/senec-design/node_modules/.pnpm/vite@6.4.1_@types+node@25.2.0_jiti@1.21.7_yaml@2.8.2/node_modules/vite/dist/node/chunks/dep-D4NMHUTW.js:14266:24)
[2026-02-06T15:59:37.225Z] 
[2026-02-06T15:59:37.225Z] The plugin "vite:dep-scan" was triggered by this import
[2026-02-06T15:59:37.225Z] 
[2026-02-06T15:59:37.226Z] <stdin>:34:7:
[2026-02-06T15:59:37.226Z] [37m      34 │ import [32m"/home/ubuntu/senec-design/src/pages/solarpark-betreuung.as[37m...
[2026-02-06T15:59:37.226Z] ╵        [32m~~~~~~~~~~~~~~~~~~~~~~~~~~~~~~~~~~~~~~~~~~~~~~~~~~~~~~~~~~~[0m
[2026-02-06T15:59:37.226Z] 
[2026-02-06T15:59:37.227Z] 
[2026-02-06T15:59:37.227Z] [31m✘ [41;31m[[41;97mERROR[41;31m][0m [1mThe server is being restarted or closed. Request is outdated[0m [1m[35m[plugin vite:dep-scan][0m
[2026-02-06T15:59:37.227Z] 
[2026-02-06T15:59:37.228Z] node_modules/.pnpm/esbuild@0.25.12/node_modules/esbuild/lib/main.js:1217:27:
[2026-02-06T15:59:37.228Z] [37m      1217 │         let result = await [32m[37mcallback({
[2026-02-06T15:59:37.228Z] ╵                            [32m^[0m
[2026-02-06T15:59:37.228Z] 
[2026-02-06T15:59:37.229Z] at throwClosedServerError (file:///home/ubuntu/senec-design/node_modules/.pnpm/vite@6.4.1_@types+node@25.2.0_jiti@1.21.7_yaml@2.8.2/node_modules/vite/dist/node/chunks/dep-D4NMHUTW.js:42055:15)
[2026-02-06T15:59:37.229Z] at EnvironmentPluginContainer.resolveId (file:///home/ubuntu/senec-design/node_modules/.pnpm/vite@6.4.1_@types+node@25.2.0_jiti@1.21.7_yaml@2.8.2/node_modules/vite/dist/node/chunks/dep-D4NMHUTW.js:42234:9)
[2026-02-06T15:59:37.229Z] at resolveId (file:///home/ubuntu/senec-design/node_modules/.pnpm/vite@6.4.1_@types+node@25.2.0_jiti@1.21.7_yaml@2.8.2/node_modules/vite/dist/node/chunks/dep-D4NMHUTW.js:14314:40)
[2026-02-06T15:59:37.230Z] at resolve (file:///home/ubuntu/senec-design/node_modules/.pnpm/vite@6.4.1_@types+node@25.2.0_jiti@1.21.7_yaml@2.8.2/node_modules/vite/dist/node/chunks/dep-D4NMHUTW.js:14325:28)
[2026-02-06T15:59:37.230Z] at file:///home/ubuntu/senec-design/node_modules/.pnpm/vite@6.4.1_@types+node@25.2.0_jiti@1.21.7_yaml@2.8.2/node_modules/vite/dist/node/chunks/dep-D4NMHUTW.js:14380:32
[2026-02-06T15:59:37.230Z] at requestCallbacks.on-resolve (/home/ubuntu/senec-design/node_modules/.pnpm/esbuild@0.25.12/node_modules/esbuild/lib/main.js:1217:28)
[2026-02-06T15:59:37.230Z] at handleRequest (/home/ubuntu/senec-design/node_modules/.pnpm/esbuild@0.25.12/node_modules/esbuild/lib/main.js:628:17)
[2026-02-06T15:59:37.231Z] at handleIncomingPacket (/home/ubuntu/senec-design/node_modules/.pnpm/esbuild@0.25.12/node_modules/esbuild/lib/main.js:653:7)
[2026-02-06T15:59:37.231Z] at Socket.readFromStdout (/home/ubuntu/senec-design/node_modules/.pnpm/esbuild@0.25.12/node_modules/esbuild/lib/main.js:581:7)
[2026-02-06T15:59:37.231Z] at Socket.emit (node:events:524:28)
[2026-02-06T15:59:37.232Z] 
[2026-02-06T15:59:37.232Z] This error came from the "onResolve" callback registered here:
[2026-02-06T15:59:37.232Z] 
[2026-02-06T15:59:37.232Z] node_modules/.pnpm/esbuild@0.25.12/node_modules/esbuild/lib/main.js:1141:20:
[2026-02-06T15:59:37.233Z] [37m      1141 │       let promise = [32m[37msetup({
[2026-02-06T15:59:37.233Z] ╵                     [32m^[0m
[2026-02-06T15:59:37.233Z] 
[2026-02-06T15:59:37.234Z] at setup (file:///home/ubuntu/senec-design/node_modules/.pnpm/vite@6.4.1_@types+node@25.2.0_jiti@1.21.7_yaml@2.8.2/node_modules/vite/dist/node/chunks/dep-D4NMHUTW.js:14379:13)
[2026-02-06T15:59:37.234Z] at handlePlugins (/home/ubuntu/senec-design/node_modules/.pnpm/esbuild@0.25.12/node_modules/esbuild/lib/main.js:1141:21)
[2026-02-06T15:59:37.234Z] at buildOrContextImpl (/home/ubuntu/senec-design/node_modules/.pnpm/esbuild@0.25.12/node_modules/esbuild/lib/main.js:854:5)
[2026-02-06T15:59:37.234Z] at Object.buildOrContext (/home/ubuntu/senec-design/node_modules/.pnpm/esbuild@0.25.12/node_modules/esbuild/lib/main.js:680:5)
[2026-02-06T15:59:37.235Z] at /home/ubuntu/senec-design/node_modules/.pnpm/esbuild@0.25.12/node_modules/esbuild/lib/main.js:2035:68
[2026-02-06T15:59:37.235Z] at new Promise (<anonymous>)
[2026-02-06T15:59:37.235Z] at Object.context (/home/ubuntu/senec-design/node_modules/.pnpm/esbuild@0.25.12/node_modules/esbuild/lib/main.js:2035:27)
[2026-02-06T15:59:37.236Z] at Object.context (/home/ubuntu/senec-design/node_modules/.pnpm/esbuild@0.25.12/node_modules/esbuild/lib/main.js:1877:58)
[2026-02-06T15:59:37.236Z] at prepareEsbuildScanner (file:///home/ubuntu/senec-design/node_modules/.pnpm/vite@6.4.1_@types+node@25.2.0_jiti@1.21.7_yaml@2.8.2/node_modules/vite/dist/node/chunks/dep-D4NMHUTW.js:14266:24)
[2026-02-06T15:59:37.237Z] 
[2026-02-06T15:59:37.237Z] The plugin "vite:dep-scan" was triggered by this import
[2026-02-06T15:59:37.237Z] 
[2026-02-06T15:59:37.238Z] <stdin>:35:7:
[2026-02-06T15:59:37.238Z] [37m      35 │ import [32m"/home/ubuntu/senec-design/src/pages/standorte.astro"[37m
[2026-02-06T15:59:37.238Z] ╵        [32m~~~~~~~~~~~~~~~~~~~~~~~~~~~~~~~~~~~~~~~~~~~~~~~~~~~~~[0m
[2026-02-06T15:59:37.238Z] 
[2026-02-06T15:59:37.239Z] 
[2026-02-06T15:59:37.239Z] [31m✘ [41;31m[[41;97mERROR[41;31m][0m [1mThe server is being restarted or closed. Request is outdated[0m [1m[35m[plugin vite:dep-scan][0m
[2026-02-06T15:59:37.239Z] 
[2026-02-06T15:59:37.240Z] node_modules/.pnpm/esbuild@0.25.12/node_modules/esbuild/lib/main.js:1217:27:
[2026-02-06T15:59:37.240Z] [37m      1217 │         let result = await [32m[37mcallback({
[2026-02-06T15:59:37.240Z] ╵                            [32m^[0m
[2026-02-06T15:59:37.240Z] 
[2026-02-06T15:59:37.241Z] at throwClosedServerError (file:///home/ubuntu/senec-design/node_modules/.pnpm/vite@6.4.1_@types+node@25.2.0_jiti@1.21.7_yaml@2.8.2/node_modules/vite/dist/node/chunks/dep-D4NMHUTW.js:42055:15)
[2026-02-06T15:59:37.241Z] at EnvironmentPluginContainer.resolveId (file:///home/ubuntu/senec-design/node_modules/.pnpm/vite@6.4.1_@types+node@25.2.0_jiti@1.21.7_yaml@2.8.2/node_modules/vite/dist/node/chunks/dep-D4NMHUTW.js:42234:9)
[2026-02-06T15:59:37.241Z] at resolveId (file:///home/ubuntu/senec-design/node_modules/.pnpm/vite@6.4.1_@types+node@25.2.0_jiti@1.21.7_yaml@2.8.2/node_modules/vite/dist/node/chunks/dep-D4NMHUTW.js:14314:40)
[2026-02-06T15:59:37.242Z] at resolve (file:///home/ubuntu/senec-design/node_modules/.pnpm/vite@6.4.1_@types+node@25.2.0_jiti@1.21.7_yaml@2.8.2/node_modules/vite/dist/node/chunks/dep-D4NMHUTW.js:14325:28)
[2026-02-06T15:59:37.242Z] at file:///home/ubuntu/senec-design/node_modules/.pnpm/vite@6.4.1_@types+node@25.2.0_jiti@1.21.7_yaml@2.8.2/node_modules/vite/dist/node/chunks/dep-D4NMHUTW.js:14380:32
[2026-02-06T15:59:37.242Z] at requestCallbacks.on-resolve (/home/ubuntu/senec-design/node_modules/.pnpm/esbuild@0.25.12/node_modules/esbuild/lib/main.js:1217:28)
[2026-02-06T15:59:37.243Z] at handleRequest (/home/ubuntu/senec-design/node_modules/.pnpm/esbuild@0.25.12/node_modules/esbuild/lib/main.js:628:17)
[2026-02-06T15:59:37.243Z] at handleIncomingPacket (/home/ubuntu/senec-design/node_modules/.pnpm/esbuild@0.25.12/node_modules/esbuild/lib/main.js:653:7)
[2026-02-06T15:59:37.243Z] at Socket.readFromStdout (/home/ubuntu/senec-design/node_modules/.pnpm/esbuild@0.25.12/node_modules/esbuild/lib/main.js:581:7)
[2026-02-06T15:59:37.243Z] at Socket.emit (node:events:524:28)
[2026-02-06T15:59:37.244Z] 
[2026-02-06T15:59:37.244Z] This error came from the "onResolve" callback registered here:
[2026-02-06T15:59:37.244Z] 
[2026-02-06T15:59:37.245Z] node_modules/.pnpm/esbuild@0.25.12/node_modules/esbuild/lib/main.js:1141:20:
[2026-02-06T15:59:37.245Z] [37m      1141 │       let promise = [32m[37msetup({
[2026-02-06T15:59:37.245Z] ╵                     [32m^[0m
[2026-02-06T15:59:37.245Z] 
[2026-02-06T15:59:37.246Z] at setup (file:///home/ubuntu/senec-design/node_modules/.pnpm/vite@6.4.1_@types+node@25.2.0_jiti@1.21.7_yaml@2.8.2/node_modules/vite/dist/node/chunks/dep-D4NMHUTW.js:14379:13)
[2026-02-06T15:59:37.247Z] at handlePlugins (/home/ubuntu/senec-design/node_modules/.pnpm/esbuild@0.25.12/node_modules/esbuild/lib/main.js:1141:21)
[2026-02-06T15:59:37.247Z] at buildOrContextImpl (/home/ubuntu/senec-design/node_modules/.pnpm/esbuild@0.25.12/node_modules/esbuild/lib/main.js:854:5)
[2026-02-06T15:59:37.248Z] at Object.buildOrContext (/home/ubuntu/senec-design/node_modules/.pnpm/esbuild@0.25.12/node_modules/esbuild/lib/main.js:680:5)
[2026-02-06T15:59:37.248Z] at /home/ubuntu/senec-design/node_modules/.pnpm/esbuild@0.25.12/node_modules/esbuild/lib/main.js:2035:68
[2026-02-06T15:59:37.248Z] at new Promise (<anonymous>)
[2026-02-06T15:59:37.248Z] at Object.context (/home/ubuntu/senec-design/node_modules/.pnpm/esbuild@0.25.12/node_modules/esbuild/lib/main.js:2035:27)
[2026-02-06T15:59:37.249Z] at Object.context (/home/ubuntu/senec-design/node_modules/.pnpm/esbuild@0.25.12/node_modules/esbuild/lib/main.js:1877:58)
[2026-02-06T15:59:37.249Z] at prepareEsbuildScanner (file:///home/ubuntu/senec-design/node_modules/.pnpm/vite@6.4.1_@types+node@25.2.0_jiti@1.21.7_yaml@2.8.2/node_modules/vite/dist/node/chunks/dep-D4NMHUTW.js:14266:24)
[2026-02-06T15:59:37.249Z] 
[2026-02-06T15:59:37.250Z] The plugin "vite:dep-scan" was triggered by this import
[2026-02-06T15:59:37.250Z] 
[2026-02-06T15:59:37.250Z] <stdin>:36:7:
[2026-02-06T15:59:37.250Z] [37m      36 │ import [32m"/home/ubuntu/senec-design/src/pages/stromspeicher.astro"[37m
[2026-02-06T15:59:37.251Z] ╵        [32m~~~~~~~~~~~~~~~~~~~~~~~~~~~~~~~~~~~~~~~~~~~~~~~~~~~~~~~~~[0m
[2026-02-06T15:59:37.251Z] 
[2026-02-06T15:59:37.251Z] 
[2026-02-06T15:59:37.251Z] [31m✘ [41;31m[[41;97mERROR[41;31m][0m [1mThe server is being restarted or closed. Request is outdated[0m [1m[35m[plugin vite:dep-scan][0m
[2026-02-06T15:59:37.252Z] 
[2026-02-06T15:59:37.252Z] node_modules/.pnpm/esbuild@0.25.12/node_modules/esbuild/lib/main.js:1217:27:
[2026-02-06T15:59:37.252Z] [37m      1217 │         let result = await [32m[37mcallback({
[2026-02-06T15:59:37.253Z] ╵                            [32m^[0m
[2026-02-06T15:59:37.253Z] 
[2026-02-06T15:59:37.253Z] at throwClosedServerError (file:///home/ubuntu/senec-design/node_modules/.pnpm/vite@6.4.1_@types+node@25.2.0_jiti@1.21.7_yaml@2.8.2/node_modules/vite/dist/node/chunks/dep-D4NMHUTW.js:42055:15)
[2026-02-06T15:59:37.253Z] at EnvironmentPluginContainer.resolveId (file:///home/ubuntu/senec-design/node_modules/.pnpm/vite@6.4.1_@types+node@25.2.0_jiti@1.21.7_yaml@2.8.2/node_modules/vite/dist/node/chunks/dep-D4NMHUTW.js:42234:9)
[2026-02-06T15:59:37.254Z] at resolveId (file:///home/ubuntu/senec-design/node_modules/.pnpm/vite@6.4.1_@types+node@25.2.0_jiti@1.21.7_yaml@2.8.2/node_modules/vite/dist/node/chunks/dep-D4NMHUTW.js:14314:40)
[2026-02-06T15:59:37.254Z] at resolve (file:///home/ubuntu/senec-design/node_modules/.pnpm/vite@6.4.1_@types+node@25.2.0_jiti@1.21.7_yaml@2.8.2/node_modules/vite/dist/node/chunks/dep-D4NMHUTW.js:14325:28)
[2026-02-06T15:59:37.254Z] at file:///home/ubuntu/senec-design/node_modules/.pnpm/vite@6.4.1_@types+node@25.2.0_jiti@1.21.7_yaml@2.8.2/node_modules/vite/dist/node/chunks/dep-D4NMHUTW.js:14380:32
[2026-02-06T15:59:37.254Z] at requestCallbacks.on-resolve (/home/ubuntu/senec-design/node_modules/.pnpm/esbuild@0.25.12/node_modules/esbuild/lib/main.js:1217:28)
[2026-02-06T15:59:37.255Z] at handleRequest (/home/ubuntu/senec-design/node_modules/.pnpm/esbuild@0.25.12/node_modules/esbuild/lib/main.js:628:17)
[2026-02-06T15:59:37.255Z] at handleIncomingPacket (/home/ubuntu/senec-design/node_modules/.pnpm/esbuild@0.25.12/node_modules/esbuild/lib/main.js:653:7)
[2026-02-06T15:59:37.255Z] at Socket.readFromStdout (/home/ubuntu/senec-design/node_modules/.pnpm/esbuild@0.25.12/node_modules/esbuild/lib/main.js:581:7)
[2026-02-06T15:59:37.256Z] at Socket.emit (node:events:524:28)
[2026-02-06T15:59:37.256Z] 
[2026-02-06T15:59:37.256Z] This error came from the "onResolve" callback registered here:
[2026-02-06T15:59:37.256Z] 
[2026-02-06T15:59:37.256Z] node_modules/.pnpm/esbuild@0.25.12/node_modules/esbuild/lib/main.js:1141:20:
[2026-02-06T15:59:37.257Z] [37m      1141 │       let promise = [32m[37msetup({
[2026-02-06T15:59:37.257Z] ╵                     [32m^[0m
[2026-02-06T15:59:37.258Z] 
[2026-02-06T15:59:37.258Z] at setup (file:///home/ubuntu/senec-design/node_modules/.pnpm/vite@6.4.1_@types+node@25.2.0_jiti@1.21.7_yaml@2.8.2/node_modules/vite/dist/node/chunks/dep-D4NMHUTW.js:14379:13)
[2026-02-06T15:59:37.258Z] at handlePlugins (/home/ubuntu/senec-design/node_modules/.pnpm/esbuild@0.25.12/node_modules/esbuild/lib/main.js:1141:21)
[2026-02-06T15:59:37.259Z] at buildOrContextImpl (/home/ubuntu/senec-design/node_modules/.pnpm/esbuild@0.25.12/node_modules/esbuild/lib/main.js:854:5)
[2026-02-06T15:59:37.259Z] at Object.buildOrContext (/home/ubuntu/senec-design/node_modules/.pnpm/esbuild@0.25.12/node_modules/esbuild/lib/main.js:680:5)
[2026-02-06T15:59:37.259Z] at /home/ubuntu/senec-design/node_modules/.pnpm/esbuild@0.25.12/node_modules/esbuild/lib/main.js:2035:68
[2026-02-06T15:59:37.260Z] at new Promise (<anonymous>)
[2026-02-06T15:59:37.263Z] at Object.context (/home/ubuntu/senec-design/node_modules/.pnpm/esbuild@0.25.12/node_modules/esbuild/lib/main.js:2035:27)
[2026-02-06T15:59:37.263Z] at Object.context (/home/ubuntu/senec-design/node_modules/.pnpm/esbuild@0.25.12/node_modules/esbuild/lib/main.js:1877:58)
[2026-02-06T15:59:37.264Z] at prepareEsbuildScanner (file:///home/ubuntu/senec-design/node_modules/.pnpm/vite@6.4.1_@types+node@25.2.0_jiti@1.21.7_yaml@2.8.2/node_modules/vite/dist/node/chunks/dep-D4NMHUTW.js:14266:24)
[2026-02-06T15:59:37.264Z] 
[2026-02-06T15:59:37.264Z] The plugin "vite:dep-scan" was triggered by this import
[2026-02-06T15:59:37.280Z] 
[2026-02-06T15:59:37.295Z] <stdin>:37:7:
[2026-02-06T15:59:37.295Z] [37m      37 │ import [32m"/home/ubuntu/senec-design/src/pages/ueber-uns.astro"[37m
[2026-02-06T15:59:37.296Z] ╵        [32m~~~~~~~~~~~~~~~~~~~~~~~~~~~~~~~~~~~~~~~~~~~~~~~~~~~~~[0m
[2026-02-06T15:59:37.296Z] 
[2026-02-06T15:59:37.296Z] 
[2026-02-06T15:59:37.297Z] [31m✘ [41;31m[[41;97mERROR[41;31m][0m [1mThe server is being restarted or closed. Request is outdated[0m [1m[35m[plugin vite:dep-scan][0m
[2026-02-06T15:59:37.297Z] 
[2026-02-06T15:59:37.297Z] node_modules/.pnpm/esbuild@0.25.12/node_modules/esbuild/lib/main.js:1217:27:
[2026-02-06T15:59:37.298Z] [37m      1217 │         let result = await [32m[37mcallback({
[2026-02-06T15:59:37.298Z] ╵                            [32m^[0m
[2026-02-06T15:59:37.298Z] 
[2026-02-06T15:59:37.298Z] at throwClosedServerError (file:///home/ubuntu/senec-design/node_modules/.pnpm/vite@6.4.1_@types+node@25.2.0_jiti@1.21.7_yaml@2.8.2/node_modules/vite/dist/node/chunks/dep-D4NMHUTW.js:42055:15)
[2026-02-06T15:59:37.299Z] at EnvironmentPluginContainer.resolveId (file:///home/ubuntu/senec-design/node_modules/.pnpm/vite@6.4.1_@types+node@25.2.0_jiti@1.21.7_yaml@2.8.2/node_modules/vite/dist/node/chunks/dep-D4NMHUTW.js:42234:9)
[2026-02-06T15:59:37.299Z] at resolveId (file:///home/ubuntu/senec-design/node_modules/.pnpm/vite@6.4.1_@types+node@25.2.0_jiti@1.21.7_yaml@2.8.2/node_modules/vite/dist/node/chunks/dep-D4NMHUTW.js:14314:40)
[2026-02-06T15:59:37.299Z] at resolve (file:///home/ubuntu/senec-design/node_modules/.pnpm/vite@6.4.1_@types+node@25.2.0_jiti@1.21.7_yaml@2.8.2/node_modules/vite/dist/node/chunks/dep-D4NMHUTW.js:14325:28)
[2026-02-06T15:59:37.300Z] at file:///home/ubuntu/senec-design/node_modules/.pnpm/vite@6.4.1_@types+node@25.2.0_jiti@1.21.7_yaml@2.8.2/node_modules/vite/dist/node/chunks/dep-D4NMHUTW.js:14380:32
[2026-02-06T15:59:37.300Z] at requestCallbacks.on-resolve (/home/ubuntu/senec-design/node_modules/.pnpm/esbuild@0.25.12/node_modules/esbuild/lib/main.js:1217:28)
[2026-02-06T15:59:37.300Z] at handleRequest (/home/ubuntu/senec-design/node_modules/.pnpm/esbuild@0.25.12/node_modules/esbuild/lib/main.js:628:17)
[2026-02-06T15:59:37.301Z] at handleIncomingPacket (/home/ubuntu/senec-design/node_modules/.pnpm/esbuild@0.25.12/node_modules/esbuild/lib/main.js:653:7)
[2026-02-06T15:59:37.301Z] at Socket.readFromStdout (/home/ubuntu/senec-design/node_modules/.pnpm/esbuild@0.25.12/node_modules/esbuild/lib/main.js:581:7)
[2026-02-06T15:59:37.301Z] at Socket.emit (node:events:524:28)
[2026-02-06T15:59:37.301Z] 
[2026-02-06T15:59:37.302Z] This error came from the "onResolve" callback registered here:
[2026-02-06T15:59:37.302Z] 
[2026-02-06T15:59:37.302Z] node_modules/.pnpm/esbuild@0.25.12/node_modules/esbuild/lib/main.js:1141:20:
[2026-02-06T15:59:37.302Z] [37m      1141 │       let promise = [32m[37msetup({
[2026-02-06T15:59:37.303Z] ╵                     [32m^[0m
[2026-02-06T15:59:37.303Z] 
[2026-02-06T15:59:37.303Z] at setup (file:///home/ubuntu/senec-design/node_modules/.pnpm/vite@6.4.1_@types+node@25.2.0_jiti@1.21.7_yaml@2.8.2/node_modules/vite/dist/node/chunks/dep-D4NMHUTW.js:14379:13)
[2026-02-06T15:59:37.303Z] at handlePlugins (/home/ubuntu/senec-design/node_modules/.pnpm/esbuild@0.25.12/node_modules/esbuild/lib/main.js:1141:21)
[2026-02-06T15:59:37.305Z] at buildOrContextImpl (/home/ubuntu/senec-design/node_modules/.pnpm/esbuild@0.25.12/node_modules/esbuild/lib/main.js:854:5)
[2026-02-06T15:59:37.305Z] at Object.buildOrContext (/home/ubuntu/senec-design/node_modules/.pnpm/esbuild@0.25.12/node_modules/esbuild/lib/main.js:680:5)
[2026-02-06T15:59:37.305Z] at /home/ubuntu/senec-design/node_modules/.pnpm/esbuild@0.25.12/node_modules/esbuild/lib/main.js:2035:68
[2026-02-06T15:59:37.306Z] at new Promise (<anonymous>)
[2026-02-06T15:59:37.306Z] at Object.context (/home/ubuntu/senec-design/node_modules/.pnpm/esbuild@0.25.12/node_modules/esbuild/lib/main.js:2035:27)
[2026-02-06T15:59:37.306Z] at Object.context (/home/ubuntu/senec-design/node_modules/.pnpm/esbuild@0.25.12/node_modules/esbuild/lib/main.js:1877:58)
[2026-02-06T15:59:37.307Z] at prepareEsbuildScanner (file:///home/ubuntu/senec-design/node_modules/.pnpm/vite@6.4.1_@types+node@25.2.0_jiti@1.21.7_yaml@2.8.2/node_modules/vite/dist/node/chunks/dep-D4NMHUTW.js:14266:24)
[2026-02-06T15:59:37.307Z] 
[2026-02-06T15:59:37.307Z] The plugin "vite:dep-scan" was triggered by this import
[2026-02-06T15:59:37.307Z] 
[2026-02-06T15:59:37.308Z] <stdin>:38:7:
[2026-02-06T15:59:37.308Z] [37m      38 │ import [32m"/home/ubuntu/senec-design/src/pages/wallbox-leipzig.astro"[37m
[2026-02-06T15:59:37.308Z] ╵        [32m~~~~~~~~~~~~~~~~~~~~~~~~~~~~~~~~~~~~~~~~~~~~~~~~~~~~~~~~~~~[0m
[2026-02-06T15:59:37.309Z] 
[2026-02-06T15:59:37.309Z] 
[2026-02-06T15:59:37.310Z] [31m✘ [41;31m[[41;97mERROR[41;31m][0m [1mThe server is being restarted or closed. Request is outdated[0m [1m[35m[plugin vite:dep-scan][0m
[2026-02-06T15:59:37.310Z] 
[2026-02-06T15:59:37.311Z] node_modules/.pnpm/esbuild@0.25.12/node_modules/esbuild/lib/main.js:1217:27:
[2026-02-06T15:59:37.311Z] [37m      1217 │         let result = await [32m[37mcallback({
[2026-02-06T15:59:37.311Z] ╵                            [32m^[0m
[2026-02-06T15:59:37.312Z] 
[2026-02-06T15:59:37.312Z] at throwClosedServerError (file:///home/ubuntu/senec-design/node_modules/.pnpm/vite@6.4.1_@types+node@25.2.0_jiti@1.21.7_yaml@2.8.2/node_modules/vite/dist/node/chunks/dep-D4NMHUTW.js:42055:15)
[2026-02-06T15:59:37.313Z] at EnvironmentPluginContainer.resolveId (file:///home/ubuntu/senec-design/node_modules/.pnpm/vite@6.4.1_@types+node@25.2.0_jiti@1.21.7_yaml@2.8.2/node_modules/vite/dist/node/chunks/dep-D4NMHUTW.js:42234:9)
[2026-02-06T15:59:37.313Z] at resolveId (file:///home/ubuntu/senec-design/node_modules/.pnpm/vite@6.4.1_@types+node@25.2.0_jiti@1.21.7_yaml@2.8.2/node_modules/vite/dist/node/chunks/dep-D4NMHUTW.js:14314:40)
[2026-02-06T15:59:37.313Z] at resolve (file:///home/ubuntu/senec-design/node_modules/.pnpm/vite@6.4.1_@types+node@25.2.0_jiti@1.21.7_yaml@2.8.2/node_modules/vite/dist/node/chunks/dep-D4NMHUTW.js:14325:28)
[2026-02-06T15:59:37.314Z] at file:///home/ubuntu/senec-design/node_modules/.pnpm/vite@6.4.1_@types+node@25.2.0_jiti@1.21.7_yaml@2.8.2/node_modules/vite/dist/node/chunks/dep-D4NMHUTW.js:14380:32
[2026-02-06T15:59:37.314Z] at requestCallbacks.on-resolve (/home/ubuntu/senec-design/node_modules/.pnpm/esbuild@0.25.12/node_modules/esbuild/lib/main.js:1217:28)
[2026-02-06T15:59:37.314Z] at handleRequest (/home/ubuntu/senec-design/node_modules/.pnpm/esbuild@0.25.12/node_modules/esbuild/lib/main.js:628:17)
[2026-02-06T15:59:37.314Z] at handleIncomingPacket (/home/ubuntu/senec-design/node_modules/.pnpm/esbuild@0.25.12/node_modules/esbuild/lib/main.js:653:7)
[2026-02-06T15:59:37.315Z] at Socket.readFromStdout (/home/ubuntu/senec-design/node_modules/.pnpm/esbuild@0.25.12/node_modules/esbuild/lib/main.js:581:7)
[2026-02-06T15:59:37.315Z] at Socket.emit (node:events:524:28)
[2026-02-06T15:59:37.315Z] 
[2026-02-06T15:59:37.316Z] This error came from the "onResolve" callback registered here:
[2026-02-06T15:59:37.316Z] 
[2026-02-06T15:59:37.316Z] node_modules/.pnpm/esbuild@0.25.12/node_modules/esbuild/lib/main.js:1141:20:
[2026-02-06T15:59:37.317Z] [37m      1141 │       let promise = [32m[37msetup({
[2026-02-06T15:59:37.317Z] ╵                     [32m^[0m
[2026-02-06T15:59:37.317Z] 
[2026-02-06T15:59:37.317Z] at setup (file:///home/ubuntu/senec-design/node_modules/.pnpm/vite@6.4.1_@types+node@25.2.0_jiti@1.21.7_yaml@2.8.2/node_modules/vite/dist/node/chunks/dep-D4NMHUTW.js:14379:13)
[2026-02-06T15:59:37.318Z] at handlePlugins (/home/ubuntu/senec-design/node_modules/.pnpm/esbuild@0.25.12/node_modules/esbuild/lib/main.js:1141:21)
[2026-02-06T15:59:37.318Z] at buildOrContextImpl (/home/ubuntu/senec-design/node_modules/.pnpm/esbuild@0.25.12/node_modules/esbuild/lib/main.js:854:5)
[2026-02-06T15:59:37.318Z] at Object.buildOrContext (/home/ubuntu/senec-design/node_modules/.pnpm/esbuild@0.25.12/node_modules/esbuild/lib/main.js:680:5)
[2026-02-06T15:59:37.318Z] at /home/ubuntu/senec-design/node_modules/.pnpm/esbuild@0.25.12/node_modules/esbuild/lib/main.js:2035:68
[2026-02-06T15:59:37.319Z] at new Promise (<anonymous>)
[2026-02-06T15:59:37.319Z] at Object.context (/home/ubuntu/senec-design/node_modules/.pnpm/esbuild@0.25.12/node_modules/esbuild/lib/main.js:2035:27)
[2026-02-06T15:59:37.319Z] at Object.context (/home/ubuntu/senec-design/node_modules/.pnpm/esbuild@0.25.12/node_modules/esbuild/lib/main.js:1877:58)
[2026-02-06T15:59:37.320Z] at prepareEsbuildScanner (file:///home/ubuntu/senec-design/node_modules/.pnpm/vite@6.4.1_@types+node@25.2.0_jiti@1.21.7_yaml@2.8.2/node_modules/vite/dist/node/chunks/dep-D4NMHUTW.js:14266:24)
[2026-02-06T15:59:37.320Z] 
[2026-02-06T15:59:37.320Z] The plugin "vite:dep-scan" was triggered by this import
[2026-02-06T15:59:37.320Z] 
[2026-02-06T15:59:37.321Z] <stdin>:39:7:
[2026-02-06T15:59:37.321Z] [37m      39 │ import [32m"/home/ubuntu/senec-design/src/pages/wallbox.astro"[37m
[2026-02-06T15:59:37.321Z] ╵        [32m~~~~~~~~~~~~~~~~~~~~~~~~~~~~~~~~~~~~~~~~~~~~~~~~~~~[0m
[2026-02-06T15:59:37.321Z] 
[2026-02-06T15:59:37.322Z] 
[2026-02-06T15:59:37.322Z] [31m✘ [41;31m[[41;97mERROR[41;31m][0m [1mThe server is being restarted or closed. Request is outdated[0m [1m[35m[plugin vite:dep-scan][0m
[2026-02-06T15:59:37.322Z] 
[2026-02-06T15:59:37.322Z] node_modules/.pnpm/esbuild@0.25.12/node_modules/esbuild/lib/main.js:1217:27:
[2026-02-06T15:59:37.323Z] [37m      1217 │         let result = await [32m[37mcallback({
[2026-02-06T15:59:37.323Z] ╵                            [32m^[0m
[2026-02-06T15:59:37.323Z] 
[2026-02-06T15:59:37.323Z] at throwClosedServerError (file:///home/ubuntu/senec-design/node_modules/.pnpm/vite@6.4.1_@types+node@25.2.0_jiti@1.21.7_yaml@2.8.2/node_modules/vite/dist/node/chunks/dep-D4NMHUTW.js:42055:15)
[2026-02-06T15:59:37.324Z] at EnvironmentPluginContainer.resolveId (file:///home/ubuntu/senec-design/node_modules/.pnpm/vite@6.4.1_@types+node@25.2.0_jiti@1.21.7_yaml@2.8.2/node_modules/vite/dist/node/chunks/dep-D4NMHUTW.js:42234:9)
[2026-02-06T15:59:37.324Z] at resolveId (file:///home/ubuntu/senec-design/node_modules/.pnpm/vite@6.4.1_@types+node@25.2.0_jiti@1.21.7_yaml@2.8.2/node_modules/vite/dist/node/chunks/dep-D4NMHUTW.js:14314:40)
[2026-02-06T15:59:37.324Z] at resolve (file:///home/ubuntu/senec-design/node_modules/.pnpm/vite@6.4.1_@types+node@25.2.0_jiti@1.21.7_yaml@2.8.2/node_modules/vite/dist/node/chunks/dep-D4NMHUTW.js:14325:28)
[2026-02-06T15:59:37.325Z] at file:///home/ubuntu/senec-design/node_modules/.pnpm/vite@6.4.1_@types+node@25.2.0_jiti@1.21.7_yaml@2.8.2/node_modules/vite/dist/node/chunks/dep-D4NMHUTW.js:14534:34
[2026-02-06T15:59:37.325Z] at requestCallbacks.on-resolve (/home/ubuntu/senec-design/node_modules/.pnpm/esbuild@0.25.12/node_modules/esbuild/lib/main.js:1217:28)
[2026-02-06T15:59:37.325Z] at handleRequest (/home/ubuntu/senec-design/node_modules/.pnpm/esbuild@0.25.12/node_modules/esbuild/lib/main.js:628:17)
[2026-02-06T15:59:37.325Z] at handleIncomingPacket (/home/ubuntu/senec-design/node_modules/.pnpm/esbuild@0.25.12/node_modules/esbuild/lib/main.js:653:7)
[2026-02-06T15:59:37.326Z] at Socket.readFromStdout (/home/ubuntu/senec-design/node_modules/.pnpm/esbuild@0.25.12/node_modules/esbuild/lib/main.js:581:7)
[2026-02-06T15:59:37.326Z] at Socket.emit (node:events:524:28)
[2026-02-06T15:59:37.326Z] 
[2026-02-06T15:59:37.327Z] This error came from the "onResolve" callback registered here:
[2026-02-06T15:59:37.327Z] 
[2026-02-06T15:59:37.327Z] node_modules/.pnpm/esbuild@0.25.12/node_modules/esbuild/lib/main.js:1141:20:
[2026-02-06T15:59:37.327Z] [37m      1141 │       let promise = [32m[37msetup({
[2026-02-06T15:59:37.328Z] ╵                     [32m^[0m
[2026-02-06T15:59:37.328Z] 
[2026-02-06T15:59:37.328Z] at setup (file:///home/ubuntu/senec-design/node_modules/.pnpm/vite@6.4.1_@types+node@25.2.0_jiti@1.21.7_yaml@2.8.2/node_modules/vite/dist/node/chunks/dep-D4NMHUTW.js:14529:13)
[2026-02-06T15:59:37.328Z] at handlePlugins (/home/ubuntu/senec-design/node_modules/.pnpm/esbuild@0.25.12/node_modules/esbuild/lib/main.js:1141:21)
[2026-02-06T15:59:37.329Z] at buildOrContextImpl (/home/ubuntu/senec-design/node_modules/.pnpm/esbuild@0.25.12/node_modules/esbuild/lib/main.js:854:5)
[2026-02-06T15:59:37.329Z] at Object.buildOrContext (/home/ubuntu/senec-design/node_modules/.pnpm/esbuild@0.25.12/node_modules/esbuild/lib/main.js:680:5)
[2026-02-06T15:59:37.329Z] at /home/ubuntu/senec-design/node_modules/.pnpm/esbuild@0.25.12/node_modules/esbuild/lib/main.js:2035:68
[2026-02-06T15:59:37.330Z] at new Promise (<anonymous>)
[2026-02-06T15:59:37.330Z] at Object.context (/home/ubuntu/senec-design/node_modules/.pnpm/esbuild@0.25.12/node_modules/esbuild/lib/main.js:2035:27)
[2026-02-06T15:59:37.330Z] at Object.context (/home/ubuntu/senec-design/node_modules/.pnpm/esbuild@0.25.12/node_modules/esbuild/lib/main.js:1877:58)
[2026-02-06T15:59:37.330Z] at prepareEsbuildScanner (file:///home/ubuntu/senec-design/node_modules/.pnpm/vite@6.4.1_@types+node@25.2.0_jiti@1.21.7_yaml@2.8.2/node_modules/vite/dist/node/chunks/dep-D4NMHUTW.js:14266:24)
[2026-02-06T15:59:37.331Z] 
[2026-02-06T15:59:37.331Z] The plugin "vite:dep-scan" was triggered by this import
[2026-02-06T15:59:37.331Z] 
[2026-02-06T15:59:37.331Z] <stdin>:40:7:
[2026-02-06T15:59:37.332Z] [37m      40 │ import [32m"/home/ubuntu/senec-design/src/components/ui/button.tsx"[37m
[2026-02-06T15:59:37.332Z] ╵        [32m~~~~~~~~~~~~~~~~~~~~~~~~~~~~~~~~~~~~~~~~~~~~~~~~~~~~~~~~[0m
[2026-02-06T15:59:37.332Z] 
[2026-02-06T15:59:37.333Z] 
[2026-02-06T15:59:37.333Z] [31m✘ [41;31m[[41;97mERROR[41;31m][0m [1mThe server is being restarted or closed. Request is outdated[0m [1m[35m[plugin vite:dep-scan][0m
[2026-02-06T15:59:37.333Z] 
[2026-02-06T15:59:37.333Z] node_modules/.pnpm/esbuild@0.25.12/node_modules/esbuild/lib/main.js:1217:27:
[2026-02-06T15:59:37.334Z] [37m      1217 │         let result = await [32m[37mcallback({
[2026-02-06T15:59:37.334Z] ╵                            [32m^[0m
[2026-02-06T15:59:37.334Z] 
[2026-02-06T15:59:37.334Z] at throwClosedServerError (file:///home/ubuntu/senec-design/node_modules/.pnpm/vite@6.4.1_@types+node@25.2.0_jiti@1.21.7_yaml@2.8.2/node_modules/vite/dist/node/chunks/dep-D4NMHUTW.js:42055:15)
[2026-02-06T15:59:37.335Z] at EnvironmentPluginContainer.resolveId (file:///home/ubuntu/senec-design/node_modules/.pnpm/vite@6.4.1_@types+node@25.2.0_jiti@1.21.7_yaml@2.8.2/node_modules/vite/dist/node/chunks/dep-D4NMHUTW.js:42234:9)
[2026-02-06T15:59:37.335Z] at resolveId (file:///home/ubuntu/senec-design/node_modules/.pnpm/vite@6.4.1_@types+node@25.2.0_jiti@1.21.7_yaml@2.8.2/node_modules/vite/dist/node/chunks/dep-D4NMHUTW.js:14314:40)
[2026-02-06T15:59:37.335Z] at resolve (file:///home/ubuntu/senec-design/node_modules/.pnpm/vite@6.4.1_@types+node@25.2.0_jiti@1.21.7_yaml@2.8.2/node_modules/vite/dist/node/chunks/dep-D4NMHUTW.js:14325:28)
[2026-02-06T15:59:37.336Z] at file:///home/ubuntu/senec-design/node_modules/.pnpm/vite@6.4.1_@types+node@25.2.0_jiti@1.21.7_yaml@2.8.2/node_modules/vite/dist/node/chunks/dep-D4NMHUTW.js:14534:34
[2026-02-06T15:59:37.336Z] at requestCallbacks.on-resolve (/home/ubuntu/senec-design/node_modules/.pnpm/esbuild@0.25.12/node_modules/esbuild/lib/main.js:1217:28)
[2026-02-06T15:59:37.336Z] at handleRequest (/home/ubuntu/senec-design/node_modules/.pnpm/esbuild@0.25.12/node_modules/esbuild/lib/main.js:628:17)
[2026-02-06T15:59:37.336Z] at handleIncomingPacket (/home/ubuntu/senec-design/node_modules/.pnpm/esbuild@0.25.12/node_modules/esbuild/lib/main.js:653:7)
[2026-02-06T15:59:37.337Z] at Socket.readFromStdout (/home/ubuntu/senec-design/node_modules/.pnpm/esbuild@0.25.12/node_modules/esbuild/lib/main.js:581:7)
[2026-02-06T15:59:37.337Z] at Socket.emit (node:events:524:28)
[2026-02-06T15:59:37.337Z] 
[2026-02-06T15:59:37.339Z] This error came from the "onResolve" callback registered here:
[2026-02-06T15:59:37.339Z] 
[2026-02-06T15:59:37.341Z] node_modules/.pnpm/esbuild@0.25.12/node_modules/esbuild/lib/main.js:1141:20:
[2026-02-06T15:59:37.341Z] [37m      1141 │       let promise = [32m[37msetup({
[2026-02-06T15:59:37.342Z] ╵                     [32m^[0m
[2026-02-06T15:59:37.342Z] 
[2026-02-06T15:59:37.343Z] at setup (file:///home/ubuntu/senec-design/node_modules/.pnpm/vite@6.4.1_@types+node@25.2.0_jiti@1.21.7_yaml@2.8.2/node_modules/vite/dist/node/chunks/dep-D4NMHUTW.js:14529:13)
[2026-02-06T15:59:37.343Z] at handlePlugins (/home/ubuntu/senec-design/node_modules/.pnpm/esbuild@0.25.12/node_modules/esbuild/lib/main.js:1141:21)
[2026-02-06T15:59:37.343Z] at buildOrContextImpl (/home/ubuntu/senec-design/node_modules/.pnpm/esbuild@0.25.12/node_modules/esbuild/lib/main.js:854:5)
[2026-02-06T15:59:37.344Z] at Object.buildOrContext (/home/ubuntu/senec-design/node_modules/.pnpm/esbuild@0.25.12/node_modules/esbuild/lib/main.js:680:5)
[2026-02-06T15:59:37.344Z] at /home/ubuntu/senec-design/node_modules/.pnpm/esbuild@0.25.12/node_modules/esbuild/lib/main.js:2035:68
[2026-02-06T15:59:37.344Z] at new Promise (<anonymous>)
[2026-02-06T15:59:37.345Z] at Object.context (/home/ubuntu/senec-design/node_modules/.pnpm/esbuild@0.25.12/node_modules/esbuild/lib/main.js:2035:27)
[2026-02-06T15:59:37.345Z] at Object.context (/home/ubuntu/senec-design/node_modules/.pnpm/esbuild@0.25.12/node_modules/esbuild/lib/main.js:1877:58)
[2026-02-06T15:59:37.345Z] at prepareEsbuildScanner (file:///home/ubuntu/senec-design/node_modules/.pnpm/vite@6.4.1_@types+node@25.2.0_jiti@1.21.7_yaml@2.8.2/node_modules/vite/dist/node/chunks/dep-D4NMHUTW.js:14266:24)
[2026-02-06T15:59:37.346Z] 
[2026-02-06T15:59:37.346Z] The plugin "vite:dep-scan" was triggered by this import
[2026-02-06T15:59:37.346Z] 
[2026-02-06T15:59:37.347Z] <stdin>:41:7:
[2026-02-06T15:59:37.347Z] [37m      41 │ import [32m"/home/ubuntu/senec-design/src/components/ui/card.tsx"[37m
[2026-02-06T15:59:37.347Z] ╵        [32m~~~~~~~~~~~~~~~~~~~~~~~~~~~~~~~~~~~~~~~~~~~~~~~~~~~~~~[0m
[2026-02-06T15:59:37.349Z] 
[2026-02-06T15:59:37.349Z] 
[2026-02-06T15:59:37.350Z] [31m✘ [41;31m[[41;97mERROR[41;31m][0m [1mThe server is being restarted or closed. Request is outdated[0m [1m[35m[plugin vite:dep-scan][0m
[2026-02-06T15:59:37.350Z] 
[2026-02-06T15:59:37.350Z] node_modules/.pnpm/esbuild@0.25.12/node_modules/esbuild/lib/main.js:1217:27:
[2026-02-06T15:59:37.350Z] [37m      1217 │         let result = await [32m[37mcallback({
[2026-02-06T15:59:37.351Z] ╵                            [32m^[0m
[2026-02-06T15:59:37.351Z] 
[2026-02-06T15:59:37.351Z] at throwClosedServerError (file:///home/ubuntu/senec-design/node_modules/.pnpm/vite@6.4.1_@types+node@25.2.0_jiti@1.21.7_yaml@2.8.2/node_modules/vite/dist/node/chunks/dep-D4NMHUTW.js:42055:15)
[2026-02-06T15:59:37.352Z] at EnvironmentPluginContainer.resolveId (file:///home/ubuntu/senec-design/node_modules/.pnpm/vite@6.4.1_@types+node@25.2.0_jiti@1.21.7_yaml@2.8.2/node_modules/vite/dist/node/chunks/dep-D4NMHUTW.js:42234:9)
[2026-02-06T15:59:37.352Z] at resolveId (file:///home/ubuntu/senec-design/node_modules/.pnpm/vite@6.4.1_@types+node@25.2.0_jiti@1.21.7_yaml@2.8.2/node_modules/vite/dist/node/chunks/dep-D4NMHUTW.js:14314:40)
[2026-02-06T15:59:37.352Z] at resolve (file:///home/ubuntu/senec-design/node_modules/.pnpm/vite@6.4.1_@types+node@25.2.0_jiti@1.21.7_yaml@2.8.2/node_modules/vite/dist/node/chunks/dep-D4NMHUTW.js:14325:28)
[2026-02-06T15:59:37.352Z] at file:///home/ubuntu/senec-design/node_modules/.pnpm/vite@6.4.1_@types+node@25.2.0_jiti@1.21.7_yaml@2.8.2/node_modules/vite/dist/node/chunks/dep-D4NMHUTW.js:14534:34
[2026-02-06T15:59:37.353Z] at requestCallbacks.on-resolve (/home/ubuntu/senec-design/node_modules/.pnpm/esbuild@0.25.12/node_modules/esbuild/lib/main.js:1217:28)
[2026-02-06T15:59:37.353Z] at handleRequest (/home/ubuntu/senec-design/node_modules/.pnpm/esbuild@0.25.12/node_modules/esbuild/lib/main.js:628:17)
[2026-02-06T15:59:37.353Z] at handleIncomingPacket (/home/ubuntu/senec-design/node_modules/.pnpm/esbuild@0.25.12/node_modules/esbuild/lib/main.js:653:7)
[2026-02-06T15:59:37.354Z] at Socket.readFromStdout (/home/ubuntu/senec-design/node_modules/.pnpm/esbuild@0.25.12/node_modules/esbuild/lib/main.js:581:7)
[2026-02-06T15:59:37.354Z] at Socket.emit (node:events:524:28)
[2026-02-06T15:59:37.354Z] 
[2026-02-06T15:59:37.354Z] This error came from the "onResolve" callback registered here:
[2026-02-06T15:59:37.355Z] 
[2026-02-06T15:59:37.355Z] node_modules/.pnpm/esbuild@0.25.12/node_modules/esbuild/lib/main.js:1141:20:
[2026-02-06T15:59:37.355Z] [37m      1141 │       let promise = [32m[37msetup({
[2026-02-06T15:59:37.356Z] ╵                     [32m^[0m
[2026-02-06T15:59:37.356Z] 
[2026-02-06T15:59:37.356Z] at setup (file:///home/ubuntu/senec-design/node_modules/.pnpm/vite@6.4.1_@types+node@25.2.0_jiti@1.21.7_yaml@2.8.2/node_modules/vite/dist/node/chunks/dep-D4NMHUTW.js:14529:13)
[2026-02-06T15:59:37.356Z] at handlePlugins (/home/ubuntu/senec-design/node_modules/.pnpm/esbuild@0.25.12/node_modules/esbuild/lib/main.js:1141:21)
[2026-02-06T15:59:37.357Z] at buildOrContextImpl (/home/ubuntu/senec-design/node_modules/.pnpm/esbuild@0.25.12/node_modules/esbuild/lib/main.js:854:5)
[2026-02-06T15:59:37.357Z] at Object.buildOrContext (/home/ubuntu/senec-design/node_modules/.pnpm/esbuild@0.25.12/node_modules/esbuild/lib/main.js:680:5)
[2026-02-06T15:59:37.357Z] at /home/ubuntu/senec-design/node_modules/.pnpm/esbuild@0.25.12/node_modules/esbuild/lib/main.js:2035:68
[2026-02-06T15:59:37.358Z] at new Promise (<anonymous>)
[2026-02-06T15:59:37.358Z] at Object.context (/home/ubuntu/senec-design/node_modules/.pnpm/esbuild@0.25.12/node_modules/esbuild/lib/main.js:2035:27)
[2026-02-06T15:59:37.358Z] at Object.context (/home/ubuntu/senec-design/node_modules/.pnpm/esbuild@0.25.12/node_modules/esbuild/lib/main.js:1877:58)
[2026-02-06T15:59:37.359Z] at prepareEsbuildScanner (file:///home/ubuntu/senec-design/node_modules/.pnpm/vite@6.4.1_@types+node@25.2.0_jiti@1.21.7_yaml@2.8.2/node_modules/vite/dist/node/chunks/dep-D4NMHUTW.js:14266:24)
[2026-02-06T15:59:37.359Z] 
[2026-02-06T15:59:37.360Z] The plugin "vite:dep-scan" was triggered by this import
[2026-02-06T15:59:37.360Z] 
[2026-02-06T15:59:37.360Z] <stdin>:42:7:
[2026-02-06T15:59:37.360Z] [37m      42 │ import [32m"/home/ubuntu/senec-design/src/components/ui/dialog.tsx"[37m
[2026-02-06T15:59:37.361Z] ╵        [32m~~~~~~~~~~~~~~~~~~~~~~~~~~~~~~~~~~~~~~~~~~~~~~~~~~~~~~~~[0m
[2026-02-06T15:59:37.361Z] 
[2026-02-06T15:59:37.361Z] 
[2026-02-06T15:59:37.362Z] [31m✘ [41;31m[[41;97mERROR[41;31m][0m [1mThe server is being restarted or closed. Request is outdated[0m [1m[35m[plugin vite:dep-scan][0m
[2026-02-06T15:59:37.362Z] 
[2026-02-06T15:59:37.362Z] node_modules/.pnpm/esbuild@0.25.12/node_modules/esbuild/lib/main.js:1217:27:
[2026-02-06T15:59:37.362Z] [37m      1217 │         let result = await [32m[37mcallback({
[2026-02-06T15:59:37.363Z] ╵                            [32m^[0m
[2026-02-06T15:59:37.363Z] 
[2026-02-06T15:59:37.363Z] at throwClosedServerError (file:///home/ubuntu/senec-design/node_modules/.pnpm/vite@6.4.1_@types+node@25.2.0_jiti@1.21.7_yaml@2.8.2/node_modules/vite/dist/node/chunks/dep-D4NMHUTW.js:42055:15)
[2026-02-06T15:59:37.363Z] at EnvironmentPluginContainer.resolveId (file:///home/ubuntu/senec-design/node_modules/.pnpm/vite@6.4.1_@types+node@25.2.0_jiti@1.21.7_yaml@2.8.2/node_modules/vite/dist/node/chunks/dep-D4NMHUTW.js:42234:9)
[2026-02-06T15:59:37.364Z] at resolveId (file:///home/ubuntu/senec-design/node_modules/.pnpm/vite@6.4.1_@types+node@25.2.0_jiti@1.21.7_yaml@2.8.2/node_modules/vite/dist/node/chunks/dep-D4NMHUTW.js:14314:40)
[2026-02-06T15:59:37.364Z] at resolve (file:///home/ubuntu/senec-design/node_modules/.pnpm/vite@6.4.1_@types+node@25.2.0_jiti@1.21.7_yaml@2.8.2/node_modules/vite/dist/node/chunks/dep-D4NMHUTW.js:14325:28)
[2026-02-06T15:59:37.364Z] at file:///home/ubuntu/senec-design/node_modules/.pnpm/vite@6.4.1_@types+node@25.2.0_jiti@1.21.7_yaml@2.8.2/node_modules/vite/dist/node/chunks/dep-D4NMHUTW.js:14534:34
[2026-02-06T15:59:37.365Z] at requestCallbacks.on-resolve (/home/ubuntu/senec-design/node_modules/.pnpm/esbuild@0.25.12/node_modules/esbuild/lib/main.js:1217:28)
[2026-02-06T15:59:37.365Z] at handleRequest (/home/ubuntu/senec-design/node_modules/.pnpm/esbuild@0.25.12/node_modules/esbuild/lib/main.js:628:17)
[2026-02-06T15:59:37.365Z] at handleIncomingPacket (/home/ubuntu/senec-design/node_modules/.pnpm/esbuild@0.25.12/node_modules/esbuild/lib/main.js:653:7)
[2026-02-06T15:59:37.365Z] at Socket.readFromStdout (/home/ubuntu/senec-design/node_modules/.pnpm/esbuild@0.25.12/node_modules/esbuild/lib/main.js:581:7)
[2026-02-06T15:59:37.366Z] at Socket.emit (node:events:524:28)
[2026-02-06T15:59:37.366Z] 
[2026-02-06T15:59:37.366Z] This error came from the "onResolve" callback registered here:
[2026-02-06T15:59:37.366Z] 
[2026-02-06T15:59:37.367Z] node_modules/.pnpm/esbuild@0.25.12/node_modules/esbuild/lib/main.js:1141:20:
[2026-02-06T15:59:37.367Z] [37m      1141 │       let promise = [32m[37msetup({
[2026-02-06T15:59:37.367Z] ╵                     [32m^[0m
[2026-02-06T15:59:37.368Z] 
[2026-02-06T15:59:37.368Z] at setup (file:///home/ubuntu/senec-design/node_modules/.pnpm/vite@6.4.1_@types+node@25.2.0_jiti@1.21.7_yaml@2.8.2/node_modules/vite/dist/node/chunks/dep-D4NMHUTW.js:14529:13)
[2026-02-06T15:59:37.368Z] at handlePlugins (/home/ubuntu/senec-design/node_modules/.pnpm/esbuild@0.25.12/node_modules/esbuild/lib/main.js:1141:21)
[2026-02-06T15:59:37.369Z] at buildOrContextImpl (/home/ubuntu/senec-design/node_modules/.pnpm/esbuild@0.25.12/node_modules/esbuild/lib/main.js:854:5)
[2026-02-06T15:59:37.369Z] at Object.buildOrContext (/home/ubuntu/senec-design/node_modules/.pnpm/esbuild@0.25.12/node_modules/esbuild/lib/main.js:680:5)
[2026-02-06T15:59:37.370Z] at /home/ubuntu/senec-design/node_modules/.pnpm/esbuild@0.25.12/node_modules/esbuild/lib/main.js:2035:68
[2026-02-06T15:59:37.370Z] at new Promise (<anonymous>)
[2026-02-06T15:59:37.370Z] at Object.context (/home/ubuntu/senec-design/node_modules/.pnpm/esbuild@0.25.12/node_modules/esbuild/lib/main.js:2035:27)
[2026-02-06T15:59:37.371Z] at Object.context (/home/ubuntu/senec-design/node_modules/.pnpm/esbuild@0.25.12/node_modules/esbuild/lib/main.js:1877:58)
[2026-02-06T15:59:37.371Z] at prepareEsbuildScanner (file:///home/ubuntu/senec-design/node_modules/.pnpm/vite@6.4.1_@types+node@25.2.0_jiti@1.21.7_yaml@2.8.2/node_modules/vite/dist/node/chunks/dep-D4NMHUTW.js:14266:24)
[2026-02-06T15:59:37.372Z] 
[2026-02-06T15:59:37.372Z] The plugin "vite:dep-scan" was triggered by this import
[2026-02-06T15:59:37.372Z] 
[2026-02-06T15:59:37.373Z] <stdin>:43:7:
[2026-02-06T15:59:37.373Z] [37m      43 │ import [32m"/home/ubuntu/senec-design/src/components/ui/input.tsx"[37m
[2026-02-06T15:59:37.373Z] ╵        [32m~~~~~~~~~~~~~~~~~~~~~~~~~~~~~~~~~~~~~~~~~~~~~~~~~~~~~~~[0m
[2026-02-06T15:59:37.374Z] 
[2026-02-06T15:59:37.374Z] 
[2026-02-06T15:59:37.374Z] [31m✘ [41;31m[[41;97mERROR[41;31m][0m [1mThe server is being restarted or closed. Request is outdated[0m [1m[35m[plugin vite:dep-scan][0m
[2026-02-06T15:59:37.375Z] 
[2026-02-06T15:59:37.375Z] node_modules/.pnpm/esbuild@0.25.12/node_modules/esbuild/lib/main.js:1217:27:
[2026-02-06T15:59:37.375Z] [37m      1217 │         let result = await [32m[37mcallback({
[2026-02-06T15:59:37.376Z] ╵                            [32m^[0m
[2026-02-06T15:59:37.376Z] 
[2026-02-06T15:59:37.376Z] at throwClosedServerError (file:///home/ubuntu/senec-design/node_modules/.pnpm/vite@6.4.1_@types+node@25.2.0_jiti@1.21.7_yaml@2.8.2/node_modules/vite/dist/node/chunks/dep-D4NMHUTW.js:42055:15)
[2026-02-06T15:59:37.376Z] at EnvironmentPluginContainer.resolveId (file:///home/ubuntu/senec-design/node_modules/.pnpm/vite@6.4.1_@types+node@25.2.0_jiti@1.21.7_yaml@2.8.2/node_modules/vite/dist/node/chunks/dep-D4NMHUTW.js:42234:9)
[2026-02-06T15:59:37.377Z] at resolveId (file:///home/ubuntu/senec-design/node_modules/.pnpm/vite@6.4.1_@types+node@25.2.0_jiti@1.21.7_yaml@2.8.2/node_modules/vite/dist/node/chunks/dep-D4NMHUTW.js:14314:40)
[2026-02-06T15:59:37.377Z] at resolve (file:///home/ubuntu/senec-design/node_modules/.pnpm/vite@6.4.1_@types+node@25.2.0_jiti@1.21.7_yaml@2.8.2/node_modules/vite/dist/node/chunks/dep-D4NMHUTW.js:14325:28)
[2026-02-06T15:59:37.377Z] at file:///home/ubuntu/senec-design/node_modules/.pnpm/vite@6.4.1_@types+node@25.2.0_jiti@1.21.7_yaml@2.8.2/node_modules/vite/dist/node/chunks/dep-D4NMHUTW.js:14534:34
[2026-02-06T15:59:37.378Z] at requestCallbacks.on-resolve (/home/ubuntu/senec-design/node_modules/.pnpm/esbuild@0.25.12/node_modules/esbuild/lib/main.js:1217:28)
[2026-02-06T15:59:37.378Z] at handleRequest (/home/ubuntu/senec-design/node_modules/.pnpm/esbuild@0.25.12/node_modules/esbuild/lib/main.js:628:17)
[2026-02-06T15:59:37.378Z] at handleIncomingPacket (/home/ubuntu/senec-design/node_modules/.pnpm/esbuild@0.25.12/node_modules/esbuild/lib/main.js:653:7)
[2026-02-06T15:59:37.379Z] at Socket.readFromStdout (/home/ubuntu/senec-design/node_modules/.pnpm/esbuild@0.25.12/node_modules/esbuild/lib/main.js:581:7)
[2026-02-06T15:59:37.379Z] at Socket.emit (node:events:524:28)
[2026-02-06T15:59:37.379Z] 
[2026-02-06T15:59:37.379Z] This error came from the "onResolve" callback registered here:
[2026-02-06T15:59:37.380Z] 
[2026-02-06T15:59:37.380Z] node_modules/.pnpm/esbuild@0.25.12/node_modules/esbuild/lib/main.js:1141:20:
[2026-02-06T15:59:37.380Z] [37m      1141 │       let promise = [32m[37msetup({
[2026-02-06T15:59:37.380Z] ╵                     [32m^[0m
[2026-02-06T15:59:37.381Z] 
[2026-02-06T15:59:37.381Z] at setup (file:///home/ubuntu/senec-design/node_modules/.pnpm/vite@6.4.1_@types+node@25.2.0_jiti@1.21.7_yaml@2.8.2/node_modules/vite/dist/node/chunks/dep-D4NMHUTW.js:14529:13)
[2026-02-06T15:59:37.381Z] at handlePlugins (/home/ubuntu/senec-design/node_modules/.pnpm/esbuild@0.25.12/node_modules/esbuild/lib/main.js:1141:21)
[2026-02-06T15:59:37.382Z] at buildOrContextImpl (/home/ubuntu/senec-design/node_modules/.pnpm/esbuild@0.25.12/node_modules/esbuild/lib/main.js:854:5)
[2026-02-06T15:59:37.382Z] at Object.buildOrContext (/home/ubuntu/senec-design/node_modules/.pnpm/esbuild@0.25.12/node_modules/esbuild/lib/main.js:680:5)
[2026-02-06T15:59:37.382Z] at /home/ubuntu/senec-design/node_modules/.pnpm/esbuild@0.25.12/node_modules/esbuild/lib/main.js:2035:68
[2026-02-06T15:59:37.383Z] at new Promise (<anonymous>)
[2026-02-06T15:59:37.383Z] at Object.context (/home/ubuntu/senec-design/node_modules/.pnpm/esbuild@0.25.12/node_modules/esbuild/lib/main.js:2035:27)
[2026-02-06T15:59:37.383Z] at Object.context (/home/ubuntu/senec-design/node_modules/.pnpm/esbuild@0.25.12/node_modules/esbuild/lib/main.js:1877:58)
[2026-02-06T15:59:37.384Z] at prepareEsbuildScanner (file:///home/ubuntu/senec-design/node_modules/.pnpm/vite@6.4.1_@types+node@25.2.0_jiti@1.21.7_yaml@2.8.2/node_modules/vite/dist/node/chunks/dep-D4NMHUTW.js:14266:24)
[2026-02-06T15:59:37.384Z] 
[2026-02-06T15:59:37.384Z] The plugin "vite:dep-scan" was triggered by this import
[2026-02-06T15:59:37.384Z] 
[2026-02-06T15:59:37.385Z] <stdin>:44:7:
[2026-02-06T15:59:37.385Z] [37m      44 │ import [32m"/home/ubuntu/senec-design/src/components/ui/label.tsx"[37m
[2026-02-06T15:59:37.385Z] ╵        [32m~~~~~~~~~~~~~~~~~~~~~~~~~~~~~~~~~~~~~~~~~~~~~~~~~~~~~~~[0m
[2026-02-06T15:59:37.385Z] 
[2026-02-06T15:59:37.386Z] 
[2026-02-06T15:59:37.386Z] [31m✘ [41;31m[[41;97mERROR[41;31m][0m [1mThe server is being restarted or closed. Request is outdated[0m [1m[35m[plugin vite:dep-scan][0m
[2026-02-06T15:59:37.386Z] 
[2026-02-06T15:59:37.387Z] node_modules/.pnpm/esbuild@0.25.12/node_modules/esbuild/lib/main.js:1217:27:
[2026-02-06T15:59:37.387Z] [37m      1217 │         let result = await [32m[37mcallback({
[2026-02-06T15:59:37.387Z] ╵                            [32m^[0m
[2026-02-06T15:59:37.387Z] 
[2026-02-06T15:59:37.388Z] at throwClosedServerError (file:///home/ubuntu/senec-design/node_modules/.pnpm/vite@6.4.1_@types+node@25.2.0_jiti@1.21.7_yaml@2.8.2/node_modules/vite/dist/node/chunks/dep-D4NMHUTW.js:42055:15)
[2026-02-06T15:59:37.388Z] at EnvironmentPluginContainer.resolveId (file:///home/ubuntu/senec-design/node_modules/.pnpm/vite@6.4.1_@types+node@25.2.0_jiti@1.21.7_yaml@2.8.2/node_modules/vite/dist/node/chunks/dep-D4NMHUTW.js:42234:9)
[2026-02-06T15:59:37.388Z] at resolveId (file:///home/ubuntu/senec-design/node_modules/.pnpm/vite@6.4.1_@types+node@25.2.0_jiti@1.21.7_yaml@2.8.2/node_modules/vite/dist/node/chunks/dep-D4NMHUTW.js:14314:40)
[2026-02-06T15:59:37.388Z] at resolve (file:///home/ubuntu/senec-design/node_modules/.pnpm/vite@6.4.1_@types+node@25.2.0_jiti@1.21.7_yaml@2.8.2/node_modules/vite/dist/node/chunks/dep-D4NMHUTW.js:14325:28)
[2026-02-06T15:59:37.389Z] at file:///home/ubuntu/senec-design/node_modules/.pnpm/vite@6.4.1_@types+node@25.2.0_jiti@1.21.7_yaml@2.8.2/node_modules/vite/dist/node/chunks/dep-D4NMHUTW.js:14534:34
[2026-02-06T15:59:37.389Z] at requestCallbacks.on-resolve (/home/ubuntu/senec-design/node_modules/.pnpm/esbuild@0.25.12/node_modules/esbuild/lib/main.js:1217:28)
[2026-02-06T15:59:37.389Z] at handleRequest (/home/ubuntu/senec-design/node_modules/.pnpm/esbuild@0.25.12/node_modules/esbuild/lib/main.js:628:17)
[2026-02-06T15:59:37.390Z] at handleIncomingPacket (/home/ubuntu/senec-design/node_modules/.pnpm/esbuild@0.25.12/node_modules/esbuild/lib/main.js:653:7)
[2026-02-06T15:59:37.390Z] at Socket.readFromStdout (/home/ubuntu/senec-design/node_modules/.pnpm/esbuild@0.25.12/node_modules/esbuild/lib/main.js:581:7)
[2026-02-06T15:59:37.390Z] at Socket.emit (node:events:524:28)
[2026-02-06T15:59:37.391Z] 
[2026-02-06T15:59:37.391Z] This error came from the "onResolve" callback registered here:
[2026-02-06T15:59:37.391Z] 
[2026-02-06T15:59:37.392Z] node_modules/.pnpm/esbuild@0.25.12/node_modules/esbuild/lib/main.js:1141:20:
[2026-02-06T15:59:37.392Z] [37m      1141 │       let promise = [32m[37msetup({
[2026-02-06T15:59:37.392Z] ╵                     [32m^[0m
[2026-02-06T15:59:37.392Z] 
[2026-02-06T15:59:37.393Z] at setup (file:///home/ubuntu/senec-design/node_modules/.pnpm/vite@6.4.1_@types+node@25.2.0_jiti@1.21.7_yaml@2.8.2/node_modules/vite/dist/node/chunks/dep-D4NMHUTW.js:14529:13)
[2026-02-06T15:59:37.393Z] at handlePlugins (/home/ubuntu/senec-design/node_modules/.pnpm/esbuild@0.25.12/node_modules/esbuild/lib/main.js:1141:21)
[2026-02-06T15:59:37.393Z] at buildOrContextImpl (/home/ubuntu/senec-design/node_modules/.pnpm/esbuild@0.25.12/node_modules/esbuild/lib/main.js:854:5)
[2026-02-06T15:59:37.394Z] at Object.buildOrContext (/home/ubuntu/senec-design/node_modules/.pnpm/esbuild@0.25.12/node_modules/esbuild/lib/main.js:680:5)
[2026-02-06T15:59:37.394Z] at /home/ubuntu/senec-design/node_modules/.pnpm/esbuild@0.25.12/node_modules/esbuild/lib/main.js:2035:68
[2026-02-06T15:59:37.394Z] at new Promise (<anonymous>)
[2026-02-06T15:59:37.394Z] at Object.context (/home/ubuntu/senec-design/node_modules/.pnpm/esbuild@0.25.12/node_modules/esbuild/lib/main.js:2035:27)
[2026-02-06T15:59:37.395Z] at Object.context (/home/ubuntu/senec-design/node_modules/.pnpm/esbuild@0.25.12/node_modules/esbuild/lib/main.js:1877:58)
[2026-02-06T15:59:37.395Z] at prepareEsbuildScanner (file:///home/ubuntu/senec-design/node_modules/.pnpm/vite@6.4.1_@types+node@25.2.0_jiti@1.21.7_yaml@2.8.2/node_modules/vite/dist/node/chunks/dep-D4NMHUTW.js:14266:24)
[2026-02-06T15:59:37.395Z] 
[2026-02-06T15:59:37.395Z] The plugin "vite:dep-scan" was triggered by this import
[2026-02-06T15:59:37.396Z] 
[2026-02-06T15:59:37.396Z] <stdin>:45:7:
[2026-02-06T15:59:37.396Z] [37m      45 │ import [32m"/home/ubuntu/senec-design/src/components/ui/slider.tsx"[37m
[2026-02-06T15:59:37.396Z] ╵        [32m~~~~~~~~~~~~~~~~~~~~~~~~~~~~~~~~~~~~~~~~~~~~~~~~~~~~~~~~[0m
[2026-02-06T15:59:37.397Z] 
[2026-02-06T15:59:37.397Z] 
[2026-02-06T15:59:37.397Z] [31m✘ [41;31m[[41;97mERROR[41;31m][0m [1mThe server is being restarted or closed. Request is outdated[0m [1m[35m[plugin vite:dep-scan][0m
[2026-02-06T15:59:37.397Z] 
[2026-02-06T15:59:37.398Z] node_modules/.pnpm/esbuild@0.25.12/node_modules/esbuild/lib/main.js:1217:27:
[2026-02-06T15:59:37.398Z] [37m      1217 │         let result = await [32m[37mcallback({
[2026-02-06T15:59:37.398Z] ╵                            [32m^[0m
[2026-02-06T15:59:37.399Z] 
[2026-02-06T15:59:37.399Z] at throwClosedServerError (file:///home/ubuntu/senec-design/node_modules/.pnpm/vite@6.4.1_@types+node@25.2.0_jiti@1.21.7_yaml@2.8.2/node_modules/vite/dist/node/chunks/dep-D4NMHUTW.js:42055:15)
[2026-02-06T15:59:37.399Z] at EnvironmentPluginContainer.resolveId (file:///home/ubuntu/senec-design/node_modules/.pnpm/vite@6.4.1_@types+node@25.2.0_jiti@1.21.7_yaml@2.8.2/node_modules/vite/dist/node/chunks/dep-D4NMHUTW.js:42234:9)
[2026-02-06T15:59:37.399Z] at resolveId (file:///home/ubuntu/senec-design/node_modules/.pnpm/vite@6.4.1_@types+node@25.2.0_jiti@1.21.7_yaml@2.8.2/node_modules/vite/dist/node/chunks/dep-D4NMHUTW.js:14314:40)
[2026-02-06T15:59:37.400Z] at resolve (file:///home/ubuntu/senec-design/node_modules/.pnpm/vite@6.4.1_@types+node@25.2.0_jiti@1.21.7_yaml@2.8.2/node_modules/vite/dist/node/chunks/dep-D4NMHUTW.js:14325:28)
[2026-02-06T15:59:37.400Z] at file:///home/ubuntu/senec-design/node_modules/.pnpm/vite@6.4.1_@types+node@25.2.0_jiti@1.21.7_yaml@2.8.2/node_modules/vite/dist/node/chunks/dep-D4NMHUTW.js:14534:34
[2026-02-06T15:59:37.400Z] at requestCallbacks.on-resolve (/home/ubuntu/senec-design/node_modules/.pnpm/esbuild@0.25.12/node_modules/esbuild/lib/main.js:1217:28)
[2026-02-06T15:59:37.401Z] at handleRequest (/home/ubuntu/senec-design/node_modules/.pnpm/esbuild@0.25.12/node_modules/esbuild/lib/main.js:628:17)
[2026-02-06T15:59:37.401Z] at handleIncomingPacket (/home/ubuntu/senec-design/node_modules/.pnpm/esbuild@0.25.12/node_modules/esbuild/lib/main.js:653:7)
[2026-02-06T15:59:37.401Z] at Socket.readFromStdout (/home/ubuntu/senec-design/node_modules/.pnpm/esbuild@0.25.12/node_modules/esbuild/lib/main.js:581:7)
[2026-02-06T15:59:37.401Z] at Socket.emit (node:events:524:28)
[2026-02-06T15:59:37.402Z] 
[2026-02-06T15:59:37.402Z] This error came from the "onResolve" callback registered here:
[2026-02-06T15:59:37.402Z] 
[2026-02-06T15:59:37.403Z] node_modules/.pnpm/esbuild@0.25.12/node_modules/esbuild/lib/main.js:1141:20:
[2026-02-06T15:59:37.403Z] [37m      1141 │       let promise = [32m[37msetup({
[2026-02-06T15:59:37.403Z] ╵                     [32m^[0m
[2026-02-06T15:59:37.404Z] 
[2026-02-06T15:59:37.404Z] at setup (file:///home/ubuntu/senec-design/node_modules/.pnpm/vite@6.4.1_@types+node@25.2.0_jiti@1.21.7_yaml@2.8.2/node_modules/vite/dist/node/chunks/dep-D4NMHUTW.js:14529:13)
[2026-02-06T15:59:37.404Z] at handlePlugins (/home/ubuntu/senec-design/node_modules/.pnpm/esbuild@0.25.12/node_modules/esbuild/lib/main.js:1141:21)
[2026-02-06T15:59:37.404Z] at buildOrContextImpl (/home/ubuntu/senec-design/node_modules/.pnpm/esbuild@0.25.12/node_modules/esbuild/lib/main.js:854:5)
[2026-02-06T15:59:37.405Z] at Object.buildOrContext (/home/ubuntu/senec-design/node_modules/.pnpm/esbuild@0.25.12/node_modules/esbuild/lib/main.js:680:5)
[2026-02-06T15:59:37.405Z] at /home/ubuntu/senec-design/node_modules/.pnpm/esbuild@0.25.12/node_modules/esbuild/lib/main.js:2035:68
[2026-02-06T15:59:37.405Z] at new Promise (<anonymous>)
[2026-02-06T15:59:37.406Z] at Object.context (/home/ubuntu/senec-design/node_modules/.pnpm/esbuild@0.25.12/node_modules/esbuild/lib/main.js:2035:27)
[2026-02-06T15:59:37.406Z] at Object.context (/home/ubuntu/senec-design/node_modules/.pnpm/esbuild@0.25.12/node_modules/esbuild/lib/main.js:1877:58)
[2026-02-06T15:59:37.406Z] at prepareEsbuildScanner (file:///home/ubuntu/senec-design/node_modules/.pnpm/vite@6.4.1_@types+node@25.2.0_jiti@1.21.7_yaml@2.8.2/node_modules/vite/dist/node/chunks/dep-D4NMHUTW.js:14266:24)
[2026-02-06T15:59:37.407Z] 
[2026-02-06T15:59:37.407Z] The plugin "vite:dep-scan" was triggered by this import
[2026-02-06T15:59:37.407Z] 
[2026-02-06T15:59:37.408Z] <stdin>:46:7:
[2026-02-06T15:59:37.408Z] [37m      46 │ import [32m"/home/ubuntu/senec-design/src/components/ui/switch.tsx"[37m
[2026-02-06T15:59:37.408Z] ╵        [32m~~~~~~~~~~~~~~~~~~~~~~~~~~~~~~~~~~~~~~~~~~~~~~~~~~~~~~~~[0m
[2026-02-06T15:59:37.408Z] 
[2026-02-06T15:59:37.409Z] 
[2026-02-06T15:59:37.409Z] [31m✘ [41;31m[[41;97mERROR[41;31m][0m [1mThe server is being restarted or closed. Request is outdated[0m [1m[35m[plugin vite:dep-scan][0m
[2026-02-06T15:59:37.409Z] 
[2026-02-06T15:59:37.410Z] node_modules/.pnpm/esbuild@0.25.12/node_modules/esbuild/lib/main.js:1217:27:
[2026-02-06T15:59:37.410Z] [37m      1217 │         let result = await [32m[37mcallback({
[2026-02-06T15:59:37.410Z] ╵                            [32m^[0m
[2026-02-06T15:59:37.410Z] 
[2026-02-06T15:59:37.411Z] at throwClosedServerError (file:///home/ubuntu/senec-design/node_modules/.pnpm/vite@6.4.1_@types+node@25.2.0_jiti@1.21.7_yaml@2.8.2/node_modules/vite/dist/node/chunks/dep-D4NMHUTW.js:42055:15)
[2026-02-06T15:59:37.411Z] at EnvironmentPluginContainer.resolveId (file:///home/ubuntu/senec-design/node_modules/.pnpm/vite@6.4.1_@types+node@25.2.0_jiti@1.21.7_yaml@2.8.2/node_modules/vite/dist/node/chunks/dep-D4NMHUTW.js:42234:9)
[2026-02-06T15:59:37.411Z] at resolveId (file:///home/ubuntu/senec-design/node_modules/.pnpm/vite@6.4.1_@types+node@25.2.0_jiti@1.21.7_yaml@2.8.2/node_modules/vite/dist/node/chunks/dep-D4NMHUTW.js:14314:40)
[2026-02-06T15:59:37.411Z] at resolve (file:///home/ubuntu/senec-design/node_modules/.pnpm/vite@6.4.1_@types+node@25.2.0_jiti@1.21.7_yaml@2.8.2/node_modules/vite/dist/node/chunks/dep-D4NMHUTW.js:14325:28)
[2026-02-06T15:59:37.412Z] at file:///home/ubuntu/senec-design/node_modules/.pnpm/vite@6.4.1_@types+node@25.2.0_jiti@1.21.7_yaml@2.8.2/node_modules/vite/dist/node/chunks/dep-D4NMHUTW.js:14534:34
[2026-02-06T15:59:37.412Z] at requestCallbacks.on-resolve (/home/ubuntu/senec-design/node_modules/.pnpm/esbuild@0.25.12/node_modules/esbuild/lib/main.js:1217:28)
[2026-02-06T15:59:37.412Z] at handleRequest (/home/ubuntu/senec-design/node_modules/.pnpm/esbuild@0.25.12/node_modules/esbuild/lib/main.js:628:17)
[2026-02-06T15:59:37.413Z] at handleIncomingPacket (/home/ubuntu/senec-design/node_modules/.pnpm/esbuild@0.25.12/node_modules/esbuild/lib/main.js:653:7)
[2026-02-06T15:59:37.413Z] at Socket.readFromStdout (/home/ubuntu/senec-design/node_modules/.pnpm/esbuild@0.25.12/node_modules/esbuild/lib/main.js:581:7)
[2026-02-06T15:59:37.413Z] at Socket.emit (node:events:524:28)
[2026-02-06T15:59:37.413Z] 
[2026-02-06T15:59:37.414Z] This error came from the "onResolve" callback registered here:
[2026-02-06T15:59:37.414Z] 
[2026-02-06T15:59:37.414Z] node_modules/.pnpm/esbuild@0.25.12/node_modules/esbuild/lib/main.js:1141:20:
[2026-02-06T15:59:37.414Z] [37m      1141 │       let promise = [32m[37msetup({
[2026-02-06T15:59:37.415Z] ╵                     [32m^[0m
[2026-02-06T15:59:37.415Z] 
[2026-02-06T15:59:37.415Z] at setup (file:///home/ubuntu/senec-design/node_modules/.pnpm/vite@6.4.1_@types+node@25.2.0_jiti@1.21.7_yaml@2.8.2/node_modules/vite/dist/node/chunks/dep-D4NMHUTW.js:14529:13)
[2026-02-06T15:59:37.415Z] at handlePlugins (/home/ubuntu/senec-design/node_modules/.pnpm/esbuild@0.25.12/node_modules/esbuild/lib/main.js:1141:21)
[2026-02-06T15:59:37.416Z] at buildOrContextImpl (/home/ubuntu/senec-design/node_modules/.pnpm/esbuild@0.25.12/node_modules/esbuild/lib/main.js:854:5)
[2026-02-06T15:59:37.416Z] at Object.buildOrContext (/home/ubuntu/senec-design/node_modules/.pnpm/esbuild@0.25.12/node_modules/esbuild/lib/main.js:680:5)
[2026-02-06T15:59:37.416Z] at /home/ubuntu/senec-design/node_modules/.pnpm/esbuild@0.25.12/node_modules/esbuild/lib/main.js:2035:68
[2026-02-06T15:59:37.416Z] at new Promise (<anonymous>)
[2026-02-06T15:59:37.417Z] at Object.context (/home/ubuntu/senec-design/node_modules/.pnpm/esbuild@0.25.12/node_modules/esbuild/lib/main.js:2035:27)
[2026-02-06T15:59:37.417Z] at Object.context (/home/ubuntu/senec-design/node_modules/.pnpm/esbuild@0.25.12/node_modules/esbuild/lib/main.js:1877:58)
[2026-02-06T15:59:37.418Z] at prepareEsbuildScanner (file:///home/ubuntu/senec-design/node_modules/.pnpm/vite@6.4.1_@types+node@25.2.0_jiti@1.21.7_yaml@2.8.2/node_modules/vite/dist/node/chunks/dep-D4NMHUTW.js:14266:24)
[2026-02-06T15:59:37.418Z] 
[2026-02-06T15:59:37.418Z] The plugin "vite:dep-scan" was triggered by this import
[2026-02-06T15:59:37.418Z] 
[2026-02-06T15:59:37.419Z] <stdin>:47:7:
[2026-02-06T15:59:37.419Z] [37m      47 │ import [32m"/home/ubuntu/senec-design/src/components/ui/tooltip.tsx"[37m
[2026-02-06T15:59:37.419Z] ╵        [32m~~~~~~~~~~~~~~~~~~~~~~~~~~~~~~~~~~~~~~~~~~~~~~~~~~~~~~~~~[0m
[2026-02-06T15:59:37.420Z] 
[2026-02-06T15:59:37.420Z] 
[2026-02-06T15:59:37.420Z] [31m✘ [41;31m[[41;97mERROR[41;31m][0m [1mThe server is being restarted or closed. Request is outdated[0m [1m[35m[plugin vite:dep-scan][0m
[2026-02-06T15:59:37.420Z] 
[2026-02-06T15:59:37.421Z] node_modules/.pnpm/esbuild@0.25.12/node_modules/esbuild/lib/main.js:1217:27:
[2026-02-06T15:59:37.422Z] [37m      1217 │         let result = await [32m[37mcallback({
[2026-02-06T15:59:37.422Z] ╵                            [32m^[0m
[2026-02-06T15:59:37.422Z] 
[2026-02-06T15:59:37.423Z] at throwClosedServerError (file:///home/ubuntu/senec-design/node_modules/.pnpm/vite@6.4.1_@types+node@25.2.0_jiti@1.21.7_yaml@2.8.2/node_modules/vite/dist/node/chunks/dep-D4NMHUTW.js:42055:15)
[2026-02-06T15:59:37.423Z] at EnvironmentPluginContainer.resolveId (file:///home/ubuntu/senec-design/node_modules/.pnpm/vite@6.4.1_@types+node@25.2.0_jiti@1.21.7_yaml@2.8.2/node_modules/vite/dist/node/chunks/dep-D4NMHUTW.js:42234:9)
[2026-02-06T15:59:37.423Z] at resolveId (file:///home/ubuntu/senec-design/node_modules/.pnpm/vite@6.4.1_@types+node@25.2.0_jiti@1.21.7_yaml@2.8.2/node_modules/vite/dist/node/chunks/dep-D4NMHUTW.js:14314:40)
[2026-02-06T15:59:37.424Z] at resolve (file:///home/ubuntu/senec-design/node_modules/.pnpm/vite@6.4.1_@types+node@25.2.0_jiti@1.21.7_yaml@2.8.2/node_modules/vite/dist/node/chunks/dep-D4NMHUTW.js:14325:28)
[2026-02-06T15:59:37.424Z] at file:///home/ubuntu/senec-design/node_modules/.pnpm/vite@6.4.1_@types+node@25.2.0_jiti@1.21.7_yaml@2.8.2/node_modules/vite/dist/node/chunks/dep-D4NMHUTW.js:14380:32
[2026-02-06T15:59:37.424Z] at requestCallbacks.on-resolve (/home/ubuntu/senec-design/node_modules/.pnpm/esbuild@0.25.12/node_modules/esbuild/lib/main.js:1217:28)
[2026-02-06T15:59:37.425Z] at handleRequest (/home/ubuntu/senec-design/node_modules/.pnpm/esbuild@0.25.12/node_modules/esbuild/lib/main.js:628:17)
[2026-02-06T15:59:37.425Z] at handleIncomingPacket (/home/ubuntu/senec-design/node_modules/.pnpm/esbuild@0.25.12/node_modules/esbuild/lib/main.js:653:7)
[2026-02-06T15:59:37.425Z] at Socket.readFromStdout (/home/ubuntu/senec-design/node_modules/.pnpm/esbuild@0.25.12/node_modules/esbuild/lib/main.js:581:7)
[2026-02-06T15:59:37.425Z] at Socket.emit (node:events:524:28)
[2026-02-06T15:59:37.426Z] 
[2026-02-06T15:59:37.426Z] This error came from the "onResolve" callback registered here:
[2026-02-06T15:59:37.426Z] 
[2026-02-06T15:59:37.427Z] node_modules/.pnpm/esbuild@0.25.12/node_modules/esbuild/lib/main.js:1141:20:
[2026-02-06T15:59:37.427Z] [37m      1141 │       let promise = [32m[37msetup({
[2026-02-06T15:59:37.427Z] ╵                     [32m^[0m
[2026-02-06T15:59:37.427Z] 
[2026-02-06T15:59:37.428Z] at setup (file:///home/ubuntu/senec-design/node_modules/.pnpm/vite@6.4.1_@types+node@25.2.0_jiti@1.21.7_yaml@2.8.2/node_modules/vite/dist/node/chunks/dep-D4NMHUTW.js:14379:13)
[2026-02-06T15:59:37.428Z] at handlePlugins (/home/ubuntu/senec-design/node_modules/.pnpm/esbuild@0.25.12/node_modules/esbuild/lib/main.js:1141:21)
[2026-02-06T15:59:37.428Z] at buildOrContextImpl (/home/ubuntu/senec-design/node_modules/.pnpm/esbuild@0.25.12/node_modules/esbuild/lib/main.js:854:5)
[2026-02-06T15:59:37.429Z] at Object.buildOrContext (/home/ubuntu/senec-design/node_modules/.pnpm/esbuild@0.25.12/node_modules/esbuild/lib/main.js:680:5)
[2026-02-06T15:59:37.429Z] at /home/ubuntu/senec-design/node_modules/.pnpm/esbuild@0.25.12/node_modules/esbuild/lib/main.js:2035:68
[2026-02-06T15:59:37.429Z] at new Promise (<anonymous>)
[2026-02-06T15:59:37.429Z] at Object.context (/home/ubuntu/senec-design/node_modules/.pnpm/esbuild@0.25.12/node_modules/esbuild/lib/main.js:2035:27)
[2026-02-06T15:59:37.430Z] at Object.context (/home/ubuntu/senec-design/node_modules/.pnpm/esbuild@0.25.12/node_modules/esbuild/lib/main.js:1877:58)
[2026-02-06T15:59:37.430Z] at prepareEsbuildScanner (file:///home/ubuntu/senec-design/node_modules/.pnpm/vite@6.4.1_@types+node@25.2.0_jiti@1.21.7_yaml@2.8.2/node_modules/vite/dist/node/chunks/dep-D4NMHUTW.js:14266:24)
[2026-02-06T15:59:37.430Z] 
[2026-02-06T15:59:37.431Z] The plugin "vite:dep-scan" was triggered by this import
[2026-02-06T15:59:37.431Z] 
[2026-02-06T15:59:37.431Z] <stdin>:48:7:
[2026-02-06T15:59:37.431Z] [37m      48 │ import [32m"/home/ubuntu/senec-design/src/pages/dashboard/cta-tracking[37m...
[2026-02-06T15:59:37.432Z] ╵        [32m~~~~~~~~~~~~~~~~~~~~~~~~~~~~~~~~~~~~~~~~~~~~~~~~~~~~~~~~~~~[0m
[2026-02-06T15:59:37.432Z] 
[2026-02-06T15:59:37.432Z] 
[2026-02-06T15:59:37.433Z] [31m✘ [41;31m[[41;97mERROR[41;31m][0m [1mThe server is being restarted or closed. Request is outdated[0m [1m[35m[plugin vite:dep-scan][0m
[2026-02-06T15:59:37.433Z] 
[2026-02-06T15:59:37.433Z] node_modules/.pnpm/esbuild@0.25.12/node_modules/esbuild/lib/main.js:1217:27:
[2026-02-06T15:59:37.434Z] [37m      1217 │         let result = await [32m[37mcallback({
[2026-02-06T15:59:37.434Z] ╵                            [32m^[0m
[2026-02-06T15:59:37.434Z] 
[2026-02-06T15:59:37.434Z] at throwClosedServerError (file:///home/ubuntu/senec-design/node_modules/.pnpm/vite@6.4.1_@types+node@25.2.0_jiti@1.21.7_yaml@2.8.2/node_modules/vite/dist/node/chunks/dep-D4NMHUTW.js:42055:15)
[2026-02-06T15:59:37.435Z] at EnvironmentPluginContainer.resolveId (file:///home/ubuntu/senec-design/node_modules/.pnpm/vite@6.4.1_@types+node@25.2.0_jiti@1.21.7_yaml@2.8.2/node_modules/vite/dist/node/chunks/dep-D4NMHUTW.js:42234:9)
[2026-02-06T15:59:37.435Z] at resolveId (file:///home/ubuntu/senec-design/node_modules/.pnpm/vite@6.4.1_@types+node@25.2.0_jiti@1.21.7_yaml@2.8.2/node_modules/vite/dist/node/chunks/dep-D4NMHUTW.js:14314:40)
[2026-02-06T15:59:37.435Z] at resolve (file:///home/ubuntu/senec-design/node_modules/.pnpm/vite@6.4.1_@types+node@25.2.0_jiti@1.21.7_yaml@2.8.2/node_modules/vite/dist/node/chunks/dep-D4NMHUTW.js:14325:28)
[2026-02-06T15:59:37.436Z] at file:///home/ubuntu/senec-design/node_modules/.pnpm/vite@6.4.1_@types+node@25.2.0_jiti@1.21.7_yaml@2.8.2/node_modules/vite/dist/node/chunks/dep-D4NMHUTW.js:14380:32
[2026-02-06T15:59:37.436Z] at requestCallbacks.on-resolve (/home/ubuntu/senec-design/node_modules/.pnpm/esbuild@0.25.12/node_modules/esbuild/lib/main.js:1217:28)
[2026-02-06T15:59:37.436Z] at handleRequest (/home/ubuntu/senec-design/node_modules/.pnpm/esbuild@0.25.12/node_modules/esbuild/lib/main.js:628:17)
[2026-02-06T15:59:37.436Z] at handleIncomingPacket (/home/ubuntu/senec-design/node_modules/.pnpm/esbuild@0.25.12/node_modules/esbuild/lib/main.js:653:7)
[2026-02-06T15:59:37.437Z] at Socket.readFromStdout (/home/ubuntu/senec-design/node_modules/.pnpm/esbuild@0.25.12/node_modules/esbuild/lib/main.js:581:7)
[2026-02-06T15:59:37.437Z] at Socket.emit (node:events:524:28)
[2026-02-06T15:59:37.437Z] 
[2026-02-06T15:59:37.438Z] This error came from the "onResolve" callback registered here:
[2026-02-06T15:59:37.438Z] 
[2026-02-06T15:59:37.438Z] node_modules/.pnpm/esbuild@0.25.12/node_modules/esbuild/lib/main.js:1141:20:
[2026-02-06T15:59:37.438Z] [37m      1141 │       let promise = [32m[37msetup({
[2026-02-06T15:59:37.439Z] ╵                     [32m^[0m
[2026-02-06T15:59:37.439Z] 
[2026-02-06T15:59:37.439Z] at setup (file:///home/ubuntu/senec-design/node_modules/.pnpm/vite@6.4.1_@types+node@25.2.0_jiti@1.21.7_yaml@2.8.2/node_modules/vite/dist/node/chunks/dep-D4NMHUTW.js:14379:13)
[2026-02-06T15:59:37.439Z] at handlePlugins (/home/ubuntu/senec-design/node_modules/.pnpm/esbuild@0.25.12/node_modules/esbuild/lib/main.js:1141:21)
[2026-02-06T15:59:37.440Z] at buildOrContextImpl (/home/ubuntu/senec-design/node_modules/.pnpm/esbuild@0.25.12/node_modules/esbuild/lib/main.js:854:5)
[2026-02-06T15:59:37.440Z] at Object.buildOrContext (/home/ubuntu/senec-design/node_modules/.pnpm/esbuild@0.25.12/node_modules/esbuild/lib/main.js:680:5)
[2026-02-06T15:59:37.440Z] at /home/ubuntu/senec-design/node_modules/.pnpm/esbuild@0.25.12/node_modules/esbuild/lib/main.js:2035:68
[2026-02-06T15:59:37.440Z] at new Promise (<anonymous>)
[2026-02-06T15:59:37.441Z] at Object.context (/home/ubuntu/senec-design/node_modules/.pnpm/esbuild@0.25.12/node_modules/esbuild/lib/main.js:2035:27)
[2026-02-06T15:59:37.441Z] at Object.context (/home/ubuntu/senec-design/node_modules/.pnpm/esbuild@0.25.12/node_modules/esbuild/lib/main.js:1877:58)
[2026-02-06T15:59:37.441Z] at prepareEsbuildScanner (file:///home/ubuntu/senec-design/node_modules/.pnpm/vite@6.4.1_@types+node@25.2.0_jiti@1.21.7_yaml@2.8.2/node_modules/vite/dist/node/chunks/dep-D4NMHUTW.js:14266:24)
[2026-02-06T15:59:37.442Z] 
[2026-02-06T15:59:37.442Z] The plugin "vite:dep-scan" was triggered by this import
[2026-02-06T15:59:37.442Z] 
[2026-02-06T15:59:37.442Z] <stdin>:49:7:
[2026-02-06T15:59:37.443Z] [37m      49 │ import [32m"/home/ubuntu/senec-design/src/pages/blog/fehler-solarkauf.[37m...
[2026-02-06T15:59:37.443Z] ╵        [32m~~~~~~~~~~~~~~~~~~~~~~~~~~~~~~~~~~~~~~~~~~~~~~~~~~~~~~~~~~~[0m
[2026-02-06T15:59:37.443Z] 
[2026-02-06T15:59:37.444Z] 
[2026-02-06T15:59:37.444Z] [31m✘ [41;31m[[41;97mERROR[41;31m][0m [1mThe server is being restarted or closed. Request is outdated[0m [1m[35m[plugin vite:dep-scan][0m
[2026-02-06T15:59:37.444Z] 
[2026-02-06T15:59:37.444Z] node_modules/.pnpm/esbuild@0.25.12/node_modules/esbuild/lib/main.js:1217:27:
[2026-02-06T15:59:37.445Z] [37m      1217 │         let result = await [32m[37mcallback({
[2026-02-06T15:59:37.445Z] ╵                            [32m^[0m
[2026-02-06T15:59:37.445Z] 
[2026-02-06T15:59:37.446Z] at throwClosedServerError (file:///home/ubuntu/senec-design/node_modules/.pnpm/vite@6.4.1_@types+node@25.2.0_jiti@1.21.7_yaml@2.8.2/node_modules/vite/dist/node/chunks/dep-D4NMHUTW.js:42055:15)
[2026-02-06T15:59:37.446Z] at EnvironmentPluginContainer.resolveId (file:///home/ubuntu/senec-design/node_modules/.pnpm/vite@6.4.1_@types+node@25.2.0_jiti@1.21.7_yaml@2.8.2/node_modules/vite/dist/node/chunks/dep-D4NMHUTW.js:42234:9)
[2026-02-06T15:59:37.447Z] at resolveId (file:///home/ubuntu/senec-design/node_modules/.pnpm/vite@6.4.1_@types+node@25.2.0_jiti@1.21.7_yaml@2.8.2/node_modules/vite/dist/node/chunks/dep-D4NMHUTW.js:14314:40)
[2026-02-06T15:59:37.447Z] at resolve (file:///home/ubuntu/senec-design/node_modules/.pnpm/vite@6.4.1_@types+node@25.2.0_jiti@1.21.7_yaml@2.8.2/node_modules/vite/dist/node/chunks/dep-D4NMHUTW.js:14325:28)
[2026-02-06T15:59:37.447Z] at file:///home/ubuntu/senec-design/node_modules/.pnpm/vite@6.4.1_@types+node@25.2.0_jiti@1.21.7_yaml@2.8.2/node_modules/vite/dist/node/chunks/dep-D4NMHUTW.js:14380:32
[2026-02-06T15:59:37.448Z] at requestCallbacks.on-resolve (/home/ubuntu/senec-design/node_modules/.pnpm/esbuild@0.25.12/node_modules/esbuild/lib/main.js:1217:28)
[2026-02-06T15:59:37.448Z] at handleRequest (/home/ubuntu/senec-design/node_modules/.pnpm/esbuild@0.25.12/node_modules/esbuild/lib/main.js:628:17)
[2026-02-06T15:59:37.448Z] at handleIncomingPacket (/home/ubuntu/senec-design/node_modules/.pnpm/esbuild@0.25.12/node_modules/esbuild/lib/main.js:653:7)
[2026-02-06T15:59:37.449Z] at Socket.readFromStdout (/home/ubuntu/senec-design/node_modules/.pnpm/esbuild@0.25.12/node_modules/esbuild/lib/main.js:581:7)
[2026-02-06T15:59:37.450Z] at Socket.emit (node:events:524:28)
[2026-02-06T15:59:37.451Z] 
[2026-02-06T15:59:37.451Z] This error came from the "onResolve" callback registered here:
[2026-02-06T15:59:37.451Z] 
[2026-02-06T15:59:37.451Z] node_modules/.pnpm/esbuild@0.25.12/node_modules/esbuild/lib/main.js:1141:20:
[2026-02-06T15:59:37.452Z] [37m      1141 │       let promise = [32m[37msetup({
[2026-02-06T15:59:37.452Z] ╵                     [32m^[0m
[2026-02-06T15:59:37.452Z] 
[2026-02-06T15:59:37.453Z] at setup (file:///home/ubuntu/senec-design/node_modules/.pnpm/vite@6.4.1_@types+node@25.2.0_jiti@1.21.7_yaml@2.8.2/node_modules/vite/dist/node/chunks/dep-D4NMHUTW.js:14379:13)
[2026-02-06T15:59:37.468Z] at handlePlugins (/home/ubuntu/senec-design/node_modules/.pnpm/esbuild@0.25.12/node_modules/esbuild/lib/main.js:1141:21)
[2026-02-06T15:59:37.482Z] at buildOrContextImpl (/home/ubuntu/senec-design/node_modules/.pnpm/esbuild@0.25.12/node_modules/esbuild/lib/main.js:854:5)
[2026-02-06T15:59:37.482Z] at Object.buildOrContext (/home/ubuntu/senec-design/node_modules/.pnpm/esbuild@0.25.12/node_modules/esbuild/lib/main.js:680:5)
[2026-02-06T15:59:37.483Z] at /home/ubuntu/senec-design/node_modules/.pnpm/esbuild@0.25.12/node_modules/esbuild/lib/main.js:2035:68
[2026-02-06T15:59:37.483Z] at new Promise (<anonymous>)
[2026-02-06T15:59:37.483Z] at Object.context (/home/ubuntu/senec-design/node_modules/.pnpm/esbuild@0.25.12/node_modules/esbuild/lib/main.js:2035:27)
[2026-02-06T15:59:37.484Z] at Object.context (/home/ubuntu/senec-design/node_modules/.pnpm/esbuild@0.25.12/node_modules/esbuild/lib/main.js:1877:58)
[2026-02-06T15:59:37.484Z] at prepareEsbuildScanner (file:///home/ubuntu/senec-design/node_modules/.pnpm/vite@6.4.1_@types+node@25.2.0_jiti@1.21.7_yaml@2.8.2/node_modules/vite/dist/node/chunks/dep-D4NMHUTW.js:14266:24)
[2026-02-06T15:59:37.484Z] 
[2026-02-06T15:59:37.484Z] The plugin "vite:dep-scan" was triggered by this import
[2026-02-06T15:59:37.485Z] 
[2026-02-06T15:59:37.485Z] <stdin>:50:7:
[2026-02-06T15:59:37.485Z] [37m      50 │ import [32m"/home/ubuntu/senec-design/src/pages/blog/neue-speicher-tec[37m...
[2026-02-06T15:59:37.485Z] ╵        [32m~~~~~~~~~~~~~~~~~~~~~~~~~~~~~~~~~~~~~~~~~~~~~~~~~~~~~~~~~~~[0m
[2026-02-06T15:59:37.486Z] 
[2026-02-06T15:59:37.486Z] 
[2026-02-06T15:59:37.486Z] [31m✘ [41;31m[[41;97mERROR[41;31m][0m [1mThe server is being restarted or closed. Request is outdated[0m [1m[35m[plugin vite:dep-scan][0m
[2026-02-06T15:59:37.487Z] 
[2026-02-06T15:59:37.487Z] node_modules/.pnpm/esbuild@0.25.12/node_modules/esbuild/lib/main.js:1217:27:
[2026-02-06T15:59:37.487Z] [37m      1217 │         let result = await [32m[37mcallback({
[2026-02-06T15:59:37.488Z] ╵                            [32m^[0m
[2026-02-06T15:59:37.488Z] 
[2026-02-06T15:59:37.488Z] at throwClosedServerError (file:///home/ubuntu/senec-design/node_modules/.pnpm/vite@6.4.1_@types+node@25.2.0_jiti@1.21.7_yaml@2.8.2/node_modules/vite/dist/node/chunks/dep-D4NMHUTW.js:42055:15)
[2026-02-06T15:59:37.488Z] at EnvironmentPluginContainer.resolveId (file:///home/ubuntu/senec-design/node_modules/.pnpm/vite@6.4.1_@types+node@25.2.0_jiti@1.21.7_yaml@2.8.2/node_modules/vite/dist/node/chunks/dep-D4NMHUTW.js:42234:9)
[2026-02-06T15:59:37.489Z] at resolveId (file:///home/ubuntu/senec-design/node_modules/.pnpm/vite@6.4.1_@types+node@25.2.0_jiti@1.21.7_yaml@2.8.2/node_modules/vite/dist/node/chunks/dep-D4NMHUTW.js:14314:40)
[2026-02-06T15:59:37.489Z] at resolve (file:///home/ubuntu/senec-design/node_modules/.pnpm/vite@6.4.1_@types+node@25.2.0_jiti@1.21.7_yaml@2.8.2/node_modules/vite/dist/node/chunks/dep-D4NMHUTW.js:14325:28)
[2026-02-06T15:59:37.489Z] at file:///home/ubuntu/senec-design/node_modules/.pnpm/vite@6.4.1_@types+node@25.2.0_jiti@1.21.7_yaml@2.8.2/node_modules/vite/dist/node/chunks/dep-D4NMHUTW.js:14380:32
[2026-02-06T15:59:37.490Z] at requestCallbacks.on-resolve (/home/ubuntu/senec-design/node_modules/.pnpm/esbuild@0.25.12/node_modules/esbuild/lib/main.js:1217:28)
[2026-02-06T15:59:37.490Z] at handleRequest (/home/ubuntu/senec-design/node_modules/.pnpm/esbuild@0.25.12/node_modules/esbuild/lib/main.js:628:17)
[2026-02-06T15:59:37.490Z] at handleIncomingPacket (/home/ubuntu/senec-design/node_modules/.pnpm/esbuild@0.25.12/node_modules/esbuild/lib/main.js:653:7)
[2026-02-06T15:59:37.490Z] at Socket.readFromStdout (/home/ubuntu/senec-design/node_modules/.pnpm/esbuild@0.25.12/node_modules/esbuild/lib/main.js:581:7)
[2026-02-06T15:59:37.491Z] at Socket.emit (node:events:524:28)
[2026-02-06T15:59:37.492Z] 
[2026-02-06T15:59:37.492Z] This error came from the "onResolve" callback registered here:
[2026-02-06T15:59:37.493Z] 
[2026-02-06T15:59:37.493Z] node_modules/.pnpm/esbuild@0.25.12/node_modules/esbuild/lib/main.js:1141:20:
[2026-02-06T15:59:37.493Z] [37m      1141 │       let promise = [32m[37msetup({
[2026-02-06T15:59:37.494Z] ╵                     [32m^[0m
[2026-02-06T15:59:37.494Z] 
[2026-02-06T15:59:37.494Z] at setup (file:///home/ubuntu/senec-design/node_modules/.pnpm/vite@6.4.1_@types+node@25.2.0_jiti@1.21.7_yaml@2.8.2/node_modules/vite/dist/node/chunks/dep-D4NMHUTW.js:14379:13)
[2026-02-06T15:59:37.494Z] at handlePlugins (/home/ubuntu/senec-design/node_modules/.pnpm/esbuild@0.25.12/node_modules/esbuild/lib/main.js:1141:21)
[2026-02-06T15:59:37.495Z] at buildOrContextImpl (/home/ubuntu/senec-design/node_modules/.pnpm/esbuild@0.25.12/node_modules/esbuild/lib/main.js:854:5)
[2026-02-06T15:59:37.495Z] at Object.buildOrContext (/home/ubuntu/senec-design/node_modules/.pnpm/esbuild@0.25.12/node_modules/esbuild/lib/main.js:680:5)
[2026-02-06T15:59:37.495Z] at /home/ubuntu/senec-design/node_modules/.pnpm/esbuild@0.25.12/node_modules/esbuild/lib/main.js:2035:68
[2026-02-06T15:59:37.496Z] at new Promise (<anonymous>)
[2026-02-06T15:59:37.496Z] at Object.context (/home/ubuntu/senec-design/node_modules/.pnpm/esbuild@0.25.12/node_modules/esbuild/lib/main.js:2035:27)
[2026-02-06T15:59:37.496Z] at Object.context (/home/ubuntu/senec-design/node_modules/.pnpm/esbuild@0.25.12/node_modules/esbuild/lib/main.js:1877:58)
[2026-02-06T15:59:37.497Z] at prepareEsbuildScanner (file:///home/ubuntu/senec-design/node_modules/.pnpm/vite@6.4.1_@types+node@25.2.0_jiti@1.21.7_yaml@2.8.2/node_modules/vite/dist/node/chunks/dep-D4NMHUTW.js:14266:24)
[2026-02-06T15:59:37.497Z] 
[2026-02-06T15:59:37.497Z] The plugin "vite:dep-scan" was triggered by this import
[2026-02-06T15:59:37.498Z] 
[2026-02-06T15:59:37.498Z] <stdin>:51:7:
[2026-02-06T15:59:37.498Z] [37m      51 │ import [32m"/home/ubuntu/senec-design/src/pages/blog/photovoltaik-foer[37m...
[2026-02-06T15:59:37.499Z] ╵        [32m~~~~~~~~~~~~~~~~~~~~~~~~~~~~~~~~~~~~~~~~~~~~~~~~~~~~~~~~~~~[0m
[2026-02-06T15:59:37.499Z] 
[2026-02-06T15:59:37.499Z] 
[2026-02-06T15:59:37.499Z] [31m✘ [41;31m[[41;97mERROR[41;31m][0m [1mThe server is being restarted or closed. Request is outdated[0m [1m[35m[plugin vite:dep-scan][0m
[2026-02-06T15:59:37.500Z] 
[2026-02-06T15:59:37.500Z] node_modules/.pnpm/esbuild@0.25.12/node_modules/esbuild/lib/main.js:1217:27:
[2026-02-06T15:59:37.500Z] [37m      1217 │         let result = await [32m[37mcallback({
[2026-02-06T15:59:37.501Z] ╵                            [32m^[0m
[2026-02-06T15:59:37.501Z] 
[2026-02-06T15:59:37.501Z] at throwClosedServerError (file:///home/ubuntu/senec-design/node_modules/.pnpm/vite@6.4.1_@types+node@25.2.0_jiti@1.21.7_yaml@2.8.2/node_modules/vite/dist/node/chunks/dep-D4NMHUTW.js:42055:15)
[2026-02-06T15:59:37.501Z] at EnvironmentPluginContainer.resolveId (file:///home/ubuntu/senec-design/node_modules/.pnpm/vite@6.4.1_@types+node@25.2.0_jiti@1.21.7_yaml@2.8.2/node_modules/vite/dist/node/chunks/dep-D4NMHUTW.js:42234:9)
[2026-02-06T15:59:37.502Z] at resolveId (file:///home/ubuntu/senec-design/node_modules/.pnpm/vite@6.4.1_@types+node@25.2.0_jiti@1.21.7_yaml@2.8.2/node_modules/vite/dist/node/chunks/dep-D4NMHUTW.js:14314:40)
[2026-02-06T15:59:37.502Z] at resolve (file:///home/ubuntu/senec-design/node_modules/.pnpm/vite@6.4.1_@types+node@25.2.0_jiti@1.21.7_yaml@2.8.2/node_modules/vite/dist/node/chunks/dep-D4NMHUTW.js:14325:28)
[2026-02-06T15:59:37.502Z] at file:///home/ubuntu/senec-design/node_modules/.pnpm/vite@6.4.1_@types+node@25.2.0_jiti@1.21.7_yaml@2.8.2/node_modules/vite/dist/node/chunks/dep-D4NMHUTW.js:14380:32
[2026-02-06T15:59:37.503Z] at requestCallbacks.on-resolve (/home/ubuntu/senec-design/node_modules/.pnpm/esbuild@0.25.12/node_modules/esbuild/lib/main.js:1217:28)
[2026-02-06T15:59:37.503Z] at handleRequest (/home/ubuntu/senec-design/node_modules/.pnpm/esbuild@0.25.12/node_modules/esbuild/lib/main.js:628:17)
[2026-02-06T15:59:37.503Z] at handleIncomingPacket (/home/ubuntu/senec-design/node_modules/.pnpm/esbuild@0.25.12/node_modules/esbuild/lib/main.js:653:7)
[2026-02-06T15:59:37.503Z] at Socket.readFromStdout (/home/ubuntu/senec-design/node_modules/.pnpm/esbuild@0.25.12/node_modules/esbuild/lib/main.js:581:7)
[2026-02-06T15:59:37.504Z] at Socket.emit (node:events:524:28)
[2026-02-06T15:59:37.504Z] 
[2026-02-06T15:59:37.504Z] This error came from the "onResolve" callback registered here:
[2026-02-06T15:59:37.504Z] 
[2026-02-06T15:59:37.505Z] node_modules/.pnpm/esbuild@0.25.12/node_modules/esbuild/lib/main.js:1141:20:
[2026-02-06T15:59:37.505Z] [37m      1141 │       let promise = [32m[37msetup({
[2026-02-06T15:59:37.505Z] ╵                     [32m^[0m
[2026-02-06T15:59:37.506Z] 
[2026-02-06T15:59:37.506Z] at setup (file:///home/ubuntu/senec-design/node_modules/.pnpm/vite@6.4.1_@types+node@25.2.0_jiti@1.21.7_yaml@2.8.2/node_modules/vite/dist/node/chunks/dep-D4NMHUTW.js:14379:13)
[2026-02-06T15:59:37.506Z] at handlePlugins (/home/ubuntu/senec-design/node_modules/.pnpm/esbuild@0.25.12/node_modules/esbuild/lib/main.js:1141:21)
[2026-02-06T15:59:37.506Z] at buildOrContextImpl (/home/ubuntu/senec-design/node_modules/.pnpm/esbuild@0.25.12/node_modules/esbuild/lib/main.js:854:5)
[2026-02-06T15:59:37.507Z] at Object.buildOrContext (/home/ubuntu/senec-design/node_modules/.pnpm/esbuild@0.25.12/node_modules/esbuild/lib/main.js:680:5)
[2026-02-06T15:59:37.507Z] at /home/ubuntu/senec-design/node_modules/.pnpm/esbuild@0.25.12/node_modules/esbuild/lib/main.js:2035:68
[2026-02-06T15:59:37.507Z] at new Promise (<anonymous>)
[2026-02-06T15:59:37.508Z] at Object.context (/home/ubuntu/senec-design/node_modules/.pnpm/esbuild@0.25.12/node_modules/esbuild/lib/main.js:2035:27)
[2026-02-06T15:59:37.508Z] at Object.context (/home/ubuntu/senec-design/node_modules/.pnpm/esbuild@0.25.12/node_modules/esbuild/lib/main.js:1877:58)
[2026-02-06T15:59:37.508Z] at prepareEsbuildScanner (file:///home/ubuntu/senec-design/node_modules/.pnpm/vite@6.4.1_@types+node@25.2.0_jiti@1.21.7_yaml@2.8.2/node_modules/vite/dist/node/chunks/dep-D4NMHUTW.js:14266:24)
[2026-02-06T15:59:37.508Z] 
[2026-02-06T15:59:37.509Z] The plugin "vite:dep-scan" was triggered by this import
[2026-02-06T15:59:37.509Z] 
[2026-02-06T15:59:37.509Z] <stdin>:52:7:
[2026-02-06T15:59:37.510Z] [37m      52 │ import [32m"/home/ubuntu/senec-design/src/pages/blog/photovoltaik-kost[37m...
[2026-02-06T15:59:37.510Z] ╵        [32m~~~~~~~~~~~~~~~~~~~~~~~~~~~~~~~~~~~~~~~~~~~~~~~~~~~~~~~~~~~[0m
[2026-02-06T15:59:37.510Z] 
[2026-02-06T15:59:37.511Z] 
[2026-02-06T15:59:37.511Z] [31m✘ [41;31m[[41;97mERROR[41;31m][0m [1mThe server is being restarted or closed. Request is outdated[0m [1m[35m[plugin vite:dep-scan][0m
[2026-02-06T15:59:37.511Z] 
[2026-02-06T15:59:37.511Z] node_modules/.pnpm/esbuild@0.25.12/node_modules/esbuild/lib/main.js:1217:27:
[2026-02-06T15:59:37.512Z] [37m      1217 │         let result = await [32m[37mcallback({
[2026-02-06T15:59:37.512Z] ╵                            [32m^[0m
[2026-02-06T15:59:37.512Z] 
[2026-02-06T15:59:37.513Z] at throwClosedServerError (file:///home/ubuntu/senec-design/node_modules/.pnpm/vite@6.4.1_@types+node@25.2.0_jiti@1.21.7_yaml@2.8.2/node_modules/vite/dist/node/chunks/dep-D4NMHUTW.js:42055:15)
[2026-02-06T15:59:37.513Z] at EnvironmentPluginContainer.resolveId (file:///home/ubuntu/senec-design/node_modules/.pnpm/vite@6.4.1_@types+node@25.2.0_jiti@1.21.7_yaml@2.8.2/node_modules/vite/dist/node/chunks/dep-D4NMHUTW.js:42234:9)
[2026-02-06T15:59:37.513Z] at resolveId (file:///home/ubuntu/senec-design/node_modules/.pnpm/vite@6.4.1_@types+node@25.2.0_jiti@1.21.7_yaml@2.8.2/node_modules/vite/dist/node/chunks/dep-D4NMHUTW.js:14314:40)
[2026-02-06T15:59:37.513Z] at resolve (file:///home/ubuntu/senec-design/node_modules/.pnpm/vite@6.4.1_@types+node@25.2.0_jiti@1.21.7_yaml@2.8.2/node_modules/vite/dist/node/chunks/dep-D4NMHUTW.js:14325:28)
[2026-02-06T15:59:37.514Z] at file:///home/ubuntu/senec-design/node_modules/.pnpm/vite@6.4.1_@types+node@25.2.0_jiti@1.21.7_yaml@2.8.2/node_modules/vite/dist/node/chunks/dep-D4NMHUTW.js:14380:32
[2026-02-06T15:59:37.514Z] at requestCallbacks.on-resolve (/home/ubuntu/senec-design/node_modules/.pnpm/esbuild@0.25.12/node_modules/esbuild/lib/main.js:1217:28)
[2026-02-06T15:59:37.514Z] at handleRequest (/home/ubuntu/senec-design/node_modules/.pnpm/esbuild@0.25.12/node_modules/esbuild/lib/main.js:628:17)
[2026-02-06T15:59:37.515Z] at handleIncomingPacket (/home/ubuntu/senec-design/node_modules/.pnpm/esbuild@0.25.12/node_modules/esbuild/lib/main.js:653:7)
[2026-02-06T15:59:37.515Z] at Socket.readFromStdout (/home/ubuntu/senec-design/node_modules/.pnpm/esbuild@0.25.12/node_modules/esbuild/lib/main.js:581:7)
[2026-02-06T15:59:37.515Z] at Socket.emit (node:events:524:28)
[2026-02-06T15:59:37.515Z] 
[2026-02-06T15:59:37.516Z] This error came from the "onResolve" callback registered here:
[2026-02-06T15:59:37.516Z] 
[2026-02-06T15:59:37.516Z] node_modules/.pnpm/esbuild@0.25.12/node_modules/esbuild/lib/main.js:1141:20:
[2026-02-06T15:59:37.516Z] [37m      1141 │       let promise = [32m[37msetup({
[2026-02-06T15:59:37.517Z] ╵                     [32m^[0m
[2026-02-06T15:59:37.517Z] 
[2026-02-06T15:59:37.517Z] at setup (file:///home/ubuntu/senec-design/node_modules/.pnpm/vite@6.4.1_@types+node@25.2.0_jiti@1.21.7_yaml@2.8.2/node_modules/vite/dist/node/chunks/dep-D4NMHUTW.js:14379:13)
[2026-02-06T15:59:37.517Z] at handlePlugins (/home/ubuntu/senec-design/node_modules/.pnpm/esbuild@0.25.12/node_modules/esbuild/lib/main.js:1141:21)
[2026-02-06T15:59:37.518Z] at buildOrContextImpl (/home/ubuntu/senec-design/node_modules/.pnpm/esbuild@0.25.12/node_modules/esbuild/lib/main.js:854:5)
[2026-02-06T15:59:37.518Z] at Object.buildOrContext (/home/ubuntu/senec-design/node_modules/.pnpm/esbuild@0.25.12/node_modules/esbuild/lib/main.js:680:5)
[2026-02-06T15:59:37.518Z] at /home/ubuntu/senec-design/node_modules/.pnpm/esbuild@0.25.12/node_modules/esbuild/lib/main.js:2035:68
[2026-02-06T15:59:37.519Z] at new Promise (<anonymous>)
[2026-02-06T15:59:37.519Z] at Object.context (/home/ubuntu/senec-design/node_modules/.pnpm/esbuild@0.25.12/node_modules/esbuild/lib/main.js:2035:27)
[2026-02-06T15:59:37.519Z] at Object.context (/home/ubuntu/senec-design/node_modules/.pnpm/esbuild@0.25.12/node_modules/esbuild/lib/main.js:1877:58)
[2026-02-06T15:59:37.520Z] at prepareEsbuildScanner (file:///home/ubuntu/senec-design/node_modules/.pnpm/vite@6.4.1_@types+node@25.2.0_jiti@1.21.7_yaml@2.8.2/node_modules/vite/dist/node/chunks/dep-D4NMHUTW.js:14266:24)
[2026-02-06T15:59:37.520Z] 
[2026-02-06T15:59:37.520Z] The plugin "vite:dep-scan" was triggered by this import
[2026-02-06T15:59:37.520Z] 
[2026-02-06T15:59:37.521Z] <stdin>:53:7:
[2026-02-06T15:59:37.521Z] [37m      53 │ import [32m"/home/ubuntu/senec-design/src/pages/blog/solar-leipzig.astro"[37m
[2026-02-06T15:59:37.521Z] ╵        [32m~~~~~~~~~~~~~~~~~~~~~~~~~~~~~~~~~~~~~~~~~~~~~~~~~~~~~~~~~~~~~~[0m
[2026-02-06T15:59:37.521Z] 
[2026-02-06T15:59:37.522Z] 
[2026-02-06T15:59:37.522Z] [31m✘ [41;31m[[41;97mERROR[41;31m][0m [1mThe server is being restarted or closed. Request is outdated[0m [1m[35m[plugin vite:dep-scan][0m
[2026-02-06T15:59:37.522Z] 
[2026-02-06T15:59:37.523Z] node_modules/.pnpm/esbuild@0.25.12/node_modules/esbuild/lib/main.js:1217:27:
[2026-02-06T15:59:37.523Z] [37m      1217 │         let result = await [32m[37mcallback({
[2026-02-06T15:59:37.523Z] ╵                            [32m^[0m
[2026-02-06T15:59:37.523Z] 
[2026-02-06T15:59:37.524Z] at throwClosedServerError (file:///home/ubuntu/senec-design/node_modules/.pnpm/vite@6.4.1_@types+node@25.2.0_jiti@1.21.7_yaml@2.8.2/node_modules/vite/dist/node/chunks/dep-D4NMHUTW.js:42055:15)
[2026-02-06T15:59:37.524Z] at EnvironmentPluginContainer.resolveId (file:///home/ubuntu/senec-design/node_modules/.pnpm/vite@6.4.1_@types+node@25.2.0_jiti@1.21.7_yaml@2.8.2/node_modules/vite/dist/node/chunks/dep-D4NMHUTW.js:42234:9)
[2026-02-06T15:59:37.524Z] at resolveId (file:///home/ubuntu/senec-design/node_modules/.pnpm/vite@6.4.1_@types+node@25.2.0_jiti@1.21.7_yaml@2.8.2/node_modules/vite/dist/node/chunks/dep-D4NMHUTW.js:14314:40)
[2026-02-06T15:59:37.524Z] at resolve (file:///home/ubuntu/senec-design/node_modules/.pnpm/vite@6.4.1_@types+node@25.2.0_jiti@1.21.7_yaml@2.8.2/node_modules/vite/dist/node/chunks/dep-D4NMHUTW.js:14325:28)
[2026-02-06T15:59:37.525Z] at file:///home/ubuntu/senec-design/node_modules/.pnpm/vite@6.4.1_@types+node@25.2.0_jiti@1.21.7_yaml@2.8.2/node_modules/vite/dist/node/chunks/dep-D4NMHUTW.js:14380:32
[2026-02-06T15:59:37.525Z] at requestCallbacks.on-resolve (/home/ubuntu/senec-design/node_modules/.pnpm/esbuild@0.25.12/node_modules/esbuild/lib/main.js:1217:28)
[2026-02-06T15:59:37.525Z] at handleRequest (/home/ubuntu/senec-design/node_modules/.pnpm/esbuild@0.25.12/node_modules/esbuild/lib/main.js:628:17)
[2026-02-06T15:59:37.526Z] at handleIncomingPacket (/home/ubuntu/senec-design/node_modules/.pnpm/esbuild@0.25.12/node_modules/esbuild/lib/main.js:653:7)
[2026-02-06T15:59:37.526Z] at Socket.readFromStdout (/home/ubuntu/senec-design/node_modules/.pnpm/esbuild@0.25.12/node_modules/esbuild/lib/main.js:581:7)
[2026-02-06T15:59:37.526Z] at Socket.emit (node:events:524:28)
[2026-02-06T15:59:37.527Z] 
[2026-02-06T15:59:37.527Z] This error came from the "onResolve" callback registered here:
[2026-02-06T15:59:37.527Z] 
[2026-02-06T15:59:37.528Z] node_modules/.pnpm/esbuild@0.25.12/node_modules/esbuild/lib/main.js:1141:20:
[2026-02-06T15:59:37.528Z] [37m      1141 │       let promise = [32m[37msetup({
[2026-02-06T15:59:37.528Z] ╵                     [32m^[0m
[2026-02-06T15:59:37.529Z] 
[2026-02-06T15:59:37.529Z] at setup (file:///home/ubuntu/senec-design/node_modules/.pnpm/vite@6.4.1_@types+node@25.2.0_jiti@1.21.7_yaml@2.8.2/node_modules/vite/dist/node/chunks/dep-D4NMHUTW.js:14379:13)
[2026-02-06T15:59:37.529Z] at handlePlugins (/home/ubuntu/senec-design/node_modules/.pnpm/esbuild@0.25.12/node_modules/esbuild/lib/main.js:1141:21)
[2026-02-06T15:59:37.529Z] at buildOrContextImpl (/home/ubuntu/senec-design/node_modules/.pnpm/esbuild@0.25.12/node_modules/esbuild/lib/main.js:854:5)
[2026-02-06T15:59:37.530Z] at Object.buildOrContext (/home/ubuntu/senec-design/node_modules/.pnpm/esbuild@0.25.12/node_modules/esbuild/lib/main.js:680:5)
[2026-02-06T15:59:37.530Z] at /home/ubuntu/senec-design/node_modules/.pnpm/esbuild@0.25.12/node_modules/esbuild/lib/main.js:2035:68
[2026-02-06T15:59:37.530Z] at new Promise (<anonymous>)
[2026-02-06T15:59:37.531Z] at Object.context (/home/ubuntu/senec-design/node_modules/.pnpm/esbuild@0.25.12/node_modules/esbuild/lib/main.js:2035:27)
[2026-02-06T15:59:37.531Z] at Object.context (/home/ubuntu/senec-design/node_modules/.pnpm/esbuild@0.25.12/node_modules/esbuild/lib/main.js:1877:58)
[2026-02-06T15:59:37.531Z] at prepareEsbuildScanner (file:///home/ubuntu/senec-design/node_modules/.pnpm/vite@6.4.1_@types+node@25.2.0_jiti@1.21.7_yaml@2.8.2/node_modules/vite/dist/node/chunks/dep-D4NMHUTW.js:14266:24)
[2026-02-06T15:59:37.531Z] 
[2026-02-06T15:59:37.532Z] The plugin "vite:dep-scan" was triggered by this import
[2026-02-06T15:59:37.532Z] 
[2026-02-06T15:59:37.532Z] <stdin>:54:7:
[2026-02-06T15:59:37.532Z] [37m      54 │ import [32m"/home/ubuntu/senec-design/src/pages/blog/solaranlage-wartu[37m...
[2026-02-06T15:59:37.533Z] ╵        [32m~~~~~~~~~~~~~~~~~~~~~~~~~~~~~~~~~~~~~~~~~~~~~~~~~~~~~~~~~~~[0m
[2026-02-06T15:59:37.533Z] 
[2026-02-06T15:59:37.533Z] 
[2026-02-06T15:59:37.534Z] [31m✘ [41;31m[[41;97mERROR[41;31m][0m [1mThe server is being restarted or closed. Request is outdated[0m [1m[35m[plugin vite:dep-scan][0m
[2026-02-06T15:59:37.534Z] 
[2026-02-06T15:59:37.534Z] node_modules/.pnpm/esbuild@0.25.12/node_modules/esbuild/lib/main.js:1217:27:
[2026-02-06T15:59:37.534Z] [37m      1217 │         let result = await [32m[37mcallback({
[2026-02-06T15:59:37.535Z] ╵                            [32m^[0m
[2026-02-06T15:59:37.535Z] 
[2026-02-06T15:59:37.535Z] at throwClosedServerError (file:///home/ubuntu/senec-design/node_modules/.pnpm/vite@6.4.1_@types+node@25.2.0_jiti@1.21.7_yaml@2.8.2/node_modules/vite/dist/node/chunks/dep-D4NMHUTW.js:42055:15)
[2026-02-06T15:59:37.536Z] at EnvironmentPluginContainer.resolveId (file:///home/ubuntu/senec-design/node_modules/.pnpm/vite@6.4.1_@types+node@25.2.0_jiti@1.21.7_yaml@2.8.2/node_modules/vite/dist/node/chunks/dep-D4NMHUTW.js:42234:9)
[2026-02-06T15:59:37.536Z] at resolveId (file:///home/ubuntu/senec-design/node_modules/.pnpm/vite@6.4.1_@types+node@25.2.0_jiti@1.21.7_yaml@2.8.2/node_modules/vite/dist/node/chunks/dep-D4NMHUTW.js:14314:40)
[2026-02-06T15:59:37.536Z] at resolve (file:///home/ubuntu/senec-design/node_modules/.pnpm/vite@6.4.1_@types+node@25.2.0_jiti@1.21.7_yaml@2.8.2/node_modules/vite/dist/node/chunks/dep-D4NMHUTW.js:14325:28)
[2026-02-06T15:59:37.536Z] at file:///home/ubuntu/senec-design/node_modules/.pnpm/vite@6.4.1_@types+node@25.2.0_jiti@1.21.7_yaml@2.8.2/node_modules/vite/dist/node/chunks/dep-D4NMHUTW.js:14380:32
[2026-02-06T15:59:37.537Z] at requestCallbacks.on-resolve (/home/ubuntu/senec-design/node_modules/.pnpm/esbuild@0.25.12/node_modules/esbuild/lib/main.js:1217:28)
[2026-02-06T15:59:37.537Z] at handleRequest (/home/ubuntu/senec-design/node_modules/.pnpm/esbuild@0.25.12/node_modules/esbuild/lib/main.js:628:17)
[2026-02-06T15:59:37.537Z] at handleIncomingPacket (/home/ubuntu/senec-design/node_modules/.pnpm/esbuild@0.25.12/node_modules/esbuild/lib/main.js:653:7)
[2026-02-06T15:59:37.538Z] at Socket.readFromStdout (/home/ubuntu/senec-design/node_modules/.pnpm/esbuild@0.25.12/node_modules/esbuild/lib/main.js:581:7)
[2026-02-06T15:59:37.538Z] at Socket.emit (node:events:524:28)
[2026-02-06T15:59:37.538Z] 
[2026-02-06T15:59:37.538Z] This error came from the "onResolve" callback registered here:
[2026-02-06T15:59:37.539Z] 
[2026-02-06T15:59:37.539Z] node_modules/.pnpm/esbuild@0.25.12/node_modules/esbuild/lib/main.js:1141:20:
[2026-02-06T15:59:37.539Z] [37m      1141 │       let promise = [32m[37msetup({
[2026-02-06T15:59:37.540Z] ╵                     [32m^[0m
[2026-02-06T15:59:37.540Z] 
[2026-02-06T15:59:37.540Z] at setup (file:///home/ubuntu/senec-design/node_modules/.pnpm/vite@6.4.1_@types+node@25.2.0_jiti@1.21.7_yaml@2.8.2/node_modules/vite/dist/node/chunks/dep-D4NMHUTW.js:14379:13)
[2026-02-06T15:59:37.540Z] at handlePlugins (/home/ubuntu/senec-design/node_modules/.pnpm/esbuild@0.25.12/node_modules/esbuild/lib/main.js:1141:21)
[2026-02-06T15:59:37.541Z] at buildOrContextImpl (/home/ubuntu/senec-design/node_modules/.pnpm/esbuild@0.25.12/node_modules/esbuild/lib/main.js:854:5)
[2026-02-06T15:59:37.541Z] at Object.buildOrContext (/home/ubuntu/senec-design/node_modules/.pnpm/esbuild@0.25.12/node_modules/esbuild/lib/main.js:680:5)
[2026-02-06T15:59:37.541Z] at /home/ubuntu/senec-design/node_modules/.pnpm/esbuild@0.25.12/node_modules/esbuild/lib/main.js:2035:68
[2026-02-06T15:59:37.541Z] at new Promise (<anonymous>)
[2026-02-06T15:59:37.542Z] at Object.context (/home/ubuntu/senec-design/node_modules/.pnpm/esbuild@0.25.12/node_modules/esbuild/lib/main.js:2035:27)
[2026-02-06T15:59:37.542Z] at Object.context (/home/ubuntu/senec-design/node_modules/.pnpm/esbuild@0.25.12/node_modules/esbuild/lib/main.js:1877:58)
[2026-02-06T15:59:37.542Z] at prepareEsbuildScanner (file:///home/ubuntu/senec-design/node_modules/.pnpm/vite@6.4.1_@types+node@25.2.0_jiti@1.21.7_yaml@2.8.2/node_modules/vite/dist/node/chunks/dep-D4NMHUTW.js:14266:24)
[2026-02-06T15:59:37.543Z] 
[2026-02-06T15:59:37.543Z] The plugin "vite:dep-scan" was triggered by this import
[2026-02-06T15:59:37.543Z] 
[2026-02-06T15:59:37.543Z] <stdin>:55:7:
[2026-02-06T15:59:37.544Z] [37m      55 │ import [32m"/home/ubuntu/senec-design/src/pages/blog/stromspeicher-202[37m...
[2026-02-06T15:59:37.544Z] ╵        [32m~~~~~~~~~~~~~~~~~~~~~~~~~~~~~~~~~~~~~~~~~~~~~~~~~~~~~~~~~~~[0m
[2026-02-06T15:59:37.544Z] 
[2026-02-06T15:59:37.544Z] 
[2026-02-06T15:59:37.545Z] [31m✘ [41;31m[[41;97mERROR[41;31m][0m [1mThe server is being restarted or closed. Request is outdated[0m [1m[35m[plugin vite:dep-scan][0m
[2026-02-06T15:59:37.545Z] 
[2026-02-06T15:59:37.545Z] node_modules/.pnpm/esbuild@0.25.12/node_modules/esbuild/lib/main.js:1217:27:
[2026-02-06T15:59:37.545Z] [37m      1217 │         let result = await [32m[37mcallback({
[2026-02-06T15:59:37.546Z] ╵                            [32m^[0m
[2026-02-06T15:59:37.546Z] 
[2026-02-06T15:59:37.546Z] at throwClosedServerError (file:///home/ubuntu/senec-design/node_modules/.pnpm/vite@6.4.1_@types+node@25.2.0_jiti@1.21.7_yaml@2.8.2/node_modules/vite/dist/node/chunks/dep-D4NMHUTW.js:42055:15)
[2026-02-06T15:59:37.547Z] at EnvironmentPluginContainer.resolveId (file:///home/ubuntu/senec-design/node_modules/.pnpm/vite@6.4.1_@types+node@25.2.0_jiti@1.21.7_yaml@2.8.2/node_modules/vite/dist/node/chunks/dep-D4NMHUTW.js:42234:9)
[2026-02-06T15:59:37.547Z] at resolveId (file:///home/ubuntu/senec-design/node_modules/.pnpm/vite@6.4.1_@types+node@25.2.0_jiti@1.21.7_yaml@2.8.2/node_modules/vite/dist/node/chunks/dep-D4NMHUTW.js:14314:40)
[2026-02-06T15:59:37.547Z] at resolve (file:///home/ubuntu/senec-design/node_modules/.pnpm/vite@6.4.1_@types+node@25.2.0_jiti@1.21.7_yaml@2.8.2/node_modules/vite/dist/node/chunks/dep-D4NMHUTW.js:14325:28)
[2026-02-06T15:59:37.547Z] at file:///home/ubuntu/senec-design/node_modules/.pnpm/vite@6.4.1_@types+node@25.2.0_jiti@1.21.7_yaml@2.8.2/node_modules/vite/dist/node/chunks/dep-D4NMHUTW.js:14380:32
[2026-02-06T15:59:37.548Z] at requestCallbacks.on-resolve (/home/ubuntu/senec-design/node_modules/.pnpm/esbuild@0.25.12/node_modules/esbuild/lib/main.js:1217:28)
[2026-02-06T15:59:37.548Z] at handleRequest (/home/ubuntu/senec-design/node_modules/.pnpm/esbuild@0.25.12/node_modules/esbuild/lib/main.js:628:17)
[2026-02-06T15:59:37.548Z] at handleIncomingPacket (/home/ubuntu/senec-design/node_modules/.pnpm/esbuild@0.25.12/node_modules/esbuild/lib/main.js:653:7)
[2026-02-06T15:59:37.549Z] at Socket.readFromStdout (/home/ubuntu/senec-design/node_modules/.pnpm/esbuild@0.25.12/node_modules/esbuild/lib/main.js:581:7)
[2026-02-06T15:59:37.549Z] at Socket.emit (node:events:524:28)
[2026-02-06T15:59:37.549Z] 
[2026-02-06T15:59:37.550Z] This error came from the "onResolve" callback registered here:
[2026-02-06T15:59:37.550Z] 
[2026-02-06T15:59:37.550Z] node_modules/.pnpm/esbuild@0.25.12/node_modules/esbuild/lib/main.js:1141:20:
[2026-02-06T15:59:37.550Z] [37m      1141 │       let promise = [32m[37msetup({
[2026-02-06T15:59:37.551Z] ╵                     [32m^[0m
[2026-02-06T15:59:37.552Z] 
[2026-02-06T15:59:37.552Z] at setup (file:///home/ubuntu/senec-design/node_modules/.pnpm/vite@6.4.1_@types+node@25.2.0_jiti@1.21.7_yaml@2.8.2/node_modules/vite/dist/node/chunks/dep-D4NMHUTW.js:14379:13)
[2026-02-06T15:59:37.552Z] at handlePlugins (/home/ubuntu/senec-design/node_modules/.pnpm/esbuild@0.25.12/node_modules/esbuild/lib/main.js:1141:21)
[2026-02-06T15:59:37.553Z] at buildOrContextImpl (/home/ubuntu/senec-design/node_modules/.pnpm/esbuild@0.25.12/node_modules/esbuild/lib/main.js:854:5)
[2026-02-06T15:59:37.553Z] at Object.buildOrContext (/home/ubuntu/senec-design/node_modules/.pnpm/esbuild@0.25.12/node_modules/esbuild/lib/main.js:680:5)
[2026-02-06T15:59:37.553Z] at /home/ubuntu/senec-design/node_modules/.pnpm/esbuild@0.25.12/node_modules/esbuild/lib/main.js:2035:68
[2026-02-06T15:59:37.554Z] at new Promise (<anonymous>)
[2026-02-06T15:59:37.554Z] at Object.context (/home/ubuntu/senec-design/node_modules/.pnpm/esbuild@0.25.12/node_modules/esbuild/lib/main.js:2035:27)
[2026-02-06T15:59:37.554Z] at Object.context (/home/ubuntu/senec-design/node_modules/.pnpm/esbuild@0.25.12/node_modules/esbuild/lib/main.js:1877:58)
[2026-02-06T15:59:37.554Z] at prepareEsbuildScanner (file:///home/ubuntu/senec-design/node_modules/.pnpm/vite@6.4.1_@types+node@25.2.0_jiti@1.21.7_yaml@2.8.2/node_modules/vite/dist/node/chunks/dep-D4NMHUTW.js:14266:24)
[2026-02-06T15:59:37.555Z] 
[2026-02-06T15:59:37.555Z] The plugin "vite:dep-scan" was triggered by this import
[2026-02-06T15:59:37.555Z] 
[2026-02-06T15:59:37.556Z] <stdin>:56:7:
[2026-02-06T15:59:37.556Z] [37m      56 │ import [32m"/home/ubuntu/senec-design/src/pages/blog/stromspeicher-nac[37m...
[2026-02-06T15:59:37.556Z] ╵        [32m~~~~~~~~~~~~~~~~~~~~~~~~~~~~~~~~~~~~~~~~~~~~~~~~~~~~~~~~~~~[0m
[2026-02-06T15:59:37.556Z] 
[2026-02-06T15:59:37.557Z] 
[2026-02-06T15:59:37.557Z] [31m✘ [41;31m[[41;97mERROR[41;31m][0m [1mThe server is being restarted or closed. Request is outdated[0m [1m[35m[plugin vite:dep-scan][0m
[2026-02-06T15:59:37.557Z] 
[2026-02-06T15:59:37.558Z] node_modules/.pnpm/esbuild@0.25.12/node_modules/esbuild/lib/main.js:1217:27:
[2026-02-06T15:59:37.558Z] [37m      1217 │         let result = await [32m[37mcallback({
[2026-02-06T15:59:37.558Z] ╵                            [32m^[0m
[2026-02-06T15:59:37.558Z] 
[2026-02-06T15:59:37.559Z] at throwClosedServerError (file:///home/ubuntu/senec-design/node_modules/.pnpm/vite@6.4.1_@types+node@25.2.0_jiti@1.21.7_yaml@2.8.2/node_modules/vite/dist/node/chunks/dep-D4NMHUTW.js:42055:15)
[2026-02-06T15:59:37.559Z] at EnvironmentPluginContainer.resolveId (file:///home/ubuntu/senec-design/node_modules/.pnpm/vite@6.4.1_@types+node@25.2.0_jiti@1.21.7_yaml@2.8.2/node_modules/vite/dist/node/chunks/dep-D4NMHUTW.js:42234:9)
[2026-02-06T15:59:37.559Z] at resolveId (file:///home/ubuntu/senec-design/node_modules/.pnpm/vite@6.4.1_@types+node@25.2.0_jiti@1.21.7_yaml@2.8.2/node_modules/vite/dist/node/chunks/dep-D4NMHUTW.js:14314:40)
[2026-02-06T15:59:37.559Z] at resolve (file:///home/ubuntu/senec-design/node_modules/.pnpm/vite@6.4.1_@types+node@25.2.0_jiti@1.21.7_yaml@2.8.2/node_modules/vite/dist/node/chunks/dep-D4NMHUTW.js:14325:28)
[2026-02-06T15:59:37.560Z] at file:///home/ubuntu/senec-design/node_modules/.pnpm/vite@6.4.1_@types+node@25.2.0_jiti@1.21.7_yaml@2.8.2/node_modules/vite/dist/node/chunks/dep-D4NMHUTW.js:14380:32
[2026-02-06T15:59:37.560Z] at requestCallbacks.on-resolve (/home/ubuntu/senec-design/node_modules/.pnpm/esbuild@0.25.12/node_modules/esbuild/lib/main.js:1217:28)
[2026-02-06T15:59:37.560Z] at handleRequest (/home/ubuntu/senec-design/node_modules/.pnpm/esbuild@0.25.12/node_modules/esbuild/lib/main.js:628:17)
[2026-02-06T15:59:37.561Z] at handleIncomingPacket (/home/ubuntu/senec-design/node_modules/.pnpm/esbuild@0.25.12/node_modules/esbuild/lib/main.js:653:7)
[2026-02-06T15:59:37.561Z] at Socket.readFromStdout (/home/ubuntu/senec-design/node_modules/.pnpm/esbuild@0.25.12/node_modules/esbuild/lib/main.js:581:7)
[2026-02-06T15:59:37.561Z] at Socket.emit (node:events:524:28)
[2026-02-06T15:59:37.561Z] 
[2026-02-06T15:59:37.562Z] This error came from the "onResolve" callback registered here:
[2026-02-06T15:59:37.562Z] 
[2026-02-06T15:59:37.562Z] node_modules/.pnpm/esbuild@0.25.12/node_modules/esbuild/lib/main.js:1141:20:
[2026-02-06T15:59:37.562Z] [37m      1141 │       let promise = [32m[37msetup({
[2026-02-06T15:59:37.563Z] ╵                     [32m^[0m
[2026-02-06T15:59:37.563Z] 
[2026-02-06T15:59:37.563Z] at setup (file:///home/ubuntu/senec-design/node_modules/.pnpm/vite@6.4.1_@types+node@25.2.0_jiti@1.21.7_yaml@2.8.2/node_modules/vite/dist/node/chunks/dep-D4NMHUTW.js:14379:13)
[2026-02-06T15:59:37.563Z] at handlePlugins (/home/ubuntu/senec-design/node_modules/.pnpm/esbuild@0.25.12/node_modules/esbuild/lib/main.js:1141:21)
[2026-02-06T15:59:37.564Z] at buildOrContextImpl (/home/ubuntu/senec-design/node_modules/.pnpm/esbuild@0.25.12/node_modules/esbuild/lib/main.js:854:5)
[2026-02-06T15:59:37.564Z] at Object.buildOrContext (/home/ubuntu/senec-design/node_modules/.pnpm/esbuild@0.25.12/node_modules/esbuild/lib/main.js:680:5)
[2026-02-06T15:59:37.564Z] at /home/ubuntu/senec-design/node_modules/.pnpm/esbuild@0.25.12/node_modules/esbuild/lib/main.js:2035:68
[2026-02-06T15:59:37.564Z] at new Promise (<anonymous>)
[2026-02-06T15:59:37.565Z] at Object.context (/home/ubuntu/senec-design/node_modules/.pnpm/esbuild@0.25.12/node_modules/esbuild/lib/main.js:2035:27)
[2026-02-06T15:59:37.565Z] at Object.context (/home/ubuntu/senec-design/node_modules/.pnpm/esbuild@0.25.12/node_modules/esbuild/lib/main.js:1877:58)
[2026-02-06T15:59:37.565Z] at prepareEsbuildScanner (file:///home/ubuntu/senec-design/node_modules/.pnpm/vite@6.4.1_@types+node@25.2.0_jiti@1.21.7_yaml@2.8.2/node_modules/vite/dist/node/chunks/dep-D4NMHUTW.js:14266:24)
[2026-02-06T15:59:37.566Z] 
[2026-02-06T15:59:37.566Z] The plugin "vite:dep-scan" was triggered by this import
[2026-02-06T15:59:37.566Z] 
[2026-02-06T15:59:37.566Z] <stdin>:57:7:
[2026-02-06T15:59:37.566Z] [37m      57 │ import [32m"/home/ubuntu/senec-design/src/pages/blog/stromspeicher-ver[37m...
[2026-02-06T15:59:37.567Z] ╵        [32m~~~~~~~~~~~~~~~~~~~~~~~~~~~~~~~~~~~~~~~~~~~~~~~~~~~~~~~~~~~[0m
[2026-02-06T15:59:37.567Z] 
[2026-02-06T15:59:37.567Z] 
[2026-02-06T15:59:37.568Z] [31m✘ [41;31m[[41;97mERROR[41;31m][0m [1mThe server is being restarted or closed. Request is outdated[0m [1m[35m[plugin vite:dep-scan][0m
[2026-02-06T15:59:37.568Z] 
[2026-02-06T15:59:37.568Z] node_modules/.pnpm/esbuild@0.25.12/node_modules/esbuild/lib/main.js:1217:27:
[2026-02-06T15:59:37.568Z] [37m      1217 │         let result = await [32m[37mcallback({
[2026-02-06T15:59:37.569Z] ╵                            [32m^[0m
[2026-02-06T15:59:37.569Z] 
[2026-02-06T15:59:37.569Z] at throwClosedServerError (file:///home/ubuntu/senec-design/node_modules/.pnpm/vite@6.4.1_@types+node@25.2.0_jiti@1.21.7_yaml@2.8.2/node_modules/vite/dist/node/chunks/dep-D4NMHUTW.js:42055:15)
[2026-02-06T15:59:37.569Z] at EnvironmentPluginContainer.resolveId (file:///home/ubuntu/senec-design/node_modules/.pnpm/vite@6.4.1_@types+node@25.2.0_jiti@1.21.7_yaml@2.8.2/node_modules/vite/dist/node/chunks/dep-D4NMHUTW.js:42234:9)
[2026-02-06T15:59:37.570Z] at resolveId (file:///home/ubuntu/senec-design/node_modules/.pnpm/vite@6.4.1_@types+node@25.2.0_jiti@1.21.7_yaml@2.8.2/node_modules/vite/dist/node/chunks/dep-D4NMHUTW.js:14314:40)
[2026-02-06T15:59:37.570Z] at resolve (file:///home/ubuntu/senec-design/node_modules/.pnpm/vite@6.4.1_@types+node@25.2.0_jiti@1.21.7_yaml@2.8.2/node_modules/vite/dist/node/chunks/dep-D4NMHUTW.js:14325:28)
[2026-02-06T15:59:37.570Z] at file:///home/ubuntu/senec-design/node_modules/.pnpm/vite@6.4.1_@types+node@25.2.0_jiti@1.21.7_yaml@2.8.2/node_modules/vite/dist/node/chunks/dep-D4NMHUTW.js:14380:32
[2026-02-06T15:59:37.571Z] at requestCallbacks.on-resolve (/home/ubuntu/senec-design/node_modules/.pnpm/esbuild@0.25.12/node_modules/esbuild/lib/main.js:1217:28)
[2026-02-06T15:59:37.571Z] at handleRequest (/home/ubuntu/senec-design/node_modules/.pnpm/esbuild@0.25.12/node_modules/esbuild/lib/main.js:628:17)
[2026-02-06T15:59:37.571Z] at handleIncomingPacket (/home/ubuntu/senec-design/node_modules/.pnpm/esbuild@0.25.12/node_modules/esbuild/lib/main.js:653:7)
[2026-02-06T15:59:37.572Z] at Socket.readFromStdout (/home/ubuntu/senec-design/node_modules/.pnpm/esbuild@0.25.12/node_modules/esbuild/lib/main.js:581:7)
[2026-02-06T15:59:37.572Z] at Socket.emit (node:events:524:28)
[2026-02-06T15:59:37.572Z] 
[2026-02-06T15:59:37.572Z] This error came from the "onResolve" callback registered here:
[2026-02-06T15:59:37.573Z] 
[2026-02-06T15:59:37.573Z] node_modules/.pnpm/esbuild@0.25.12/node_modules/esbuild/lib/main.js:1141:20:
[2026-02-06T15:59:37.573Z] [37m      1141 │       let promise = [32m[37msetup({
[2026-02-06T15:59:37.574Z] ╵                     [32m^[0m
[2026-02-06T15:59:37.574Z] 
[2026-02-06T15:59:37.574Z] at setup (file:///home/ubuntu/senec-design/node_modules/.pnpm/vite@6.4.1_@types+node@25.2.0_jiti@1.21.7_yaml@2.8.2/node_modules/vite/dist/node/chunks/dep-D4NMHUTW.js:14379:13)
[2026-02-06T15:59:37.574Z] at handlePlugins (/home/ubuntu/senec-design/node_modules/.pnpm/esbuild@0.25.12/node_modules/esbuild/lib/main.js:1141:21)
[2026-02-06T15:59:37.575Z] at buildOrContextImpl (/home/ubuntu/senec-design/node_modules/.pnpm/esbuild@0.25.12/node_modules/esbuild/lib/main.js:854:5)
[2026-02-06T15:59:37.575Z] at Object.buildOrContext (/home/ubuntu/senec-design/node_modules/.pnpm/esbuild@0.25.12/node_modules/esbuild/lib/main.js:680:5)
[2026-02-06T15:59:37.575Z] at /home/ubuntu/senec-design/node_modules/.pnpm/esbuild@0.25.12/node_modules/esbuild/lib/main.js:2035:68
[2026-02-06T15:59:37.576Z] at new Promise (<anonymous>)
[2026-02-06T15:59:37.576Z] at Object.context (/home/ubuntu/senec-design/node_modules/.pnpm/esbuild@0.25.12/node_modules/esbuild/lib/main.js:2035:27)
[2026-02-06T15:59:37.576Z] at Object.context (/home/ubuntu/senec-design/node_modules/.pnpm/esbuild@0.25.12/node_modules/esbuild/lib/main.js:1877:58)
[2026-02-06T15:59:37.577Z] at prepareEsbuildScanner (file:///home/ubuntu/senec-design/node_modules/.pnpm/vite@6.4.1_@types+node@25.2.0_jiti@1.21.7_yaml@2.8.2/node_modules/vite/dist/node/chunks/dep-D4NMHUTW.js:14266:24)
[2026-02-06T15:59:37.577Z] 
[2026-02-06T15:59:37.577Z] The plugin "vite:dep-scan" was triggered by this import
[2026-02-06T15:59:37.577Z] 
[2026-02-06T15:59:37.578Z] <stdin>:58:7:
[2026-02-06T15:59:37.578Z] [37m      58 │ import [32m"/home/ubuntu/senec-design/src/pages/blog/wartungstipps-win[37m...
[2026-02-06T15:59:37.578Z] ╵        [32m~~~~~~~~~~~~~~~~~~~~~~~~~~~~~~~~~~~~~~~~~~~~~~~~~~~~~~~~~~~[0m
[2026-02-06T15:59:37.579Z] 
[2026-02-06T15:59:37.579Z] 
[2026-02-06T15:59:37.579Z] [31m✘ [41;31m[[41;97mERROR[41;31m][0m [1mThe server is being restarted or closed. Request is outdated[0m [1m[35m[plugin vite:dep-scan][0m
[2026-02-06T15:59:37.579Z] 
[2026-02-06T15:59:37.580Z] node_modules/.pnpm/esbuild@0.25.12/node_modules/esbuild/lib/main.js:1217:27:
[2026-02-06T15:59:37.580Z] [37m      1217 │         let result = await [32m[37mcallback({
[2026-02-06T15:59:37.580Z] ╵                            [32m^[0m
[2026-02-06T15:59:37.580Z] 
[2026-02-06T15:59:37.581Z] at throwClosedServerError (file:///home/ubuntu/senec-design/node_modules/.pnpm/vite@6.4.1_@types+node@25.2.0_jiti@1.21.7_yaml@2.8.2/node_modules/vite/dist/node/chunks/dep-D4NMHUTW.js:42055:15)
[2026-02-06T15:59:37.581Z] at EnvironmentPluginContainer.resolveId (file:///home/ubuntu/senec-design/node_modules/.pnpm/vite@6.4.1_@types+node@25.2.0_jiti@1.21.7_yaml@2.8.2/node_modules/vite/dist/node/chunks/dep-D4NMHUTW.js:42234:9)
[2026-02-06T15:59:37.581Z] at resolveId (file:///home/ubuntu/senec-design/node_modules/.pnpm/vite@6.4.1_@types+node@25.2.0_jiti@1.21.7_yaml@2.8.2/node_modules/vite/dist/node/chunks/dep-D4NMHUTW.js:14314:40)
[2026-02-06T15:59:37.582Z] at resolve (file:///home/ubuntu/senec-design/node_modules/.pnpm/vite@6.4.1_@types+node@25.2.0_jiti@1.21.7_yaml@2.8.2/node_modules/vite/dist/node/chunks/dep-D4NMHUTW.js:14325:28)
[2026-02-06T15:59:37.582Z] at file:///home/ubuntu/senec-design/node_modules/.pnpm/vite@6.4.1_@types+node@25.2.0_jiti@1.21.7_yaml@2.8.2/node_modules/vite/dist/node/chunks/dep-D4NMHUTW.js:14380:32
[2026-02-06T15:59:37.582Z] at requestCallbacks.on-resolve (/home/ubuntu/senec-design/node_modules/.pnpm/esbuild@0.25.12/node_modules/esbuild/lib/main.js:1217:28)
[2026-02-06T15:59:37.582Z] at handleRequest (/home/ubuntu/senec-design/node_modules/.pnpm/esbuild@0.25.12/node_modules/esbuild/lib/main.js:628:17)
[2026-02-06T15:59:37.583Z] at handleIncomingPacket (/home/ubuntu/senec-design/node_modules/.pnpm/esbuild@0.25.12/node_modules/esbuild/lib/main.js:653:7)
[2026-02-06T15:59:37.583Z] at Socket.readFromStdout (/home/ubuntu/senec-design/node_modules/.pnpm/esbuild@0.25.12/node_modules/esbuild/lib/main.js:581:7)
[2026-02-06T15:59:37.583Z] at Socket.emit (node:events:524:28)
[2026-02-06T15:59:37.584Z] 
[2026-02-06T15:59:37.584Z] This error came from the "onResolve" callback registered here:
[2026-02-06T15:59:37.584Z] 
[2026-02-06T15:59:37.584Z] node_modules/.pnpm/esbuild@0.25.12/node_modules/esbuild/lib/main.js:1141:20:
[2026-02-06T15:59:37.585Z] [37m      1141 │       let promise = [32m[37msetup({
[2026-02-06T15:59:37.585Z] ╵                     [32m^[0m
[2026-02-06T15:59:37.585Z] 
[2026-02-06T15:59:37.585Z] at setup (file:///home/ubuntu/senec-design/node_modules/.pnpm/vite@6.4.1_@types+node@25.2.0_jiti@1.21.7_yaml@2.8.2/node_modules/vite/dist/node/chunks/dep-D4NMHUTW.js:14379:13)
[2026-02-06T15:59:37.586Z] at handlePlugins (/home/ubuntu/senec-design/node_modules/.pnpm/esbuild@0.25.12/node_modules/esbuild/lib/main.js:1141:21)
[2026-02-06T15:59:37.586Z] at buildOrContextImpl (/home/ubuntu/senec-design/node_modules/.pnpm/esbuild@0.25.12/node_modules/esbuild/lib/main.js:854:5)
[2026-02-06T15:59:37.586Z] at Object.buildOrContext (/home/ubuntu/senec-design/node_modules/.pnpm/esbuild@0.25.12/node_modules/esbuild/lib/main.js:680:5)
[2026-02-06T15:59:37.587Z] at /home/ubuntu/senec-design/node_modules/.pnpm/esbuild@0.25.12/node_modules/esbuild/lib/main.js:2035:68
[2026-02-06T15:59:37.587Z] at new Promise (<anonymous>)
[2026-02-06T15:59:37.587Z] at Object.context (/home/ubuntu/senec-design/node_modules/.pnpm/esbuild@0.25.12/node_modules/esbuild/lib/main.js:2035:27)
[2026-02-06T15:59:37.587Z] at Object.context (/home/ubuntu/senec-design/node_modules/.pnpm/esbuild@0.25.12/node_modules/esbuild/lib/main.js:1877:58)
[2026-02-06T15:59:37.588Z] at prepareEsbuildScanner (file:///home/ubuntu/senec-design/node_modules/.pnpm/vite@6.4.1_@types+node@25.2.0_jiti@1.21.7_yaml@2.8.2/node_modules/vite/dist/node/chunks/dep-D4NMHUTW.js:14266:24)
[2026-02-06T15:59:37.588Z] 
[2026-02-06T15:59:37.588Z] The plugin "vite:dep-scan" was triggered by this import
[2026-02-06T15:59:37.589Z] 
[2026-02-06T15:59:37.589Z] <stdin>:59:7:
[2026-02-06T15:59:37.589Z] [37m      59 │ import [32m"/home/ubuntu/senec-design/src/pages/ratgeber/foerderung.as[37m...
[2026-02-06T15:59:37.589Z] ╵        [32m~~~~~~~~~~~~~~~~~~~~~~~~~~~~~~~~~~~~~~~~~~~~~~~~~~~~~~~~~~~[0m
[2026-02-06T15:59:37.590Z] 
[2026-02-06T15:59:37.590Z] 
[2026-02-06T15:59:37.590Z] [31m✘ [41;31m[[41;97mERROR[41;31m][0m [1mThe server is being restarted or closed. Request is outdated[0m [1m[35m[plugin vite:dep-scan][0m
[2026-02-06T15:59:37.590Z] 
[2026-02-06T15:59:37.591Z] node_modules/.pnpm/esbuild@0.25.12/node_modules/esbuild/lib/main.js:1217:27:
[2026-02-06T15:59:37.591Z] [37m      1217 │         let result = await [32m[37mcallback({
[2026-02-06T15:59:37.591Z] ╵                            [32m^[0m
[2026-02-06T15:59:37.591Z] 
[2026-02-06T15:59:37.592Z] at throwClosedServerError (file:///home/ubuntu/senec-design/node_modules/.pnpm/vite@6.4.1_@types+node@25.2.0_jiti@1.21.7_yaml@2.8.2/node_modules/vite/dist/node/chunks/dep-D4NMHUTW.js:42055:15)
[2026-02-06T15:59:37.592Z] at EnvironmentPluginContainer.resolveId (file:///home/ubuntu/senec-design/node_modules/.pnpm/vite@6.4.1_@types+node@25.2.0_jiti@1.21.7_yaml@2.8.2/node_modules/vite/dist/node/chunks/dep-D4NMHUTW.js:42234:9)
[2026-02-06T15:59:37.592Z] at resolveId (file:///home/ubuntu/senec-design/node_modules/.pnpm/vite@6.4.1_@types+node@25.2.0_jiti@1.21.7_yaml@2.8.2/node_modules/vite/dist/node/chunks/dep-D4NMHUTW.js:14314:40)
[2026-02-06T15:59:37.593Z] at resolve (file:///home/ubuntu/senec-design/node_modules/.pnpm/vite@6.4.1_@types+node@25.2.0_jiti@1.21.7_yaml@2.8.2/node_modules/vite/dist/node/chunks/dep-D4NMHUTW.js:14325:28)
[2026-02-06T15:59:37.593Z] at file:///home/ubuntu/senec-design/node_modules/.pnpm/vite@6.4.1_@types+node@25.2.0_jiti@1.21.7_yaml@2.8.2/node_modules/vite/dist/node/chunks/dep-D4NMHUTW.js:14380:32
[2026-02-06T15:59:37.593Z] at requestCallbacks.on-resolve (/home/ubuntu/senec-design/node_modules/.pnpm/esbuild@0.25.12/node_modules/esbuild/lib/main.js:1217:28)
[2026-02-06T15:59:37.593Z] at handleRequest (/home/ubuntu/senec-design/node_modules/.pnpm/esbuild@0.25.12/node_modules/esbuild/lib/main.js:628:17)
[2026-02-06T15:59:37.594Z] at handleIncomingPacket (/home/ubuntu/senec-design/node_modules/.pnpm/esbuild@0.25.12/node_modules/esbuild/lib/main.js:653:7)
[2026-02-06T15:59:37.594Z] at Socket.readFromStdout (/home/ubuntu/senec-design/node_modules/.pnpm/esbuild@0.25.12/node_modules/esbuild/lib/main.js:581:7)
[2026-02-06T15:59:37.594Z] at Socket.emit (node:events:524:28)
[2026-02-06T15:59:37.594Z] 
[2026-02-06T15:59:37.595Z] This error came from the "onResolve" callback registered here:
[2026-02-06T15:59:37.595Z] 
[2026-02-06T15:59:37.595Z] node_modules/.pnpm/esbuild@0.25.12/node_modules/esbuild/lib/main.js:1141:20:
[2026-02-06T15:59:37.595Z] [37m      1141 │       let promise = [32m[37msetup({
[2026-02-06T15:59:37.596Z] ╵                     [32m^[0m
[2026-02-06T15:59:37.596Z] 
[2026-02-06T15:59:37.596Z] at setup (file:///home/ubuntu/senec-design/node_modules/.pnpm/vite@6.4.1_@types+node@25.2.0_jiti@1.21.7_yaml@2.8.2/node_modules/vite/dist/node/chunks/dep-D4NMHUTW.js:14379:13)
[2026-02-06T15:59:37.596Z] at handlePlugins (/home/ubuntu/senec-design/node_modules/.pnpm/esbuild@0.25.12/node_modules/esbuild/lib/main.js:1141:21)
[2026-02-06T15:59:37.597Z] at buildOrContextImpl (/home/ubuntu/senec-design/node_modules/.pnpm/esbuild@0.25.12/node_modules/esbuild/lib/main.js:854:5)
[2026-02-06T15:59:37.597Z] at Object.buildOrContext (/home/ubuntu/senec-design/node_modules/.pnpm/esbuild@0.25.12/node_modules/esbuild/lib/main.js:680:5)
[2026-02-06T15:59:37.597Z] at /home/ubuntu/senec-design/node_modules/.pnpm/esbuild@0.25.12/node_modules/esbuild/lib/main.js:2035:68
[2026-02-06T15:59:37.598Z] at new Promise (<anonymous>)
[2026-02-06T15:59:37.598Z] at Object.context (/home/ubuntu/senec-design/node_modules/.pnpm/esbuild@0.25.12/node_modules/esbuild/lib/main.js:2035:27)
[2026-02-06T15:59:37.598Z] at Object.context (/home/ubuntu/senec-design/node_modules/.pnpm/esbuild@0.25.12/node_modules/esbuild/lib/main.js:1877:58)
[2026-02-06T15:59:37.599Z] at prepareEsbuildScanner (file:///home/ubuntu/senec-design/node_modules/.pnpm/vite@6.4.1_@types+node@25.2.0_jiti@1.21.7_yaml@2.8.2/node_modules/vite/dist/node/chunks/dep-D4NMHUTW.js:14266:24)
[2026-02-06T15:59:37.599Z] 
[2026-02-06T15:59:37.599Z] The plugin "vite:dep-scan" was triggered by this import
[2026-02-06T15:59:37.599Z] 
[2026-02-06T15:59:37.600Z] <stdin>:60:7:
[2026-02-06T15:59:37.600Z] [37m      60 │ import [32m"/home/ubuntu/senec-design/src/pages/ratgeber/kosten.astro"[37m
[2026-02-06T15:59:37.600Z] ╵        [32m~~~~~~~~~~~~~~~~~~~~~~~~~~~~~~~~~~~~~~~~~~~~~~~~~~~~~~~~~~~[0m
[2026-02-06T15:59:37.600Z] 
[2026-02-06T15:59:37.601Z] 
[2026-02-06T15:59:37.601Z] [31m✘ [41;31m[[41;97mERROR[41;31m][0m [1mThe server is being restarted or closed. Request is outdated[0m [1m[35m[plugin vite:dep-scan][0m
[2026-02-06T15:59:37.601Z] 
[2026-02-06T15:59:37.601Z] node_modules/.pnpm/esbuild@0.25.12/node_modules/esbuild/lib/main.js:1217:27:
[2026-02-06T15:59:37.602Z] [37m      1217 │         let result = await [32m[37mcallback({
[2026-02-06T15:59:37.602Z] ╵                            [32m^[0m
[2026-02-06T15:59:37.602Z] 
[2026-02-06T15:59:37.602Z] at throwClosedServerError (file:///home/ubuntu/senec-design/node_modules/.pnpm/vite@6.4.1_@types+node@25.2.0_jiti@1.21.7_yaml@2.8.2/node_modules/vite/dist/node/chunks/dep-D4NMHUTW.js:42055:15)
[2026-02-06T15:59:37.603Z] at EnvironmentPluginContainer.resolveId (file:///home/ubuntu/senec-design/node_modules/.pnpm/vite@6.4.1_@types+node@25.2.0_jiti@1.21.7_yaml@2.8.2/node_modules/vite/dist/node/chunks/dep-D4NMHUTW.js:42234:9)
[2026-02-06T15:59:37.603Z] at resolveId (file:///home/ubuntu/senec-design/node_modules/.pnpm/vite@6.4.1_@types+node@25.2.0_jiti@1.21.7_yaml@2.8.2/node_modules/vite/dist/node/chunks/dep-D4NMHUTW.js:14314:40)
[2026-02-06T15:59:37.603Z] at resolve (file:///home/ubuntu/senec-design/node_modules/.pnpm/vite@6.4.1_@types+node@25.2.0_jiti@1.21.7_yaml@2.8.2/node_modules/vite/dist/node/chunks/dep-D4NMHUTW.js:14325:28)
[2026-02-06T15:59:37.604Z] at file:///home/ubuntu/senec-design/node_modules/.pnpm/vite@6.4.1_@types+node@25.2.0_jiti@1.21.7_yaml@2.8.2/node_modules/vite/dist/node/chunks/dep-D4NMHUTW.js:14380:32
[2026-02-06T15:59:37.604Z] at requestCallbacks.on-resolve (/home/ubuntu/senec-design/node_modules/.pnpm/esbuild@0.25.12/node_modules/esbuild/lib/main.js:1217:28)
[2026-02-06T15:59:37.604Z] at handleRequest (/home/ubuntu/senec-design/node_modules/.pnpm/esbuild@0.25.12/node_modules/esbuild/lib/main.js:628:17)
[2026-02-06T15:59:37.604Z] at handleIncomingPacket (/home/ubuntu/senec-design/node_modules/.pnpm/esbuild@0.25.12/node_modules/esbuild/lib/main.js:653:7)
[2026-02-06T15:59:37.605Z] at Socket.readFromStdout (/home/ubuntu/senec-design/node_modules/.pnpm/esbuild@0.25.12/node_modules/esbuild/lib/main.js:581:7)
[2026-02-06T15:59:37.606Z] at Socket.emit (node:events:524:28)
[2026-02-06T15:59:37.606Z] 
[2026-02-06T15:59:37.607Z] This error came from the "onResolve" callback registered here:
[2026-02-06T15:59:37.607Z] 
[2026-02-06T15:59:37.607Z] node_modules/.pnpm/esbuild@0.25.12/node_modules/esbuild/lib/main.js:1141:20:
[2026-02-06T15:59:37.607Z] [37m      1141 │       let promise = [32m[37msetup({
[2026-02-06T15:59:37.608Z] ╵                     [32m^[0m
[2026-02-06T15:59:37.608Z] 
[2026-02-06T15:59:37.608Z] at setup (file:///home/ubuntu/senec-design/node_modules/.pnpm/vite@6.4.1_@types+node@25.2.0_jiti@1.21.7_yaml@2.8.2/node_modules/vite/dist/node/chunks/dep-D4NMHUTW.js:14379:13)
[2026-02-06T15:59:37.609Z] at handlePlugins (/home/ubuntu/senec-design/node_modules/.pnpm/esbuild@0.25.12/node_modules/esbuild/lib/main.js:1141:21)
[2026-02-06T15:59:37.609Z] at buildOrContextImpl (/home/ubuntu/senec-design/node_modules/.pnpm/esbuild@0.25.12/node_modules/esbuild/lib/main.js:854:5)
[2026-02-06T15:59:37.609Z] at Object.buildOrContext (/home/ubuntu/senec-design/node_modules/.pnpm/esbuild@0.25.12/node_modules/esbuild/lib/main.js:680:5)
[2026-02-06T15:59:37.610Z] at /home/ubuntu/senec-design/node_modules/.pnpm/esbuild@0.25.12/node_modules/esbuild/lib/main.js:2035:68
[2026-02-06T15:59:37.610Z] at new Promise (<anonymous>)
[2026-02-06T15:59:37.610Z] at Object.context (/home/ubuntu/senec-design/node_modules/.pnpm/esbuild@0.25.12/node_modules/esbuild/lib/main.js:2035:27)
[2026-02-06T15:59:37.610Z] at Object.context (/home/ubuntu/senec-design/node_modules/.pnpm/esbuild@0.25.12/node_modules/esbuild/lib/main.js:1877:58)
[2026-02-06T15:59:37.611Z] at prepareEsbuildScanner (file:///home/ubuntu/senec-design/node_modules/.pnpm/vite@6.4.1_@types+node@25.2.0_jiti@1.21.7_yaml@2.8.2/node_modules/vite/dist/node/chunks/dep-D4NMHUTW.js:14266:24)
[2026-02-06T15:59:37.611Z] 
[2026-02-06T15:59:37.611Z] The plugin "vite:dep-scan" was triggered by this import
[2026-02-06T15:59:37.612Z] 
[2026-02-06T15:59:37.612Z] <stdin>:61:7:
[2026-02-06T15:59:37.612Z] [37m      61 │ import [32m"/home/ubuntu/senec-design/src/pages/ratgeber/wirtschaftlic[37m...
[2026-02-06T15:59:37.612Z] ╵        [32m~~~~~~~~~~~~~~~~~~~~~~~~~~~~~~~~~~~~~~~~~~~~~~~~~~~~~~~~~~~[0m
[2026-02-06T15:59:37.613Z] 
[2026-02-06T15:59:37.613Z] 
[2026-02-06T15:59:37.613Z] [31m✘ [41;31m[[41;97mERROR[41;31m][0m [1mThe server is being restarted or closed. Request is outdated[0m [1m[35m[plugin vite:dep-scan][0m
[2026-02-06T15:59:37.614Z] 
[2026-02-06T15:59:37.614Z] node_modules/.pnpm/esbuild@0.25.12/node_modules/esbuild/lib/main.js:1217:27:
[2026-02-06T15:59:37.614Z] [37m      1217 │         let result = await [32m[37mcallback({
[2026-02-06T15:59:37.614Z] ╵                            [32m^[0m
[2026-02-06T15:59:37.615Z] 
[2026-02-06T15:59:37.615Z] at throwClosedServerError (file:///home/ubuntu/senec-design/node_modules/.pnpm/vite@6.4.1_@types+node@25.2.0_jiti@1.21.7_yaml@2.8.2/node_modules/vite/dist/node/chunks/dep-D4NMHUTW.js:42055:15)
[2026-02-06T15:59:37.615Z] at EnvironmentPluginContainer.resolveId (file:///home/ubuntu/senec-design/node_modules/.pnpm/vite@6.4.1_@types+node@25.2.0_jiti@1.21.7_yaml@2.8.2/node_modules/vite/dist/node/chunks/dep-D4NMHUTW.js:42234:9)
[2026-02-06T15:59:37.616Z] at resolveId (file:///home/ubuntu/senec-design/node_modules/.pnpm/vite@6.4.1_@types+node@25.2.0_jiti@1.21.7_yaml@2.8.2/node_modules/vite/dist/node/chunks/dep-D4NMHUTW.js:14314:40)
[2026-02-06T15:59:37.616Z] at resolve (file:///home/ubuntu/senec-design/node_modules/.pnpm/vite@6.4.1_@types+node@25.2.0_jiti@1.21.7_yaml@2.8.2/node_modules/vite/dist/node/chunks/dep-D4NMHUTW.js:14325:28)
[2026-02-06T15:59:37.616Z] at file:///home/ubuntu/senec-design/node_modules/.pnpm/vite@6.4.1_@types+node@25.2.0_jiti@1.21.7_yaml@2.8.2/node_modules/vite/dist/node/chunks/dep-D4NMHUTW.js:14380:32
[2026-02-06T15:59:37.616Z] at requestCallbacks.on-resolve (/home/ubuntu/senec-design/node_modules/.pnpm/esbuild@0.25.12/node_modules/esbuild/lib/main.js:1217:28)
[2026-02-06T15:59:37.617Z] at handleRequest (/home/ubuntu/senec-design/node_modules/.pnpm/esbuild@0.25.12/node_modules/esbuild/lib/main.js:628:17)
[2026-02-06T15:59:37.617Z] at handleIncomingPacket (/home/ubuntu/senec-design/node_modules/.pnpm/esbuild@0.25.12/node_modules/esbuild/lib/main.js:653:7)
[2026-02-06T15:59:37.617Z] at Socket.readFromStdout (/home/ubuntu/senec-design/node_modules/.pnpm/esbuild@0.25.12/node_modules/esbuild/lib/main.js:581:7)
[2026-02-06T15:59:37.618Z] at Socket.emit (node:events:524:28)
[2026-02-06T15:59:37.618Z] 
[2026-02-06T15:59:37.618Z] This error came from the "onResolve" callback registered here:
[2026-02-06T15:59:37.618Z] 
[2026-02-06T15:59:37.619Z] node_modules/.pnpm/esbuild@0.25.12/node_modules/esbuild/lib/main.js:1141:20:
[2026-02-06T15:59:37.619Z] [37m      1141 │       let promise = [32m[37msetup({
[2026-02-06T15:59:37.619Z] ╵                     [32m^[0m
[2026-02-06T15:59:37.619Z] 
[2026-02-06T15:59:37.620Z] at setup (file:///home/ubuntu/senec-design/node_modules/.pnpm/vite@6.4.1_@types+node@25.2.0_jiti@1.21.7_yaml@2.8.2/node_modules/vite/dist/node/chunks/dep-D4NMHUTW.js:14379:13)
[2026-02-06T15:59:37.620Z] at handlePlugins (/home/ubuntu/senec-design/node_modules/.pnpm/esbuild@0.25.12/node_modules/esbuild/lib/main.js:1141:21)
[2026-02-06T15:59:37.620Z] at buildOrContextImpl (/home/ubuntu/senec-design/node_modules/.pnpm/esbuild@0.25.12/node_modules/esbuild/lib/main.js:854:5)
[2026-02-06T15:59:37.621Z] at Object.buildOrContext (/home/ubuntu/senec-design/node_modules/.pnpm/esbuild@0.25.12/node_modules/esbuild/lib/main.js:680:5)
[2026-02-06T15:59:37.621Z] at /home/ubuntu/senec-design/node_modules/.pnpm/esbuild@0.25.12/node_modules/esbuild/lib/main.js:2035:68
[2026-02-06T15:59:37.621Z] at new Promise (<anonymous>)
[2026-02-06T15:59:37.621Z] at Object.context (/home/ubuntu/senec-design/node_modules/.pnpm/esbuild@0.25.12/node_modules/esbuild/lib/main.js:2035:27)
[2026-02-06T15:59:37.622Z] at Object.context (/home/ubuntu/senec-design/node_modules/.pnpm/esbuild@0.25.12/node_modules/esbuild/lib/main.js:1877:58)
[2026-02-06T15:59:37.622Z] at prepareEsbuildScanner (file:///home/ubuntu/senec-design/node_modules/.pnpm/vite@6.4.1_@types+node@25.2.0_jiti@1.21.7_yaml@2.8.2/node_modules/vite/dist/node/chunks/dep-D4NMHUTW.js:14266:24)
[2026-02-06T15:59:37.623Z] 
[2026-02-06T15:59:37.623Z] The plugin "vite:dep-scan" was triggered by this import
[2026-02-06T15:59:37.623Z] 
[2026-02-06T15:59:37.624Z] <stdin>:62:7:
[2026-02-06T15:59:37.624Z] [37m      62 │ import [32m"/home/ubuntu/senec-design/src/pages/standorte/anhalt-bitte[37m...
[2026-02-06T15:59:37.625Z] ╵        [32m~~~~~~~~~~~~~~~~~~~~~~~~~~~~~~~~~~~~~~~~~~~~~~~~~~~~~~~~~~~[0m
[2026-02-06T15:59:37.625Z] 
[2026-02-06T15:59:37.625Z] 
[2026-02-06T15:59:37.626Z] [31m✘ [41;31m[[41;97mERROR[41;31m][0m [1mThe server is being restarted or closed. Request is outdated[0m [1m[35m[plugin vite:dep-scan][0m
[2026-02-06T15:59:37.626Z] 
[2026-02-06T15:59:37.626Z] node_modules/.pnpm/esbuild@0.25.12/node_modules/esbuild/lib/main.js:1217:27:
[2026-02-06T15:59:37.627Z] [37m      1217 │         let result = await [32m[37mcallback({
[2026-02-06T15:59:37.627Z] ╵                            [32m^[0m
[2026-02-06T15:59:37.628Z] 
[2026-02-06T15:59:37.628Z] at throwClosedServerError (file:///home/ubuntu/senec-design/node_modules/.pnpm/vite@6.4.1_@types+node@25.2.0_jiti@1.21.7_yaml@2.8.2/node_modules/vite/dist/node/chunks/dep-D4NMHUTW.js:42055:15)
[2026-02-06T15:59:37.628Z] at EnvironmentPluginContainer.resolveId (file:///home/ubuntu/senec-design/node_modules/.pnpm/vite@6.4.1_@types+node@25.2.0_jiti@1.21.7_yaml@2.8.2/node_modules/vite/dist/node/chunks/dep-D4NMHUTW.js:42234:9)
[2026-02-06T15:59:37.629Z] at resolveId (file:///home/ubuntu/senec-design/node_modules/.pnpm/vite@6.4.1_@types+node@25.2.0_jiti@1.21.7_yaml@2.8.2/node_modules/vite/dist/node/chunks/dep-D4NMHUTW.js:14314:40)
[2026-02-06T15:59:37.629Z] at resolve (file:///home/ubuntu/senec-design/node_modules/.pnpm/vite@6.4.1_@types+node@25.2.0_jiti@1.21.7_yaml@2.8.2/node_modules/vite/dist/node/chunks/dep-D4NMHUTW.js:14325:28)
[2026-02-06T15:59:37.630Z] at file:///home/ubuntu/senec-design/node_modules/.pnpm/vite@6.4.1_@types+node@25.2.0_jiti@1.21.7_yaml@2.8.2/node_modules/vite/dist/node/chunks/dep-D4NMHUTW.js:14380:32
[2026-02-06T15:59:37.630Z] at requestCallbacks.on-resolve (/home/ubuntu/senec-design/node_modules/.pnpm/esbuild@0.25.12/node_modules/esbuild/lib/main.js:1217:28)
[2026-02-06T15:59:37.631Z] at handleRequest (/home/ubuntu/senec-design/node_modules/.pnpm/esbuild@0.25.12/node_modules/esbuild/lib/main.js:628:17)
[2026-02-06T15:59:37.631Z] at handleIncomingPacket (/home/ubuntu/senec-design/node_modules/.pnpm/esbuild@0.25.12/node_modules/esbuild/lib/main.js:653:7)
[2026-02-06T15:59:37.631Z] at Socket.readFromStdout (/home/ubuntu/senec-design/node_modules/.pnpm/esbuild@0.25.12/node_modules/esbuild/lib/main.js:581:7)
[2026-02-06T15:59:37.642Z] at Socket.emit (node:events:524:28)
[2026-02-06T15:59:37.661Z] 
[2026-02-06T15:59:37.662Z] This error came from the "onResolve" callback registered here:
[2026-02-06T15:59:37.662Z] 
[2026-02-06T15:59:37.663Z] node_modules/.pnpm/esbuild@0.25.12/node_modules/esbuild/lib/main.js:1141:20:
[2026-02-06T15:59:37.664Z] [37m      1141 │       let promise = [32m[37msetup({
[2026-02-06T15:59:37.664Z] ╵                     [32m^[0m
[2026-02-06T15:59:37.664Z] 
[2026-02-06T15:59:37.665Z] at setup (file:///home/ubuntu/senec-design/node_modules/.pnpm/vite@6.4.1_@types+node@25.2.0_jiti@1.21.7_yaml@2.8.2/node_modules/vite/dist/node/chunks/dep-D4NMHUTW.js:14379:13)
[2026-02-06T15:59:37.665Z] at handlePlugins (/home/ubuntu/senec-design/node_modules/.pnpm/esbuild@0.25.12/node_modules/esbuild/lib/main.js:1141:21)
[2026-02-06T15:59:37.665Z] at buildOrContextImpl (/home/ubuntu/senec-design/node_modules/.pnpm/esbuild@0.25.12/node_modules/esbuild/lib/main.js:854:5)
[2026-02-06T15:59:37.666Z] at Object.buildOrContext (/home/ubuntu/senec-design/node_modules/.pnpm/esbuild@0.25.12/node_modules/esbuild/lib/main.js:680:5)
[2026-02-06T15:59:37.666Z] at /home/ubuntu/senec-design/node_modules/.pnpm/esbuild@0.25.12/node_modules/esbuild/lib/main.js:2035:68
[2026-02-06T15:59:37.666Z] at new Promise (<anonymous>)
[2026-02-06T15:59:37.666Z] at Object.context (/home/ubuntu/senec-design/node_modules/.pnpm/esbuild@0.25.12/node_modules/esbuild/lib/main.js:2035:27)
[2026-02-06T15:59:37.667Z] at Object.context (/home/ubuntu/senec-design/node_modules/.pnpm/esbuild@0.25.12/node_modules/esbuild/lib/main.js:1877:58)
[2026-02-06T15:59:37.667Z] at prepareEsbuildScanner (file:///home/ubuntu/senec-design/node_modules/.pnpm/vite@6.4.1_@types+node@25.2.0_jiti@1.21.7_yaml@2.8.2/node_modules/vite/dist/node/chunks/dep-D4NMHUTW.js:14266:24)
[2026-02-06T15:59:37.667Z] 
[2026-02-06T15:59:37.668Z] The plugin "vite:dep-scan" was triggered by this import
[2026-02-06T15:59:37.668Z] 
[2026-02-06T15:59:37.668Z] <stdin>:63:7:
[2026-02-06T15:59:37.668Z] [37m      63 │ import [32m"/home/ubuntu/senec-design/src/pages/standorte/borna.astro"[37m
[2026-02-06T15:59:37.669Z] ╵        [32m~~~~~~~~~~~~~~~~~~~~~~~~~~~~~~~~~~~~~~~~~~~~~~~~~~~~~~~~~~~[0m
[2026-02-06T15:59:37.669Z] 
[2026-02-06T15:59:37.669Z] 
[2026-02-06T15:59:37.670Z] [31m✘ [41;31m[[41;97mERROR[41;31m][0m [1mThe server is being restarted or closed. Request is outdated[0m [1m[35m[plugin vite:dep-scan][0m
[2026-02-06T15:59:37.670Z] 
[2026-02-06T15:59:37.671Z] node_modules/.pnpm/esbuild@0.25.12/node_modules/esbuild/lib/main.js:1217:27:
[2026-02-06T15:59:37.672Z] [37m      1217 │         let result = await [32m[37mcallback({
[2026-02-06T15:59:37.672Z] ╵                            [32m^[0m
[2026-02-06T15:59:37.672Z] 
[2026-02-06T15:59:37.673Z] at throwClosedServerError (file:///home/ubuntu/senec-design/node_modules/.pnpm/vite@6.4.1_@types+node@25.2.0_jiti@1.21.7_yaml@2.8.2/node_modules/vite/dist/node/chunks/dep-D4NMHUTW.js:42055:15)
[2026-02-06T15:59:37.673Z] at EnvironmentPluginContainer.resolveId (file:///home/ubuntu/senec-design/node_modules/.pnpm/vite@6.4.1_@types+node@25.2.0_jiti@1.21.7_yaml@2.8.2/node_modules/vite/dist/node/chunks/dep-D4NMHUTW.js:42234:9)
[2026-02-06T15:59:37.673Z] at resolveId (file:///home/ubuntu/senec-design/node_modules/.pnpm/vite@6.4.1_@types+node@25.2.0_jiti@1.21.7_yaml@2.8.2/node_modules/vite/dist/node/chunks/dep-D4NMHUTW.js:14314:40)
[2026-02-06T15:59:37.674Z] at resolve (file:///home/ubuntu/senec-design/node_modules/.pnpm/vite@6.4.1_@types+node@25.2.0_jiti@1.21.7_yaml@2.8.2/node_modules/vite/dist/node/chunks/dep-D4NMHUTW.js:14325:28)
[2026-02-06T15:59:37.674Z] at file:///home/ubuntu/senec-design/node_modules/.pnpm/vite@6.4.1_@types+node@25.2.0_jiti@1.21.7_yaml@2.8.2/node_modules/vite/dist/node/chunks/dep-D4NMHUTW.js:14380:32
[2026-02-06T15:59:37.674Z] at requestCallbacks.on-resolve (/home/ubuntu/senec-design/node_modules/.pnpm/esbuild@0.25.12/node_modules/esbuild/lib/main.js:1217:28)
[2026-02-06T15:59:37.674Z] at handleRequest (/home/ubuntu/senec-design/node_modules/.pnpm/esbuild@0.25.12/node_modules/esbuild/lib/main.js:628:17)
[2026-02-06T15:59:37.675Z] at handleIncomingPacket (/home/ubuntu/senec-design/node_modules/.pnpm/esbuild@0.25.12/node_modules/esbuild/lib/main.js:653:7)
[2026-02-06T15:59:37.675Z] at Socket.readFromStdout (/home/ubuntu/senec-design/node_modules/.pnpm/esbuild@0.25.12/node_modules/esbuild/lib/main.js:581:7)
[2026-02-06T15:59:37.675Z] at Socket.emit (node:events:524:28)
[2026-02-06T15:59:37.676Z] 
[2026-02-06T15:59:37.676Z] This error came from the "onResolve" callback registered here:
[2026-02-06T15:59:37.676Z] 
[2026-02-06T15:59:37.676Z] node_modules/.pnpm/esbuild@0.25.12/node_modules/esbuild/lib/main.js:1141:20:
[2026-02-06T15:59:37.677Z] [37m      1141 │       let promise = [32m[37msetup({
[2026-02-06T15:59:37.677Z] ╵                     [32m^[0m
[2026-02-06T15:59:37.677Z] 
[2026-02-06T15:59:37.678Z] at setup (file:///home/ubuntu/senec-design/node_modules/.pnpm/vite@6.4.1_@types+node@25.2.0_jiti@1.21.7_yaml@2.8.2/node_modules/vite/dist/node/chunks/dep-D4NMHUTW.js:14379:13)
[2026-02-06T15:59:37.678Z] at handlePlugins (/home/ubuntu/senec-design/node_modules/.pnpm/esbuild@0.25.12/node_modules/esbuild/lib/main.js:1141:21)
[2026-02-06T15:59:37.678Z] at buildOrContextImpl (/home/ubuntu/senec-design/node_modules/.pnpm/esbuild@0.25.12/node_modules/esbuild/lib/main.js:854:5)
[2026-02-06T15:59:37.678Z] at Object.buildOrContext (/home/ubuntu/senec-design/node_modules/.pnpm/esbuild@0.25.12/node_modules/esbuild/lib/main.js:680:5)
[2026-02-06T15:59:37.679Z] at /home/ubuntu/senec-design/node_modules/.pnpm/esbuild@0.25.12/node_modules/esbuild/lib/main.js:2035:68
[2026-02-06T15:59:37.679Z] at new Promise (<anonymous>)
[2026-02-06T15:59:37.679Z] at Object.context (/home/ubuntu/senec-design/node_modules/.pnpm/esbuild@0.25.12/node_modules/esbuild/lib/main.js:2035:27)
[2026-02-06T15:59:37.679Z] at Object.context (/home/ubuntu/senec-design/node_modules/.pnpm/esbuild@0.25.12/node_modules/esbuild/lib/main.js:1877:58)
[2026-02-06T15:59:37.680Z] at prepareEsbuildScanner (file:///home/ubuntu/senec-design/node_modules/.pnpm/vite@6.4.1_@types+node@25.2.0_jiti@1.21.7_yaml@2.8.2/node_modules/vite/dist/node/chunks/dep-D4NMHUTW.js:14266:24)
[2026-02-06T15:59:37.680Z] 
[2026-02-06T15:59:37.680Z] The plugin "vite:dep-scan" was triggered by this import
[2026-02-06T15:59:37.681Z] 
[2026-02-06T15:59:37.681Z] <stdin>:64:7:
[2026-02-06T15:59:37.681Z] [37m      64 │ import [32m"/home/ubuntu/senec-design/src/pages/standorte/burgenlandkr[37m...
[2026-02-06T15:59:37.681Z] ╵        [32m~~~~~~~~~~~~~~~~~~~~~~~~~~~~~~~~~~~~~~~~~~~~~~~~~~~~~~~~~~~[0m
[2026-02-06T15:59:37.682Z] 
[2026-02-06T15:59:37.682Z] 
[2026-02-06T15:59:37.682Z] [31m✘ [41;31m[[41;97mERROR[41;31m][0m [1mThe server is being restarted or closed. Request is outdated[0m [1m[35m[plugin vite:dep-scan][0m
[2026-02-06T15:59:37.683Z] 
[2026-02-06T15:59:37.683Z] node_modules/.pnpm/esbuild@0.25.12/node_modules/esbuild/lib/main.js:1217:27:
[2026-02-06T15:59:37.683Z] [37m      1217 │         let result = await [32m[37mcallback({
[2026-02-06T15:59:37.684Z] ╵                            [32m^[0m
[2026-02-06T15:59:37.684Z] 
[2026-02-06T15:59:37.684Z] at throwClosedServerError (file:///home/ubuntu/senec-design/node_modules/.pnpm/vite@6.4.1_@types+node@25.2.0_jiti@1.21.7_yaml@2.8.2/node_modules/vite/dist/node/chunks/dep-D4NMHUTW.js:42055:15)
[2026-02-06T15:59:37.685Z] at EnvironmentPluginContainer.resolveId (file:///home/ubuntu/senec-design/node_modules/.pnpm/vite@6.4.1_@types+node@25.2.0_jiti@1.21.7_yaml@2.8.2/node_modules/vite/dist/node/chunks/dep-D4NMHUTW.js:42234:9)
[2026-02-06T15:59:37.685Z] at resolveId (file:///home/ubuntu/senec-design/node_modules/.pnpm/vite@6.4.1_@types+node@25.2.0_jiti@1.21.7_yaml@2.8.2/node_modules/vite/dist/node/chunks/dep-D4NMHUTW.js:14314:40)
[2026-02-06T15:59:37.685Z] at resolve (file:///home/ubuntu/senec-design/node_modules/.pnpm/vite@6.4.1_@types+node@25.2.0_jiti@1.21.7_yaml@2.8.2/node_modules/vite/dist/node/chunks/dep-D4NMHUTW.js:14325:28)
[2026-02-06T15:59:37.685Z] at file:///home/ubuntu/senec-design/node_modules/.pnpm/vite@6.4.1_@types+node@25.2.0_jiti@1.21.7_yaml@2.8.2/node_modules/vite/dist/node/chunks/dep-D4NMHUTW.js:14380:32
[2026-02-06T15:59:37.686Z] at requestCallbacks.on-resolve (/home/ubuntu/senec-design/node_modules/.pnpm/esbuild@0.25.12/node_modules/esbuild/lib/main.js:1217:28)
[2026-02-06T15:59:37.686Z] at handleRequest (/home/ubuntu/senec-design/node_modules/.pnpm/esbuild@0.25.12/node_modules/esbuild/lib/main.js:628:17)
[2026-02-06T15:59:37.686Z] at handleIncomingPacket (/home/ubuntu/senec-design/node_modules/.pnpm/esbuild@0.25.12/node_modules/esbuild/lib/main.js:653:7)
[2026-02-06T15:59:37.687Z] at Socket.readFromStdout (/home/ubuntu/senec-design/node_modules/.pnpm/esbuild@0.25.12/node_modules/esbuild/lib/main.js:581:7)
[2026-02-06T15:59:37.687Z] at Socket.emit (node:events:524:28)
[2026-02-06T15:59:37.687Z] 
[2026-02-06T15:59:37.688Z] This error came from the "onResolve" callback registered here:
[2026-02-06T15:59:37.688Z] 
[2026-02-06T15:59:37.688Z] node_modules/.pnpm/esbuild@0.25.12/node_modules/esbuild/lib/main.js:1141:20:
[2026-02-06T15:59:37.688Z] [37m      1141 │       let promise = [32m[37msetup({
[2026-02-06T15:59:37.689Z] ╵                     [32m^[0m
[2026-02-06T15:59:37.689Z] 
[2026-02-06T15:59:37.689Z] at setup (file:///home/ubuntu/senec-design/node_modules/.pnpm/vite@6.4.1_@types+node@25.2.0_jiti@1.21.7_yaml@2.8.2/node_modules/vite/dist/node/chunks/dep-D4NMHUTW.js:14379:13)
[2026-02-06T15:59:37.690Z] at handlePlugins (/home/ubuntu/senec-design/node_modules/.pnpm/esbuild@0.25.12/node_modules/esbuild/lib/main.js:1141:21)
[2026-02-06T15:59:37.690Z] at buildOrContextImpl (/home/ubuntu/senec-design/node_modules/.pnpm/esbuild@0.25.12/node_modules/esbuild/lib/main.js:854:5)
[2026-02-06T15:59:37.690Z] at Object.buildOrContext (/home/ubuntu/senec-design/node_modules/.pnpm/esbuild@0.25.12/node_modules/esbuild/lib/main.js:680:5)
[2026-02-06T15:59:37.690Z] at /home/ubuntu/senec-design/node_modules/.pnpm/esbuild@0.25.12/node_modules/esbuild/lib/main.js:2035:68
[2026-02-06T15:59:37.691Z] at new Promise (<anonymous>)
[2026-02-06T15:59:37.691Z] at Object.context (/home/ubuntu/senec-design/node_modules/.pnpm/esbuild@0.25.12/node_modules/esbuild/lib/main.js:2035:27)
[2026-02-06T15:59:37.691Z] at Object.context (/home/ubuntu/senec-design/node_modules/.pnpm/esbuild@0.25.12/node_modules/esbuild/lib/main.js:1877:58)
[2026-02-06T15:59:37.692Z] at prepareEsbuildScanner (file:///home/ubuntu/senec-design/node_modules/.pnpm/vite@6.4.1_@types+node@25.2.0_jiti@1.21.7_yaml@2.8.2/node_modules/vite/dist/node/chunks/dep-D4NMHUTW.js:14266:24)
[2026-02-06T15:59:37.692Z] 
[2026-02-06T15:59:37.692Z] The plugin "vite:dep-scan" was triggered by this import
[2026-02-06T15:59:37.693Z] 
[2026-02-06T15:59:37.693Z] <stdin>:65:7:
[2026-02-06T15:59:37.693Z] [37m      65 │ import [32m"/home/ubuntu/senec-design/src/pages/standorte/dresden.astro"[37m
[2026-02-06T15:59:37.693Z] ╵        [32m~~~~~~~~~~~~~~~~~~~~~~~~~~~~~~~~~~~~~~~~~~~~~~~~~~~~~~~~~~~~~[0m
[2026-02-06T15:59:37.694Z] 
[2026-02-06T15:59:37.694Z] 
[2026-02-06T15:59:37.694Z] [31m✘ [41;31m[[41;97mERROR[41;31m][0m [1mThe server is being restarted or closed. Request is outdated[0m [1m[35m[plugin vite:dep-scan][0m
[2026-02-06T15:59:37.695Z] 
[2026-02-06T15:59:37.695Z] node_modules/.pnpm/esbuild@0.25.12/node_modules/esbuild/lib/main.js:1217:27:
[2026-02-06T15:59:37.695Z] [37m      1217 │         let result = await [32m[37mcallback({
[2026-02-06T15:59:37.696Z] ╵                            [32m^[0m
[2026-02-06T15:59:37.696Z] 
[2026-02-06T15:59:37.696Z] at throwClosedServerError (file:///home/ubuntu/senec-design/node_modules/.pnpm/vite@6.4.1_@types+node@25.2.0_jiti@1.21.7_yaml@2.8.2/node_modules/vite/dist/node/chunks/dep-D4NMHUTW.js:42055:15)
[2026-02-06T15:59:37.696Z] at EnvironmentPluginContainer.resolveId (file:///home/ubuntu/senec-design/node_modules/.pnpm/vite@6.4.1_@types+node@25.2.0_jiti@1.21.7_yaml@2.8.2/node_modules/vite/dist/node/chunks/dep-D4NMHUTW.js:42234:9)
[2026-02-06T15:59:37.697Z] at resolveId (file:///home/ubuntu/senec-design/node_modules/.pnpm/vite@6.4.1_@types+node@25.2.0_jiti@1.21.7_yaml@2.8.2/node_modules/vite/dist/node/chunks/dep-D4NMHUTW.js:14314:40)
[2026-02-06T15:59:37.697Z] at resolve (file:///home/ubuntu/senec-design/node_modules/.pnpm/vite@6.4.1_@types+node@25.2.0_jiti@1.21.7_yaml@2.8.2/node_modules/vite/dist/node/chunks/dep-D4NMHUTW.js:14325:28)
[2026-02-06T15:59:37.697Z] at file:///home/ubuntu/senec-design/node_modules/.pnpm/vite@6.4.1_@types+node@25.2.0_jiti@1.21.7_yaml@2.8.2/node_modules/vite/dist/node/chunks/dep-D4NMHUTW.js:14380:32
[2026-02-06T15:59:37.697Z] at requestCallbacks.on-resolve (/home/ubuntu/senec-design/node_modules/.pnpm/esbuild@0.25.12/node_modules/esbuild/lib/main.js:1217:28)
[2026-02-06T15:59:37.698Z] at handleRequest (/home/ubuntu/senec-design/node_modules/.pnpm/esbuild@0.25.12/node_modules/esbuild/lib/main.js:628:17)
[2026-02-06T15:59:37.698Z] at handleIncomingPacket (/home/ubuntu/senec-design/node_modules/.pnpm/esbuild@0.25.12/node_modules/esbuild/lib/main.js:653:7)
[2026-02-06T15:59:37.698Z] at Socket.readFromStdout (/home/ubuntu/senec-design/node_modules/.pnpm/esbuild@0.25.12/node_modules/esbuild/lib/main.js:581:7)
[2026-02-06T15:59:37.699Z] at Socket.emit (node:events:524:28)
[2026-02-06T15:59:37.699Z] 
[2026-02-06T15:59:37.699Z] This error came from the "onResolve" callback registered here:
[2026-02-06T15:59:37.699Z] 
[2026-02-06T15:59:37.700Z] node_modules/.pnpm/esbuild@0.25.12/node_modules/esbuild/lib/main.js:1141:20:
[2026-02-06T15:59:37.700Z] [37m      1141 │       let promise = [32m[37msetup({
[2026-02-06T15:59:37.700Z] ╵                     [32m^[0m
[2026-02-06T15:59:37.700Z] 
[2026-02-06T15:59:37.701Z] at setup (file:///home/ubuntu/senec-design/node_modules/.pnpm/vite@6.4.1_@types+node@25.2.0_jiti@1.21.7_yaml@2.8.2/node_modules/vite/dist/node/chunks/dep-D4NMHUTW.js:14379:13)
[2026-02-06T15:59:37.701Z] at handlePlugins (/home/ubuntu/senec-design/node_modules/.pnpm/esbuild@0.25.12/node_modules/esbuild/lib/main.js:1141:21)
[2026-02-06T15:59:37.701Z] at buildOrContextImpl (/home/ubuntu/senec-design/node_modules/.pnpm/esbuild@0.25.12/node_modules/esbuild/lib/main.js:854:5)
[2026-02-06T15:59:37.702Z] at Object.buildOrContext (/home/ubuntu/senec-design/node_modules/.pnpm/esbuild@0.25.12/node_modules/esbuild/lib/main.js:680:5)
[2026-02-06T15:59:37.702Z] at /home/ubuntu/senec-design/node_modules/.pnpm/esbuild@0.25.12/node_modules/esbuild/lib/main.js:2035:68
[2026-02-06T15:59:37.702Z] at new Promise (<anonymous>)
[2026-02-06T15:59:37.702Z] at Object.context (/home/ubuntu/senec-design/node_modules/.pnpm/esbuild@0.25.12/node_modules/esbuild/lib/main.js:2035:27)
[2026-02-06T15:59:37.703Z] at Object.context (/home/ubuntu/senec-design/node_modules/.pnpm/esbuild@0.25.12/node_modules/esbuild/lib/main.js:1877:58)
[2026-02-06T15:59:37.703Z] at prepareEsbuildScanner (file:///home/ubuntu/senec-design/node_modules/.pnpm/vite@6.4.1_@types+node@25.2.0_jiti@1.21.7_yaml@2.8.2/node_modules/vite/dist/node/chunks/dep-D4NMHUTW.js:14266:24)
[2026-02-06T15:59:37.703Z] 
[2026-02-06T15:59:37.703Z] The plugin "vite:dep-scan" was triggered by this import
[2026-02-06T15:59:37.704Z] 
[2026-02-06T15:59:37.704Z] <stdin>:66:7:
[2026-02-06T15:59:37.704Z] [37m      66 │ import [32m"/home/ubuntu/senec-design/src/pages/standorte/elbe-elster.[37m...
[2026-02-06T15:59:37.704Z] ╵        [32m~~~~~~~~~~~~~~~~~~~~~~~~~~~~~~~~~~~~~~~~~~~~~~~~~~~~~~~~~~~[0m
[2026-02-06T15:59:37.705Z] 
[2026-02-06T15:59:37.705Z] 
[2026-02-06T15:59:37.705Z] [31m✘ [41;31m[[41;97mERROR[41;31m][0m [1mThe server is being restarted or closed. Request is outdated[0m [1m[35m[plugin vite:dep-scan][0m
[2026-02-06T15:59:37.706Z] 
[2026-02-06T15:59:37.706Z] node_modules/.pnpm/esbuild@0.25.12/node_modules/esbuild/lib/main.js:1217:27:
[2026-02-06T15:59:37.706Z] [37m      1217 │         let result = await [32m[37mcallback({
[2026-02-06T15:59:37.707Z] ╵                            [32m^[0m
[2026-02-06T15:59:37.707Z] 
[2026-02-06T15:59:37.707Z] at throwClosedServerError (file:///home/ubuntu/senec-design/node_modules/.pnpm/vite@6.4.1_@types+node@25.2.0_jiti@1.21.7_yaml@2.8.2/node_modules/vite/dist/node/chunks/dep-D4NMHUTW.js:42055:15)
[2026-02-06T15:59:37.708Z] at EnvironmentPluginContainer.resolveId (file:///home/ubuntu/senec-design/node_modules/.pnpm/vite@6.4.1_@types+node@25.2.0_jiti@1.21.7_yaml@2.8.2/node_modules/vite/dist/node/chunks/dep-D4NMHUTW.js:42234:9)
[2026-02-06T15:59:37.708Z] at resolveId (file:///home/ubuntu/senec-design/node_modules/.pnpm/vite@6.4.1_@types+node@25.2.0_jiti@1.21.7_yaml@2.8.2/node_modules/vite/dist/node/chunks/dep-D4NMHUTW.js:14314:40)
[2026-02-06T15:59:37.708Z] at resolve (file:///home/ubuntu/senec-design/node_modules/.pnpm/vite@6.4.1_@types+node@25.2.0_jiti@1.21.7_yaml@2.8.2/node_modules/vite/dist/node/chunks/dep-D4NMHUTW.js:14325:28)
[2026-02-06T15:59:37.709Z] at file:///home/ubuntu/senec-design/node_modules/.pnpm/vite@6.4.1_@types+node@25.2.0_jiti@1.21.7_yaml@2.8.2/node_modules/vite/dist/node/chunks/dep-D4NMHUTW.js:14380:32
[2026-02-06T15:59:37.709Z] at requestCallbacks.on-resolve (/home/ubuntu/senec-design/node_modules/.pnpm/esbuild@0.25.12/node_modules/esbuild/lib/main.js:1217:28)
[2026-02-06T15:59:37.709Z] at handleRequest (/home/ubuntu/senec-design/node_modules/.pnpm/esbuild@0.25.12/node_modules/esbuild/lib/main.js:628:17)
[2026-02-06T15:59:37.710Z] at handleIncomingPacket (/home/ubuntu/senec-design/node_modules/.pnpm/esbuild@0.25.12/node_modules/esbuild/lib/main.js:653:7)
[2026-02-06T15:59:37.710Z] at Socket.readFromStdout (/home/ubuntu/senec-design/node_modules/.pnpm/esbuild@0.25.12/node_modules/esbuild/lib/main.js:581:7)
[2026-02-06T15:59:37.711Z] at Socket.emit (node:events:524:28)
[2026-02-06T15:59:37.711Z] 
[2026-02-06T15:59:37.711Z] This error came from the "onResolve" callback registered here:
[2026-02-06T15:59:37.712Z] 
[2026-02-06T15:59:37.712Z] node_modules/.pnpm/esbuild@0.25.12/node_modules/esbuild/lib/main.js:1141:20:
[2026-02-06T15:59:37.713Z] [37m      1141 │       let promise = [32m[37msetup({
[2026-02-06T15:59:37.713Z] ╵                     [32m^[0m
[2026-02-06T15:59:37.713Z] 
[2026-02-06T15:59:37.714Z] at setup (file:///home/ubuntu/senec-design/node_modules/.pnpm/vite@6.4.1_@types+node@25.2.0_jiti@1.21.7_yaml@2.8.2/node_modules/vite/dist/node/chunks/dep-D4NMHUTW.js:14379:13)
[2026-02-06T15:59:37.714Z] at handlePlugins (/home/ubuntu/senec-design/node_modules/.pnpm/esbuild@0.25.12/node_modules/esbuild/lib/main.js:1141:21)
[2026-02-06T15:59:37.714Z] at buildOrContextImpl (/home/ubuntu/senec-design/node_modules/.pnpm/esbuild@0.25.12/node_modules/esbuild/lib/main.js:854:5)
[2026-02-06T15:59:37.715Z] at Object.buildOrContext (/home/ubuntu/senec-design/node_modules/.pnpm/esbuild@0.25.12/node_modules/esbuild/lib/main.js:680:5)
[2026-02-06T15:59:37.715Z] at /home/ubuntu/senec-design/node_modules/.pnpm/esbuild@0.25.12/node_modules/esbuild/lib/main.js:2035:68
[2026-02-06T15:59:37.715Z] at new Promise (<anonymous>)
[2026-02-06T15:59:37.716Z] at Object.context (/home/ubuntu/senec-design/node_modules/.pnpm/esbuild@0.25.12/node_modules/esbuild/lib/main.js:2035:27)
[2026-02-06T15:59:37.716Z] at Object.context (/home/ubuntu/senec-design/node_modules/.pnpm/esbuild@0.25.12/node_modules/esbuild/lib/main.js:1877:58)
[2026-02-06T15:59:37.716Z] at prepareEsbuildScanner (file:///home/ubuntu/senec-design/node_modules/.pnpm/vite@6.4.1_@types+node@25.2.0_jiti@1.21.7_yaml@2.8.2/node_modules/vite/dist/node/chunks/dep-D4NMHUTW.js:14266:24)
[2026-02-06T15:59:37.717Z] 
[2026-02-06T15:59:37.717Z] The plugin "vite:dep-scan" was triggered by this import
[2026-02-06T15:59:37.717Z] 
[2026-02-06T15:59:37.718Z] <stdin>:67:7:
[2026-02-06T15:59:37.718Z] [37m      67 │ import [32m"/home/ubuntu/senec-design/src/pages/standorte/erfurt.astro"[37m
[2026-02-06T15:59:37.718Z] ╵        [32m~~~~~~~~~~~~~~~~~~~~~~~~~~~~~~~~~~~~~~~~~~~~~~~~~~~~~~~~~~~~[0m
[2026-02-06T15:59:37.719Z] 
[2026-02-06T15:59:37.719Z] 
[2026-02-06T15:59:37.719Z] [31m✘ [41;31m[[41;97mERROR[41;31m][0m [1mThe server is being restarted or closed. Request is outdated[0m [1m[35m[plugin vite:dep-scan][0m
[2026-02-06T15:59:37.720Z] 
[2026-02-06T15:59:37.720Z] node_modules/.pnpm/esbuild@0.25.12/node_modules/esbuild/lib/main.js:1217:27:
[2026-02-06T15:59:37.720Z] [37m      1217 │         let result = await [32m[37mcallback({
[2026-02-06T15:59:37.721Z] ╵                            [32m^[0m
[2026-02-06T15:59:37.721Z] 
[2026-02-06T15:59:37.721Z] at throwClosedServerError (file:///home/ubuntu/senec-design/node_modules/.pnpm/vite@6.4.1_@types+node@25.2.0_jiti@1.21.7_yaml@2.8.2/node_modules/vite/dist/node/chunks/dep-D4NMHUTW.js:42055:15)
[2026-02-06T15:59:37.722Z] at EnvironmentPluginContainer.resolveId (file:///home/ubuntu/senec-design/node_modules/.pnpm/vite@6.4.1_@types+node@25.2.0_jiti@1.21.7_yaml@2.8.2/node_modules/vite/dist/node/chunks/dep-D4NMHUTW.js:42234:9)
[2026-02-06T15:59:37.722Z] at resolveId (file:///home/ubuntu/senec-design/node_modules/.pnpm/vite@6.4.1_@types+node@25.2.0_jiti@1.21.7_yaml@2.8.2/node_modules/vite/dist/node/chunks/dep-D4NMHUTW.js:14314:40)
[2026-02-06T15:59:37.722Z] at resolve (file:///home/ubuntu/senec-design/node_modules/.pnpm/vite@6.4.1_@types+node@25.2.0_jiti@1.21.7_yaml@2.8.2/node_modules/vite/dist/node/chunks/dep-D4NMHUTW.js:14325:28)
[2026-02-06T15:59:37.723Z] at file:///home/ubuntu/senec-design/node_modules/.pnpm/vite@6.4.1_@types+node@25.2.0_jiti@1.21.7_yaml@2.8.2/node_modules/vite/dist/node/chunks/dep-D4NMHUTW.js:14380:32
[2026-02-06T15:59:37.723Z] at requestCallbacks.on-resolve (/home/ubuntu/senec-design/node_modules/.pnpm/esbuild@0.25.12/node_modules/esbuild/lib/main.js:1217:28)
[2026-02-06T15:59:37.723Z] at handleRequest (/home/ubuntu/senec-design/node_modules/.pnpm/esbuild@0.25.12/node_modules/esbuild/lib/main.js:628:17)
[2026-02-06T15:59:37.724Z] at handleIncomingPacket (/home/ubuntu/senec-design/node_modules/.pnpm/esbuild@0.25.12/node_modules/esbuild/lib/main.js:653:7)
[2026-02-06T15:59:37.724Z] at Socket.readFromStdout (/home/ubuntu/senec-design/node_modules/.pnpm/esbuild@0.25.12/node_modules/esbuild/lib/main.js:581:7)
[2026-02-06T15:59:37.724Z] at Socket.emit (node:events:524:28)
[2026-02-06T15:59:37.725Z] 
[2026-02-06T15:59:37.725Z] This error came from the "onResolve" callback registered here:
[2026-02-06T15:59:37.725Z] 
[2026-02-06T15:59:37.726Z] node_modules/.pnpm/esbuild@0.25.12/node_modules/esbuild/lib/main.js:1141:20:
[2026-02-06T15:59:37.726Z] [37m      1141 │       let promise = [32m[37msetup({
[2026-02-06T15:59:37.726Z] ╵                     [32m^[0m
[2026-02-06T15:59:37.726Z] 
[2026-02-06T15:59:37.727Z] at setup (file:///home/ubuntu/senec-design/node_modules/.pnpm/vite@6.4.1_@types+node@25.2.0_jiti@1.21.7_yaml@2.8.2/node_modules/vite/dist/node/chunks/dep-D4NMHUTW.js:14379:13)
[2026-02-06T15:59:37.727Z] at handlePlugins (/home/ubuntu/senec-design/node_modules/.pnpm/esbuild@0.25.12/node_modules/esbuild/lib/main.js:1141:21)
[2026-02-06T15:59:37.727Z] at buildOrContextImpl (/home/ubuntu/senec-design/node_modules/.pnpm/esbuild@0.25.12/node_modules/esbuild/lib/main.js:854:5)
[2026-02-06T15:59:37.728Z] at Object.buildOrContext (/home/ubuntu/senec-design/node_modules/.pnpm/esbuild@0.25.12/node_modules/esbuild/lib/main.js:680:5)
[2026-02-06T15:59:37.728Z] at /home/ubuntu/senec-design/node_modules/.pnpm/esbuild@0.25.12/node_modules/esbuild/lib/main.js:2035:68
[2026-02-06T15:59:37.728Z] at new Promise (<anonymous>)
[2026-02-06T15:59:37.729Z] at Object.context (/home/ubuntu/senec-design/node_modules/.pnpm/esbuild@0.25.12/node_modules/esbuild/lib/main.js:2035:27)
[2026-02-06T15:59:37.729Z] at Object.context (/home/ubuntu/senec-design/node_modules/.pnpm/esbuild@0.25.12/node_modules/esbuild/lib/main.js:1877:58)
[2026-02-06T15:59:37.729Z] at prepareEsbuildScanner (file:///home/ubuntu/senec-design/node_modules/.pnpm/vite@6.4.1_@types+node@25.2.0_jiti@1.21.7_yaml@2.8.2/node_modules/vite/dist/node/chunks/dep-D4NMHUTW.js:14266:24)
[2026-02-06T15:59:37.730Z] 
[2026-02-06T15:59:37.730Z] The plugin "vite:dep-scan" was triggered by this import
[2026-02-06T15:59:37.730Z] 
[2026-02-06T15:59:37.731Z] <stdin>:68:7:
[2026-02-06T15:59:37.731Z] [37m      68 │ import [32m"/home/ubuntu/senec-design/src/pages/standorte/gera.astro"[37m
[2026-02-06T15:59:37.731Z] ╵        [32m~~~~~~~~~~~~~~~~~~~~~~~~~~~~~~~~~~~~~~~~~~~~~~~~~~~~~~~~~~[0m
[2026-02-06T15:59:37.731Z] 
[2026-02-06T15:59:37.732Z] 
[2026-02-06T15:59:37.732Z] [31m✘ [41;31m[[41;97mERROR[41;31m][0m [1mThe server is being restarted or closed. Request is outdated[0m [1m[35m[plugin vite:dep-scan][0m
[2026-02-06T15:59:37.732Z] 
[2026-02-06T15:59:37.733Z] node_modules/.pnpm/esbuild@0.25.12/node_modules/esbuild/lib/main.js:1217:27:
[2026-02-06T15:59:37.733Z] [37m      1217 │         let result = await [32m[37mcallback({
[2026-02-06T15:59:37.733Z] ╵                            [32m^[0m
[2026-02-06T15:59:37.734Z] 
[2026-02-06T15:59:37.734Z] at throwClosedServerError (file:///home/ubuntu/senec-design/node_modules/.pnpm/vite@6.4.1_@types+node@25.2.0_jiti@1.21.7_yaml@2.8.2/node_modules/vite/dist/node/chunks/dep-D4NMHUTW.js:42055:15)
[2026-02-06T15:59:37.734Z] at EnvironmentPluginContainer.resolveId (file:///home/ubuntu/senec-design/node_modules/.pnpm/vite@6.4.1_@types+node@25.2.0_jiti@1.21.7_yaml@2.8.2/node_modules/vite/dist/node/chunks/dep-D4NMHUTW.js:42234:9)
[2026-02-06T15:59:37.734Z] at resolveId (file:///home/ubuntu/senec-design/node_modules/.pnpm/vite@6.4.1_@types+node@25.2.0_jiti@1.21.7_yaml@2.8.2/node_modules/vite/dist/node/chunks/dep-D4NMHUTW.js:14314:40)
[2026-02-06T15:59:37.735Z] at resolve (file:///home/ubuntu/senec-design/node_modules/.pnpm/vite@6.4.1_@types+node@25.2.0_jiti@1.21.7_yaml@2.8.2/node_modules/vite/dist/node/chunks/dep-D4NMHUTW.js:14325:28)
[2026-02-06T15:59:37.735Z] at file:///home/ubuntu/senec-design/node_modules/.pnpm/vite@6.4.1_@types+node@25.2.0_jiti@1.21.7_yaml@2.8.2/node_modules/vite/dist/node/chunks/dep-D4NMHUTW.js:14380:32
[2026-02-06T15:59:37.735Z] at requestCallbacks.on-resolve (/home/ubuntu/senec-design/node_modules/.pnpm/esbuild@0.25.12/node_modules/esbuild/lib/main.js:1217:28)
[2026-02-06T15:59:37.736Z] at handleRequest (/home/ubuntu/senec-design/node_modules/.pnpm/esbuild@0.25.12/node_modules/esbuild/lib/main.js:628:17)
[2026-02-06T15:59:37.736Z] at handleIncomingPacket (/home/ubuntu/senec-design/node_modules/.pnpm/esbuild@0.25.12/node_modules/esbuild/lib/main.js:653:7)
[2026-02-06T15:59:37.736Z] at Socket.readFromStdout (/home/ubuntu/senec-design/node_modules/.pnpm/esbuild@0.25.12/node_modules/esbuild/lib/main.js:581:7)
[2026-02-06T15:59:37.737Z] at Socket.emit (node:events:524:28)
[2026-02-06T15:59:37.737Z] 
[2026-02-06T15:59:37.737Z] This error came from the "onResolve" callback registered here:
[2026-02-06T15:59:37.737Z] 
[2026-02-06T15:59:37.738Z] node_modules/.pnpm/esbuild@0.25.12/node_modules/esbuild/lib/main.js:1141:20:
[2026-02-06T15:59:37.738Z] [37m      1141 │       let promise = [32m[37msetup({
[2026-02-06T15:59:37.738Z] ╵                     [32m^[0m
[2026-02-06T15:59:37.739Z] 
[2026-02-06T15:59:37.739Z] at setup (file:///home/ubuntu/senec-design/node_modules/.pnpm/vite@6.4.1_@types+node@25.2.0_jiti@1.21.7_yaml@2.8.2/node_modules/vite/dist/node/chunks/dep-D4NMHUTW.js:14379:13)
[2026-02-06T15:59:37.739Z] at handlePlugins (/home/ubuntu/senec-design/node_modules/.pnpm/esbuild@0.25.12/node_modules/esbuild/lib/main.js:1141:21)
[2026-02-06T15:59:37.740Z] at buildOrContextImpl (/home/ubuntu/senec-design/node_modules/.pnpm/esbuild@0.25.12/node_modules/esbuild/lib/main.js:854:5)
[2026-02-06T15:59:37.740Z] at Object.buildOrContext (/home/ubuntu/senec-design/node_modules/.pnpm/esbuild@0.25.12/node_modules/esbuild/lib/main.js:680:5)
[2026-02-06T15:59:37.740Z] at /home/ubuntu/senec-design/node_modules/.pnpm/esbuild@0.25.12/node_modules/esbuild/lib/main.js:2035:68
[2026-02-06T15:59:37.740Z] at new Promise (<anonymous>)
[2026-02-06T15:59:37.741Z] at Object.context (/home/ubuntu/senec-design/node_modules/.pnpm/esbuild@0.25.12/node_modules/esbuild/lib/main.js:2035:27)
[2026-02-06T15:59:37.741Z] at Object.context (/home/ubuntu/senec-design/node_modules/.pnpm/esbuild@0.25.12/node_modules/esbuild/lib/main.js:1877:58)
[2026-02-06T15:59:37.741Z] at prepareEsbuildScanner (file:///home/ubuntu/senec-design/node_modules/.pnpm/vite@6.4.1_@types+node@25.2.0_jiti@1.21.7_yaml@2.8.2/node_modules/vite/dist/node/chunks/dep-D4NMHUTW.js:14266:24)
[2026-02-06T15:59:37.742Z] 
[2026-02-06T15:59:37.742Z] The plugin "vite:dep-scan" was triggered by this import
[2026-02-06T15:59:37.742Z] 
[2026-02-06T15:59:37.743Z] <stdin>:69:7:
[2026-02-06T15:59:37.743Z] [37m      69 │ import [32m"/home/ubuntu/senec-design/src/pages/standorte/grimma.astro"[37m
[2026-02-06T15:59:37.743Z] ╵        [32m~~~~~~~~~~~~~~~~~~~~~~~~~~~~~~~~~~~~~~~~~~~~~~~~~~~~~~~~~~~~[0m
[2026-02-06T15:59:37.744Z] 
[2026-02-06T15:59:37.744Z] 
[2026-02-06T15:59:37.744Z] [31m✘ [41;31m[[41;97mERROR[41;31m][0m [1mThe server is being restarted or closed. Request is outdated[0m [1m[35m[plugin vite:dep-scan][0m
[2026-02-06T15:59:37.745Z] 
[2026-02-06T15:59:37.745Z] node_modules/.pnpm/esbuild@0.25.12/node_modules/esbuild/lib/main.js:1217:27:
[2026-02-06T15:59:37.745Z] [37m      1217 │         let result = await [32m[37mcallback({
[2026-02-06T15:59:37.746Z] ╵                            [32m^[0m
[2026-02-06T15:59:37.746Z] 
[2026-02-06T15:59:37.746Z] at throwClosedServerError (file:///home/ubuntu/senec-design/node_modules/.pnpm/vite@6.4.1_@types+node@25.2.0_jiti@1.21.7_yaml@2.8.2/node_modules/vite/dist/node/chunks/dep-D4NMHUTW.js:42055:15)
[2026-02-06T15:59:37.747Z] at EnvironmentPluginContainer.resolveId (file:///home/ubuntu/senec-design/node_modules/.pnpm/vite@6.4.1_@types+node@25.2.0_jiti@1.21.7_yaml@2.8.2/node_modules/vite/dist/node/chunks/dep-D4NMHUTW.js:42234:9)
[2026-02-06T15:59:37.747Z] at resolveId (file:///home/ubuntu/senec-design/node_modules/.pnpm/vite@6.4.1_@types+node@25.2.0_jiti@1.21.7_yaml@2.8.2/node_modules/vite/dist/node/chunks/dep-D4NMHUTW.js:14314:40)
[2026-02-06T15:59:37.748Z] at resolve (file:///home/ubuntu/senec-design/node_modules/.pnpm/vite@6.4.1_@types+node@25.2.0_jiti@1.21.7_yaml@2.8.2/node_modules/vite/dist/node/chunks/dep-D4NMHUTW.js:14325:28)
[2026-02-06T15:59:37.748Z] at file:///home/ubuntu/senec-design/node_modules/.pnpm/vite@6.4.1_@types+node@25.2.0_jiti@1.21.7_yaml@2.8.2/node_modules/vite/dist/node/chunks/dep-D4NMHUTW.js:14380:32
[2026-02-06T15:59:37.749Z] at requestCallbacks.on-resolve (/home/ubuntu/senec-design/node_modules/.pnpm/esbuild@0.25.12/node_modules/esbuild/lib/main.js:1217:28)
[2026-02-06T15:59:37.749Z] at handleRequest (/home/ubuntu/senec-design/node_modules/.pnpm/esbuild@0.25.12/node_modules/esbuild/lib/main.js:628:17)
[2026-02-06T15:59:37.750Z] at handleIncomingPacket (/home/ubuntu/senec-design/node_modules/.pnpm/esbuild@0.25.12/node_modules/esbuild/lib/main.js:653:7)
[2026-02-06T15:59:37.750Z] at Socket.readFromStdout (/home/ubuntu/senec-design/node_modules/.pnpm/esbuild@0.25.12/node_modules/esbuild/lib/main.js:581:7)
[2026-02-06T15:59:37.751Z] at Socket.emit (node:events:524:28)
[2026-02-06T15:59:37.751Z] 
[2026-02-06T15:59:37.751Z] This error came from the "onResolve" callback registered here:
[2026-02-06T15:59:37.752Z] 
[2026-02-06T15:59:37.752Z] node_modules/.pnpm/esbuild@0.25.12/node_modules/esbuild/lib/main.js:1141:20:
[2026-02-06T15:59:37.752Z] [37m      1141 │       let promise = [32m[37msetup({
[2026-02-06T15:59:37.753Z] ╵                     [32m^[0m
[2026-02-06T15:59:37.753Z] 
[2026-02-06T15:59:37.753Z] at setup (file:///home/ubuntu/senec-design/node_modules/.pnpm/vite@6.4.1_@types+node@25.2.0_jiti@1.21.7_yaml@2.8.2/node_modules/vite/dist/node/chunks/dep-D4NMHUTW.js:14379:13)
[2026-02-06T15:59:37.753Z] at handlePlugins (/home/ubuntu/senec-design/node_modules/.pnpm/esbuild@0.25.12/node_modules/esbuild/lib/main.js:1141:21)
[2026-02-06T15:59:37.754Z] at buildOrContextImpl (/home/ubuntu/senec-design/node_modules/.pnpm/esbuild@0.25.12/node_modules/esbuild/lib/main.js:854:5)
[2026-02-06T15:59:37.754Z] at Object.buildOrContext (/home/ubuntu/senec-design/node_modules/.pnpm/esbuild@0.25.12/node_modules/esbuild/lib/main.js:680:5)
[2026-02-06T15:59:37.754Z] at /home/ubuntu/senec-design/node_modules/.pnpm/esbuild@0.25.12/node_modules/esbuild/lib/main.js:2035:68
[2026-02-06T15:59:37.755Z] at new Promise (<anonymous>)
[2026-02-06T15:59:37.755Z] at Object.context (/home/ubuntu/senec-design/node_modules/.pnpm/esbuild@0.25.12/node_modules/esbuild/lib/main.js:2035:27)
[2026-02-06T15:59:37.755Z] at Object.context (/home/ubuntu/senec-design/node_modules/.pnpm/esbuild@0.25.12/node_modules/esbuild/lib/main.js:1877:58)
[2026-02-06T15:59:37.755Z] at prepareEsbuildScanner (file:///home/ubuntu/senec-design/node_modules/.pnpm/vite@6.4.1_@types+node@25.2.0_jiti@1.21.7_yaml@2.8.2/node_modules/vite/dist/node/chunks/dep-D4NMHUTW.js:14266:24)
[2026-02-06T15:59:37.756Z] 
[2026-02-06T15:59:37.756Z] The plugin "vite:dep-scan" was triggered by this import
[2026-02-06T15:59:37.756Z] 
[2026-02-06T15:59:37.757Z] <stdin>:70:7:
[2026-02-06T15:59:37.757Z] [37m      70 │ import [32m"/home/ubuntu/senec-design/src/pages/standorte/halle.astro"[37m
[2026-02-06T15:59:37.757Z] ╵        [32m~~~~~~~~~~~~~~~~~~~~~~~~~~~~~~~~~~~~~~~~~~~~~~~~~~~~~~~~~~~[0m
[2026-02-06T15:59:37.757Z] 
[2026-02-06T15:59:37.758Z] 
[2026-02-06T15:59:37.758Z] [31m✘ [41;31m[[41;97mERROR[41;31m][0m [1mThe server is being restarted or closed. Request is outdated[0m [1m[35m[plugin vite:dep-scan][0m
[2026-02-06T15:59:37.758Z] 
[2026-02-06T15:59:37.758Z] node_modules/.pnpm/esbuild@0.25.12/node_modules/esbuild/lib/main.js:1217:27:
[2026-02-06T15:59:37.759Z] [37m      1217 │         let result = await [32m[37mcallback({
[2026-02-06T15:59:37.759Z] ╵                            [32m^[0m
[2026-02-06T15:59:37.759Z] 
[2026-02-06T15:59:37.760Z] at throwClosedServerError (file:///home/ubuntu/senec-design/node_modules/.pnpm/vite@6.4.1_@types+node@25.2.0_jiti@1.21.7_yaml@2.8.2/node_modules/vite/dist/node/chunks/dep-D4NMHUTW.js:42055:15)
[2026-02-06T15:59:37.760Z] at EnvironmentPluginContainer.resolveId (file:///home/ubuntu/senec-design/node_modules/.pnpm/vite@6.4.1_@types+node@25.2.0_jiti@1.21.7_yaml@2.8.2/node_modules/vite/dist/node/chunks/dep-D4NMHUTW.js:42234:9)
[2026-02-06T15:59:37.760Z] at resolveId (file:///home/ubuntu/senec-design/node_modules/.pnpm/vite@6.4.1_@types+node@25.2.0_jiti@1.21.7_yaml@2.8.2/node_modules/vite/dist/node/chunks/dep-D4NMHUTW.js:14314:40)
[2026-02-06T15:59:37.760Z] at resolve (file:///home/ubuntu/senec-design/node_modules/.pnpm/vite@6.4.1_@types+node@25.2.0_jiti@1.21.7_yaml@2.8.2/node_modules/vite/dist/node/chunks/dep-D4NMHUTW.js:14325:28)
[2026-02-06T15:59:37.762Z] at file:///home/ubuntu/senec-design/node_modules/.pnpm/vite@6.4.1_@types+node@25.2.0_jiti@1.21.7_yaml@2.8.2/node_modules/vite/dist/node/chunks/dep-D4NMHUTW.js:14380:32
[2026-02-06T15:59:37.762Z] at requestCallbacks.on-resolve (/home/ubuntu/senec-design/node_modules/.pnpm/esbuild@0.25.12/node_modules/esbuild/lib/main.js:1217:28)
[2026-02-06T15:59:37.763Z] at handleRequest (/home/ubuntu/senec-design/node_modules/.pnpm/esbuild@0.25.12/node_modules/esbuild/lib/main.js:628:17)
[2026-02-06T15:59:37.763Z] at handleIncomingPacket (/home/ubuntu/senec-design/node_modules/.pnpm/esbuild@0.25.12/node_modules/esbuild/lib/main.js:653:7)
[2026-02-06T15:59:37.763Z] at Socket.readFromStdout (/home/ubuntu/senec-design/node_modules/.pnpm/esbuild@0.25.12/node_modules/esbuild/lib/main.js:581:7)
[2026-02-06T15:59:37.764Z] at Socket.emit (node:events:524:28)
[2026-02-06T15:59:37.764Z] 
[2026-02-06T15:59:37.764Z] This error came from the "onResolve" callback registered here:
[2026-02-06T15:59:37.764Z] 
[2026-02-06T15:59:37.765Z] node_modules/.pnpm/esbuild@0.25.12/node_modules/esbuild/lib/main.js:1141:20:
[2026-02-06T15:59:37.765Z] [37m      1141 │       let promise = [32m[37msetup({
[2026-02-06T15:59:37.765Z] ╵                     [32m^[0m
[2026-02-06T15:59:37.766Z] 
[2026-02-06T15:59:37.766Z] at setup (file:///home/ubuntu/senec-design/node_modules/.pnpm/vite@6.4.1_@types+node@25.2.0_jiti@1.21.7_yaml@2.8.2/node_modules/vite/dist/node/chunks/dep-D4NMHUTW.js:14379:13)
[2026-02-06T15:59:37.766Z] at handlePlugins (/home/ubuntu/senec-design/node_modules/.pnpm/esbuild@0.25.12/node_modules/esbuild/lib/main.js:1141:21)
[2026-02-06T15:59:37.767Z] at buildOrContextImpl (/home/ubuntu/senec-design/node_modules/.pnpm/esbuild@0.25.12/node_modules/esbuild/lib/main.js:854:5)
[2026-02-06T15:59:37.767Z] at Object.buildOrContext (/home/ubuntu/senec-design/node_modules/.pnpm/esbuild@0.25.12/node_modules/esbuild/lib/main.js:680:5)
[2026-02-06T15:59:37.767Z] at /home/ubuntu/senec-design/node_modules/.pnpm/esbuild@0.25.12/node_modules/esbuild/lib/main.js:2035:68
[2026-02-06T15:59:37.768Z] at new Promise (<anonymous>)
[2026-02-06T15:59:37.768Z] at Object.context (/home/ubuntu/senec-design/node_modules/.pnpm/esbuild@0.25.12/node_modules/esbuild/lib/main.js:2035:27)
[2026-02-06T15:59:37.768Z] at Object.context (/home/ubuntu/senec-design/node_modules/.pnpm/esbuild@0.25.12/node_modules/esbuild/lib/main.js:1877:58)
[2026-02-06T15:59:37.768Z] at prepareEsbuildScanner (file:///home/ubuntu/senec-design/node_modules/.pnpm/vite@6.4.1_@types+node@25.2.0_jiti@1.21.7_yaml@2.8.2/node_modules/vite/dist/node/chunks/dep-D4NMHUTW.js:14266:24)
[2026-02-06T15:59:37.769Z] 
[2026-02-06T15:59:37.769Z] The plugin "vite:dep-scan" was triggered by this import
[2026-02-06T15:59:37.769Z] 
[2026-02-06T15:59:37.770Z] <stdin>:71:7:
[2026-02-06T15:59:37.770Z] [37m      71 │ import [32m"/home/ubuntu/senec-design/src/pages/standorte/leipzig.astro"[37m
[2026-02-06T15:59:37.770Z] ╵        [32m~~~~~~~~~~~~~~~~~~~~~~~~~~~~~~~~~~~~~~~~~~~~~~~~~~~~~~~~~~~~~[0m
[2026-02-06T15:59:37.770Z] 
[2026-02-06T15:59:37.771Z] 
[2026-02-06T15:59:37.771Z] [31m✘ [41;31m[[41;97mERROR[41;31m][0m [1mThe server is being restarted or closed. Request is outdated[0m [1m[35m[plugin vite:dep-scan][0m
[2026-02-06T15:59:37.771Z] 
[2026-02-06T15:59:37.772Z] node_modules/.pnpm/esbuild@0.25.12/node_modules/esbuild/lib/main.js:1217:27:
[2026-02-06T15:59:37.772Z] [37m      1217 │         let result = await [32m[37mcallback({
[2026-02-06T15:59:37.772Z] ╵                            [32m^[0m
[2026-02-06T15:59:37.773Z] 
[2026-02-06T15:59:37.773Z] at throwClosedServerError (file:///home/ubuntu/senec-design/node_modules/.pnpm/vite@6.4.1_@types+node@25.2.0_jiti@1.21.7_yaml@2.8.2/node_modules/vite/dist/node/chunks/dep-D4NMHUTW.js:42055:15)
[2026-02-06T15:59:37.773Z] at EnvironmentPluginContainer.resolveId (file:///home/ubuntu/senec-design/node_modules/.pnpm/vite@6.4.1_@types+node@25.2.0_jiti@1.21.7_yaml@2.8.2/node_modules/vite/dist/node/chunks/dep-D4NMHUTW.js:42234:9)
[2026-02-06T15:59:37.774Z] at resolveId (file:///home/ubuntu/senec-design/node_modules/.pnpm/vite@6.4.1_@types+node@25.2.0_jiti@1.21.7_yaml@2.8.2/node_modules/vite/dist/node/chunks/dep-D4NMHUTW.js:14314:40)
[2026-02-06T15:59:37.774Z] at resolve (file:///home/ubuntu/senec-design/node_modules/.pnpm/vite@6.4.1_@types+node@25.2.0_jiti@1.21.7_yaml@2.8.2/node_modules/vite/dist/node/chunks/dep-D4NMHUTW.js:14325:28)
[2026-02-06T15:59:37.774Z] at file:///home/ubuntu/senec-design/node_modules/.pnpm/vite@6.4.1_@types+node@25.2.0_jiti@1.21.7_yaml@2.8.2/node_modules/vite/dist/node/chunks/dep-D4NMHUTW.js:14380:32
[2026-02-06T15:59:37.775Z] at requestCallbacks.on-resolve (/home/ubuntu/senec-design/node_modules/.pnpm/esbuild@0.25.12/node_modules/esbuild/lib/main.js:1217:28)
[2026-02-06T15:59:37.775Z] at handleRequest (/home/ubuntu/senec-design/node_modules/.pnpm/esbuild@0.25.12/node_modules/esbuild/lib/main.js:628:17)
[2026-02-06T15:59:37.775Z] at handleIncomingPacket (/home/ubuntu/senec-design/node_modules/.pnpm/esbuild@0.25.12/node_modules/esbuild/lib/main.js:653:7)
[2026-02-06T15:59:37.775Z] at Socket.readFromStdout (/home/ubuntu/senec-design/node_modules/.pnpm/esbuild@0.25.12/node_modules/esbuild/lib/main.js:581:7)
[2026-02-06T15:59:37.776Z] at Socket.emit (node:events:524:28)
[2026-02-06T15:59:37.776Z] 
[2026-02-06T15:59:37.776Z] This error came from the "onResolve" callback registered here:
[2026-02-06T15:59:37.777Z] 
[2026-02-06T15:59:37.777Z] node_modules/.pnpm/esbuild@0.25.12/node_modules/esbuild/lib/main.js:1141:20:
[2026-02-06T15:59:37.777Z] [37m      1141 │       let promise = [32m[37msetup({
[2026-02-06T15:59:37.778Z] ╵                     [32m^[0m
[2026-02-06T15:59:37.778Z] 
[2026-02-06T15:59:37.778Z] at setup (file:///home/ubuntu/senec-design/node_modules/.pnpm/vite@6.4.1_@types+node@25.2.0_jiti@1.21.7_yaml@2.8.2/node_modules/vite/dist/node/chunks/dep-D4NMHUTW.js:14379:13)
[2026-02-06T15:59:37.779Z] at handlePlugins (/home/ubuntu/senec-design/node_modules/.pnpm/esbuild@0.25.12/node_modules/esbuild/lib/main.js:1141:21)
[2026-02-06T15:59:37.779Z] at buildOrContextImpl (/home/ubuntu/senec-design/node_modules/.pnpm/esbuild@0.25.12/node_modules/esbuild/lib/main.js:854:5)
[2026-02-06T15:59:37.779Z] at Object.buildOrContext (/home/ubuntu/senec-design/node_modules/.pnpm/esbuild@0.25.12/node_modules/esbuild/lib/main.js:680:5)
[2026-02-06T15:59:37.779Z] at /home/ubuntu/senec-design/node_modules/.pnpm/esbuild@0.25.12/node_modules/esbuild/lib/main.js:2035:68
[2026-02-06T15:59:37.780Z] at new Promise (<anonymous>)
[2026-02-06T15:59:37.780Z] at Object.context (/home/ubuntu/senec-design/node_modules/.pnpm/esbuild@0.25.12/node_modules/esbuild/lib/main.js:2035:27)
[2026-02-06T15:59:37.780Z] at Object.context (/home/ubuntu/senec-design/node_modules/.pnpm/esbuild@0.25.12/node_modules/esbuild/lib/main.js:1877:58)
[2026-02-06T15:59:37.781Z] at prepareEsbuildScanner (file:///home/ubuntu/senec-design/node_modules/.pnpm/vite@6.4.1_@types+node@25.2.0_jiti@1.21.7_yaml@2.8.2/node_modules/vite/dist/node/chunks/dep-D4NMHUTW.js:14266:24)
[2026-02-06T15:59:37.781Z] 
[2026-02-06T15:59:37.781Z] The plugin "vite:dep-scan" was triggered by this import
[2026-02-06T15:59:37.781Z] 
[2026-02-06T15:59:37.782Z] <stdin>:72:7:
[2026-02-06T15:59:37.782Z] [37m      72 │ import [32m"/home/ubuntu/senec-design/src/pages/standorte/magdeburg.as[37m...
[2026-02-06T15:59:37.782Z] ╵        [32m~~~~~~~~~~~~~~~~~~~~~~~~~~~~~~~~~~~~~~~~~~~~~~~~~~~~~~~~~~~[0m
[2026-02-06T15:59:37.783Z] 
[2026-02-06T15:59:37.783Z] 
[2026-02-06T15:59:37.783Z] [31m✘ [41;31m[[41;97mERROR[41;31m][0m [1mThe server is being restarted or closed. Request is outdated[0m [1m[35m[plugin vite:dep-scan][0m
[2026-02-06T15:59:37.784Z] 
[2026-02-06T15:59:37.784Z] node_modules/.pnpm/esbuild@0.25.12/node_modules/esbuild/lib/main.js:1217:27:
[2026-02-06T15:59:37.784Z] [37m      1217 │         let result = await [32m[37mcallback({
[2026-02-06T15:59:37.785Z] ╵                            [32m^[0m
[2026-02-06T15:59:37.785Z] 
[2026-02-06T15:59:37.785Z] at throwClosedServerError (file:///home/ubuntu/senec-design/node_modules/.pnpm/vite@6.4.1_@types+node@25.2.0_jiti@1.21.7_yaml@2.8.2/node_modules/vite/dist/node/chunks/dep-D4NMHUTW.js:42055:15)
[2026-02-06T15:59:37.786Z] at EnvironmentPluginContainer.resolveId (file:///home/ubuntu/senec-design/node_modules/.pnpm/vite@6.4.1_@types+node@25.2.0_jiti@1.21.7_yaml@2.8.2/node_modules/vite/dist/node/chunks/dep-D4NMHUTW.js:42234:9)
[2026-02-06T15:59:37.786Z] at resolveId (file:///home/ubuntu/senec-design/node_modules/.pnpm/vite@6.4.1_@types+node@25.2.0_jiti@1.21.7_yaml@2.8.2/node_modules/vite/dist/node/chunks/dep-D4NMHUTW.js:14314:40)
[2026-02-06T15:59:37.786Z] at resolve (file:///home/ubuntu/senec-design/node_modules/.pnpm/vite@6.4.1_@types+node@25.2.0_jiti@1.21.7_yaml@2.8.2/node_modules/vite/dist/node/chunks/dep-D4NMHUTW.js:14325:28)
[2026-02-06T15:59:37.787Z] at file:///home/ubuntu/senec-design/node_modules/.pnpm/vite@6.4.1_@types+node@25.2.0_jiti@1.21.7_yaml@2.8.2/node_modules/vite/dist/node/chunks/dep-D4NMHUTW.js:14380:32
[2026-02-06T15:59:37.787Z] at requestCallbacks.on-resolve (/home/ubuntu/senec-design/node_modules/.pnpm/esbuild@0.25.12/node_modules/esbuild/lib/main.js:1217:28)
[2026-02-06T15:59:37.787Z] at handleRequest (/home/ubuntu/senec-design/node_modules/.pnpm/esbuild@0.25.12/node_modules/esbuild/lib/main.js:628:17)
[2026-02-06T15:59:37.787Z] at handleIncomingPacket (/home/ubuntu/senec-design/node_modules/.pnpm/esbuild@0.25.12/node_modules/esbuild/lib/main.js:653:7)
[2026-02-06T15:59:37.788Z] at Socket.readFromStdout (/home/ubuntu/senec-design/node_modules/.pnpm/esbuild@0.25.12/node_modules/esbuild/lib/main.js:581:7)
[2026-02-06T15:59:37.788Z] at Socket.emit (node:events:524:28)
[2026-02-06T15:59:37.788Z] 
[2026-02-06T15:59:37.789Z] This error came from the "onResolve" callback registered here:
[2026-02-06T15:59:37.789Z] 
[2026-02-06T15:59:37.789Z] node_modules/.pnpm/esbuild@0.25.12/node_modules/esbuild/lib/main.js:1141:20:
[2026-02-06T15:59:37.790Z] [37m      1141 │       let promise = [32m[37msetup({
[2026-02-06T15:59:37.790Z] ╵                     [32m^[0m
[2026-02-06T15:59:37.790Z] 
[2026-02-06T15:59:37.790Z] at setup (file:///home/ubuntu/senec-design/node_modules/.pnpm/vite@6.4.1_@types+node@25.2.0_jiti@1.21.7_yaml@2.8.2/node_modules/vite/dist/node/chunks/dep-D4NMHUTW.js:14379:13)
[2026-02-06T15:59:37.791Z] at handlePlugins (/home/ubuntu/senec-design/node_modules/.pnpm/esbuild@0.25.12/node_modules/esbuild/lib/main.js:1141:21)
[2026-02-06T15:59:37.791Z] at buildOrContextImpl (/home/ubuntu/senec-design/node_modules/.pnpm/esbuild@0.25.12/node_modules/esbuild/lib/main.js:854:5)
[2026-02-06T15:59:37.791Z] at Object.buildOrContext (/home/ubuntu/senec-design/node_modules/.pnpm/esbuild@0.25.12/node_modules/esbuild/lib/main.js:680:5)
[2026-02-06T15:59:37.792Z] at /home/ubuntu/senec-design/node_modules/.pnpm/esbuild@0.25.12/node_modules/esbuild/lib/main.js:2035:68
[2026-02-06T15:59:37.792Z] at new Promise (<anonymous>)
[2026-02-06T15:59:37.792Z] at Object.context (/home/ubuntu/senec-design/node_modules/.pnpm/esbuild@0.25.12/node_modules/esbuild/lib/main.js:2035:27)
[2026-02-06T15:59:37.793Z] at Object.context (/home/ubuntu/senec-design/node_modules/.pnpm/esbuild@0.25.12/node_modules/esbuild/lib/main.js:1877:58)
[2026-02-06T15:59:37.793Z] at prepareEsbuildScanner (file:///home/ubuntu/senec-design/node_modules/.pnpm/vite@6.4.1_@types+node@25.2.0_jiti@1.21.7_yaml@2.8.2/node_modules/vite/dist/node/chunks/dep-D4NMHUTW.js:14266:24)
[2026-02-06T15:59:37.793Z] 
[2026-02-06T15:59:37.794Z] The plugin "vite:dep-scan" was triggered by this import
[2026-02-06T15:59:37.794Z] 
[2026-02-06T15:59:37.794Z] <stdin>:73:7:
[2026-02-06T15:59:37.794Z] [37m      73 │ import [32m"/home/ubuntu/senec-design/src/pages/standorte/naumburg.astro"[37m
[2026-02-06T15:59:37.795Z] ╵        [32m~~~~~~~~~~~~~~~~~~~~~~~~~~~~~~~~~~~~~~~~~~~~~~~~~~~~~~~~~~~~~~[0m
[2026-02-06T15:59:37.795Z] 
[2026-02-06T15:59:37.795Z] 
[2026-02-06T15:59:37.796Z] [31m✘ [41;31m[[41;97mERROR[41;31m][0m [1mThe server is being restarted or closed. Request is outdated[0m [1m[35m[plugin vite:dep-scan][0m
[2026-02-06T15:59:37.796Z] 
[2026-02-06T15:59:37.797Z] node_modules/.pnpm/esbuild@0.25.12/node_modules/esbuild/lib/main.js:1217:27:
[2026-02-06T15:59:37.797Z] [37m      1217 │         let result = await [32m[37mcallback({
[2026-02-06T15:59:37.797Z] ╵                            [32m^[0m
[2026-02-06T15:59:37.798Z] 
[2026-02-06T15:59:37.798Z] at throwClosedServerError (file:///home/ubuntu/senec-design/node_modules/.pnpm/vite@6.4.1_@types+node@25.2.0_jiti@1.21.7_yaml@2.8.2/node_modules/vite/dist/node/chunks/dep-D4NMHUTW.js:42055:15)
[2026-02-06T15:59:37.798Z] at EnvironmentPluginContainer.resolveId (file:///home/ubuntu/senec-design/node_modules/.pnpm/vite@6.4.1_@types+node@25.2.0_jiti@1.21.7_yaml@2.8.2/node_modules/vite/dist/node/chunks/dep-D4NMHUTW.js:42234:9)
[2026-02-06T15:59:37.798Z] at resolveId (file:///home/ubuntu/senec-design/node_modules/.pnpm/vite@6.4.1_@types+node@25.2.0_jiti@1.21.7_yaml@2.8.2/node_modules/vite/dist/node/chunks/dep-D4NMHUTW.js:14314:40)
[2026-02-06T15:59:37.799Z] at resolve (file:///home/ubuntu/senec-design/node_modules/.pnpm/vite@6.4.1_@types+node@25.2.0_jiti@1.21.7_yaml@2.8.2/node_modules/vite/dist/node/chunks/dep-D4NMHUTW.js:14325:28)
[2026-02-06T15:59:37.799Z] at file:///home/ubuntu/senec-design/node_modules/.pnpm/vite@6.4.1_@types+node@25.2.0_jiti@1.21.7_yaml@2.8.2/node_modules/vite/dist/node/chunks/dep-D4NMHUTW.js:14380:32
[2026-02-06T15:59:37.799Z] at requestCallbacks.on-resolve (/home/ubuntu/senec-design/node_modules/.pnpm/esbuild@0.25.12/node_modules/esbuild/lib/main.js:1217:28)
[2026-02-06T15:59:37.800Z] at handleRequest (/home/ubuntu/senec-design/node_modules/.pnpm/esbuild@0.25.12/node_modules/esbuild/lib/main.js:628:17)
[2026-02-06T15:59:37.800Z] at handleIncomingPacket (/home/ubuntu/senec-design/node_modules/.pnpm/esbuild@0.25.12/node_modules/esbuild/lib/main.js:653:7)
[2026-02-06T15:59:37.800Z] at Socket.readFromStdout (/home/ubuntu/senec-design/node_modules/.pnpm/esbuild@0.25.12/node_modules/esbuild/lib/main.js:581:7)
[2026-02-06T15:59:37.800Z] at Socket.emit (node:events:524:28)
[2026-02-06T15:59:37.801Z] 
[2026-02-06T15:59:37.801Z] This error came from the "onResolve" callback registered here:
[2026-02-06T15:59:37.801Z] 
[2026-02-06T15:59:37.801Z] node_modules/.pnpm/esbuild@0.25.12/node_modules/esbuild/lib/main.js:1141:20:
[2026-02-06T15:59:37.802Z] [37m      1141 │       let promise = [32m[37msetup({
[2026-02-06T15:59:37.802Z] ╵                     [32m^[0m
[2026-02-06T15:59:37.802Z] 
[2026-02-06T15:59:37.803Z] at setup (file:///home/ubuntu/senec-design/node_modules/.pnpm/vite@6.4.1_@types+node@25.2.0_jiti@1.21.7_yaml@2.8.2/node_modules/vite/dist/node/chunks/dep-D4NMHUTW.js:14379:13)
[2026-02-06T15:59:37.803Z] at handlePlugins (/home/ubuntu/senec-design/node_modules/.pnpm/esbuild@0.25.12/node_modules/esbuild/lib/main.js:1141:21)
[2026-02-06T15:59:37.803Z] at buildOrContextImpl (/home/ubuntu/senec-design/node_modules/.pnpm/esbuild@0.25.12/node_modules/esbuild/lib/main.js:854:5)
[2026-02-06T15:59:37.804Z] at Object.buildOrContext (/home/ubuntu/senec-design/node_modules/.pnpm/esbuild@0.25.12/node_modules/esbuild/lib/main.js:680:5)
[2026-02-06T15:59:37.804Z] at /home/ubuntu/senec-design/node_modules/.pnpm/esbuild@0.25.12/node_modules/esbuild/lib/main.js:2035:68
[2026-02-06T15:59:37.805Z] at new Promise (<anonymous>)
[2026-02-06T15:59:37.805Z] at Object.context (/home/ubuntu/senec-design/node_modules/.pnpm/esbuild@0.25.12/node_modules/esbuild/lib/main.js:2035:27)
[2026-02-06T15:59:37.805Z] at Object.context (/home/ubuntu/senec-design/node_modules/.pnpm/esbuild@0.25.12/node_modules/esbuild/lib/main.js:1877:58)
[2026-02-06T15:59:37.805Z] at prepareEsbuildScanner (file:///home/ubuntu/senec-design/node_modules/.pnpm/vite@6.4.1_@types+node@25.2.0_jiti@1.21.7_yaml@2.8.2/node_modules/vite/dist/node/chunks/dep-D4NMHUTW.js:14266:24)
[2026-02-06T15:59:37.806Z] 
[2026-02-06T15:59:37.806Z] The plugin "vite:dep-scan" was triggered by this import
[2026-02-06T15:59:37.806Z] 
[2026-02-06T15:59:37.807Z] <stdin>:74:7:
[2026-02-06T15:59:37.807Z] [37m      74 │ import [32m"/home/ubuntu/senec-design/src/pages/standorte/nordsachsen.[37m...
[2026-02-06T15:59:37.808Z] ╵        [32m~~~~~~~~~~~~~~~~~~~~~~~~~~~~~~~~~~~~~~~~~~~~~~~~~~~~~~~~~~~[0m
[2026-02-06T15:59:37.808Z] 
[2026-02-06T15:59:37.808Z] 
[2026-02-06T15:59:37.808Z] [31m✘ [41;31m[[41;97mERROR[41;31m][0m [1mThe server is being restarted or closed. Request is outdated[0m [1m[35m[plugin vite:dep-scan][0m
[2026-02-06T15:59:37.809Z] 
[2026-02-06T15:59:37.809Z] node_modules/.pnpm/esbuild@0.25.12/node_modules/esbuild/lib/main.js:1217:27:
[2026-02-06T15:59:37.809Z] [37m      1217 │         let result = await [32m[37mcallback({
[2026-02-06T15:59:37.810Z] ╵                            [32m^[0m
[2026-02-06T15:59:37.810Z] 
[2026-02-06T15:59:37.810Z] at throwClosedServerError (file:///home/ubuntu/senec-design/node_modules/.pnpm/vite@6.4.1_@types+node@25.2.0_jiti@1.21.7_yaml@2.8.2/node_modules/vite/dist/node/chunks/dep-D4NMHUTW.js:42055:15)
[2026-02-06T15:59:37.810Z] at EnvironmentPluginContainer.resolveId (file:///home/ubuntu/senec-design/node_modules/.pnpm/vite@6.4.1_@types+node@25.2.0_jiti@1.21.7_yaml@2.8.2/node_modules/vite/dist/node/chunks/dep-D4NMHUTW.js:42234:9)
[2026-02-06T15:59:37.811Z] at resolveId (file:///home/ubuntu/senec-design/node_modules/.pnpm/vite@6.4.1_@types+node@25.2.0_jiti@1.21.7_yaml@2.8.2/node_modules/vite/dist/node/chunks/dep-D4NMHUTW.js:14314:40)
[2026-02-06T15:59:37.811Z] at resolve (file:///home/ubuntu/senec-design/node_modules/.pnpm/vite@6.4.1_@types+node@25.2.0_jiti@1.21.7_yaml@2.8.2/node_modules/vite/dist/node/chunks/dep-D4NMHUTW.js:14325:28)
[2026-02-06T15:59:37.811Z] at file:///home/ubuntu/senec-design/node_modules/.pnpm/vite@6.4.1_@types+node@25.2.0_jiti@1.21.7_yaml@2.8.2/node_modules/vite/dist/node/chunks/dep-D4NMHUTW.js:14380:32
[2026-02-06T15:59:37.812Z] at requestCallbacks.on-resolve (/home/ubuntu/senec-design/node_modules/.pnpm/esbuild@0.25.12/node_modules/esbuild/lib/main.js:1217:28)
[2026-02-06T15:59:37.812Z] at handleRequest (/home/ubuntu/senec-design/node_modules/.pnpm/esbuild@0.25.12/node_modules/esbuild/lib/main.js:628:17)
[2026-02-06T15:59:37.812Z] at handleIncomingPacket (/home/ubuntu/senec-design/node_modules/.pnpm/esbuild@0.25.12/node_modules/esbuild/lib/main.js:653:7)
[2026-02-06T15:59:37.812Z] at Socket.readFromStdout (/home/ubuntu/senec-design/node_modules/.pnpm/esbuild@0.25.12/node_modules/esbuild/lib/main.js:581:7)
[2026-02-06T15:59:37.813Z] at Socket.emit (node:events:524:28)
[2026-02-06T15:59:37.813Z] 
[2026-02-06T15:59:37.813Z] This error came from the "onResolve" callback registered here:
[2026-02-06T15:59:37.813Z] 
[2026-02-06T15:59:37.814Z] node_modules/.pnpm/esbuild@0.25.12/node_modules/esbuild/lib/main.js:1141:20:
[2026-02-06T15:59:37.814Z] [37m      1141 │       let promise = [32m[37msetup({
[2026-02-06T15:59:37.814Z] ╵                     [32m^[0m
[2026-02-06T15:59:37.815Z] 
[2026-02-06T15:59:37.815Z] at setup (file:///home/ubuntu/senec-design/node_modules/.pnpm/vite@6.4.1_@types+node@25.2.0_jiti@1.21.7_yaml@2.8.2/node_modules/vite/dist/node/chunks/dep-D4NMHUTW.js:14379:13)
[2026-02-06T15:59:37.815Z] at handlePlugins (/home/ubuntu/senec-design/node_modules/.pnpm/esbuild@0.25.12/node_modules/esbuild/lib/main.js:1141:21)
[2026-02-06T15:59:37.815Z] at buildOrContextImpl (/home/ubuntu/senec-design/node_modules/.pnpm/esbuild@0.25.12/node_modules/esbuild/lib/main.js:854:5)
[2026-02-06T15:59:37.816Z] at Object.buildOrContext (/home/ubuntu/senec-design/node_modules/.pnpm/esbuild@0.25.12/node_modules/esbuild/lib/main.js:680:5)
[2026-02-06T15:59:37.816Z] at /home/ubuntu/senec-design/node_modules/.pnpm/esbuild@0.25.12/node_modules/esbuild/lib/main.js:2035:68
[2026-02-06T15:59:37.816Z] at new Promise (<anonymous>)
[2026-02-06T15:59:37.816Z] at Object.context (/home/ubuntu/senec-design/node_modules/.pnpm/esbuild@0.25.12/node_modules/esbuild/lib/main.js:2035:27)
[2026-02-06T15:59:37.817Z] at Object.context (/home/ubuntu/senec-design/node_modules/.pnpm/esbuild@0.25.12/node_modules/esbuild/lib/main.js:1877:58)
[2026-02-06T15:59:37.817Z] at prepareEsbuildScanner (file:///home/ubuntu/senec-design/node_modules/.pnpm/vite@6.4.1_@types+node@25.2.0_jiti@1.21.7_yaml@2.8.2/node_modules/vite/dist/node/chunks/dep-D4NMHUTW.js:14266:24)
[2026-02-06T15:59:37.817Z] 
[2026-02-06T15:59:37.817Z] The plugin "vite:dep-scan" was triggered by this import
[2026-02-06T15:59:37.818Z] 
[2026-02-06T15:59:37.818Z] <stdin>:75:7:
[2026-02-06T15:59:37.818Z] [37m      75 │ import [32m"/home/ubuntu/senec-design/src/pages/standorte/photovoltaik[37m...
[2026-02-06T15:59:37.818Z] ╵        [32m~~~~~~~~~~~~~~~~~~~~~~~~~~~~~~~~~~~~~~~~~~~~~~~~~~~~~~~~~~~[0m
[2026-02-06T15:59:37.819Z] 
[2026-02-06T15:59:37.819Z] 
[2026-02-06T15:59:37.819Z] [31m✘ [41;31m[[41;97mERROR[41;31m][0m [1mThe server is being restarted or closed. Request is outdated[0m [1m[35m[plugin vite:dep-scan][0m
[2026-02-06T15:59:37.819Z] 
[2026-02-06T15:59:37.820Z] node_modules/.pnpm/esbuild@0.25.12/node_modules/esbuild/lib/main.js:1217:27:
[2026-02-06T15:59:37.820Z] [37m      1217 │         let result = await [32m[37mcallback({
[2026-02-06T15:59:37.820Z] ╵                            [32m^[0m
[2026-02-06T15:59:37.841Z] 
[2026-02-06T15:59:37.850Z] at throwClosedServerError (file:///home/ubuntu/senec-design/node_modules/.pnpm/vite@6.4.1_@types+node@25.2.0_jiti@1.21.7_yaml@2.8.2/node_modules/vite/dist/node/chunks/dep-D4NMHUTW.js:42055:15)
[2026-02-06T15:59:37.850Z] at EnvironmentPluginContainer.resolveId (file:///home/ubuntu/senec-design/node_modules/.pnpm/vite@6.4.1_@types+node@25.2.0_jiti@1.21.7_yaml@2.8.2/node_modules/vite/dist/node/chunks/dep-D4NMHUTW.js:42234:9)
[2026-02-06T15:59:37.851Z] at resolveId (file:///home/ubuntu/senec-design/node_modules/.pnpm/vite@6.4.1_@types+node@25.2.0_jiti@1.21.7_yaml@2.8.2/node_modules/vite/dist/node/chunks/dep-D4NMHUTW.js:14314:40)
[2026-02-06T15:59:37.851Z] at resolve (file:///home/ubuntu/senec-design/node_modules/.pnpm/vite@6.4.1_@types+node@25.2.0_jiti@1.21.7_yaml@2.8.2/node_modules/vite/dist/node/chunks/dep-D4NMHUTW.js:14325:28)
[2026-02-06T15:59:37.851Z] at file:///home/ubuntu/senec-design/node_modules/.pnpm/vite@6.4.1_@types+node@25.2.0_jiti@1.21.7_yaml@2.8.2/node_modules/vite/dist/node/chunks/dep-D4NMHUTW.js:14380:32
[2026-02-06T15:59:37.874Z] at requestCallbacks.on-resolve (/home/ubuntu/senec-design/node_modules/.pnpm/esbuild@0.25.12/node_modules/esbuild/lib/main.js:1217:28)
[2026-02-06T15:59:37.875Z] at handleRequest (/home/ubuntu/senec-design/node_modules/.pnpm/esbuild@0.25.12/node_modules/esbuild/lib/main.js:628:17)
[2026-02-06T15:59:37.875Z] at handleIncomingPacket (/home/ubuntu/senec-design/node_modules/.pnpm/esbuild@0.25.12/node_modules/esbuild/lib/main.js:653:7)
[2026-02-06T15:59:37.875Z] at Socket.readFromStdout (/home/ubuntu/senec-design/node_modules/.pnpm/esbuild@0.25.12/node_modules/esbuild/lib/main.js:581:7)
[2026-02-06T15:59:37.876Z] at Socket.emit (node:events:524:28)
[2026-02-06T15:59:37.876Z] 
[2026-02-06T15:59:37.876Z] This error came from the "onResolve" callback registered here:
[2026-02-06T15:59:37.876Z] 
[2026-02-06T15:59:37.877Z] node_modules/.pnpm/esbuild@0.25.12/node_modules/esbuild/lib/main.js:1141:20:
[2026-02-06T15:59:37.877Z] [37m      1141 │       let promise = [32m[37msetup({
[2026-02-06T15:59:37.877Z] ╵                     [32m^[0m
[2026-02-06T15:59:37.878Z] 
[2026-02-06T15:59:37.878Z] at setup (file:///home/ubuntu/senec-design/node_modules/.pnpm/vite@6.4.1_@types+node@25.2.0_jiti@1.21.7_yaml@2.8.2/node_modules/vite/dist/node/chunks/dep-D4NMHUTW.js:14379:13)
[2026-02-06T15:59:37.878Z] at handlePlugins (/home/ubuntu/senec-design/node_modules/.pnpm/esbuild@0.25.12/node_modules/esbuild/lib/main.js:1141:21)
[2026-02-06T15:59:37.878Z] at buildOrContextImpl (/home/ubuntu/senec-design/node_modules/.pnpm/esbuild@0.25.12/node_modules/esbuild/lib/main.js:854:5)
[2026-02-06T15:59:37.879Z] at Object.buildOrContext (/home/ubuntu/senec-design/node_modules/.pnpm/esbuild@0.25.12/node_modules/esbuild/lib/main.js:680:5)
[2026-02-06T15:59:37.879Z] at /home/ubuntu/senec-design/node_modules/.pnpm/esbuild@0.25.12/node_modules/esbuild/lib/main.js:2035:68
[2026-02-06T15:59:37.879Z] at new Promise (<anonymous>)
[2026-02-06T15:59:37.880Z] at Object.context (/home/ubuntu/senec-design/node_modules/.pnpm/esbuild@0.25.12/node_modules/esbuild/lib/main.js:2035:27)
[2026-02-06T15:59:37.880Z] at Object.context (/home/ubuntu/senec-design/node_modules/.pnpm/esbuild@0.25.12/node_modules/esbuild/lib/main.js:1877:58)
[2026-02-06T15:59:37.880Z] at prepareEsbuildScanner (file:///home/ubuntu/senec-design/node_modules/.pnpm/vite@6.4.1_@types+node@25.2.0_jiti@1.21.7_yaml@2.8.2/node_modules/vite/dist/node/chunks/dep-D4NMHUTW.js:14266:24)
[2026-02-06T15:59:37.880Z] 
[2026-02-06T15:59:37.881Z] The plugin "vite:dep-scan" was triggered by this import
[2026-02-06T15:59:37.881Z] 
[2026-02-06T15:59:37.881Z] <stdin>:76:7:
[2026-02-06T15:59:37.881Z] [37m      76 │ import [32m"/home/ubuntu/senec-design/src/pages/standorte/photovoltaik[37m...
[2026-02-06T15:59:37.882Z] ╵        [32m~~~~~~~~~~~~~~~~~~~~~~~~~~~~~~~~~~~~~~~~~~~~~~~~~~~~~~~~~~~[0m
[2026-02-06T15:59:37.882Z] 
[2026-02-06T15:59:37.882Z] 
[2026-02-06T15:59:37.882Z] [31m✘ [41;31m[[41;97mERROR[41;31m][0m [1mThe server is being restarted or closed. Request is outdated[0m [1m[35m[plugin vite:dep-scan][0m
[2026-02-06T15:59:37.883Z] 
[2026-02-06T15:59:37.883Z] node_modules/.pnpm/esbuild@0.25.12/node_modules/esbuild/lib/main.js:1217:27:
[2026-02-06T15:59:37.883Z] [37m      1217 │         let result = await [32m[37mcallback({
[2026-02-06T15:59:37.884Z] ╵                            [32m^[0m
[2026-02-06T15:59:37.884Z] 
[2026-02-06T15:59:37.884Z] at throwClosedServerError (file:///home/ubuntu/senec-design/node_modules/.pnpm/vite@6.4.1_@types+node@25.2.0_jiti@1.21.7_yaml@2.8.2/node_modules/vite/dist/node/chunks/dep-D4NMHUTW.js:42055:15)
[2026-02-06T15:59:37.884Z] at EnvironmentPluginContainer.resolveId (file:///home/ubuntu/senec-design/node_modules/.pnpm/vite@6.4.1_@types+node@25.2.0_jiti@1.21.7_yaml@2.8.2/node_modules/vite/dist/node/chunks/dep-D4NMHUTW.js:42234:9)
[2026-02-06T15:59:37.885Z] at resolveId (file:///home/ubuntu/senec-design/node_modules/.pnpm/vite@6.4.1_@types+node@25.2.0_jiti@1.21.7_yaml@2.8.2/node_modules/vite/dist/node/chunks/dep-D4NMHUTW.js:14314:40)
[2026-02-06T15:59:37.885Z] at resolve (file:///home/ubuntu/senec-design/node_modules/.pnpm/vite@6.4.1_@types+node@25.2.0_jiti@1.21.7_yaml@2.8.2/node_modules/vite/dist/node/chunks/dep-D4NMHUTW.js:14325:28)
[2026-02-06T15:59:37.885Z] at file:///home/ubuntu/senec-design/node_modules/.pnpm/vite@6.4.1_@types+node@25.2.0_jiti@1.21.7_yaml@2.8.2/node_modules/vite/dist/node/chunks/dep-D4NMHUTW.js:14380:32
[2026-02-06T15:59:37.885Z] at requestCallbacks.on-resolve (/home/ubuntu/senec-design/node_modules/.pnpm/esbuild@0.25.12/node_modules/esbuild/lib/main.js:1217:28)
[2026-02-06T15:59:37.886Z] at handleRequest (/home/ubuntu/senec-design/node_modules/.pnpm/esbuild@0.25.12/node_modules/esbuild/lib/main.js:628:17)
[2026-02-06T15:59:37.886Z] at handleIncomingPacket (/home/ubuntu/senec-design/node_modules/.pnpm/esbuild@0.25.12/node_modules/esbuild/lib/main.js:653:7)
[2026-02-06T15:59:37.886Z] at Socket.readFromStdout (/home/ubuntu/senec-design/node_modules/.pnpm/esbuild@0.25.12/node_modules/esbuild/lib/main.js:581:7)
[2026-02-06T15:59:37.887Z] at Socket.emit (node:events:524:28)
[2026-02-06T15:59:37.887Z] 
[2026-02-06T15:59:37.887Z] This error came from the "onResolve" callback registered here:
[2026-02-06T15:59:37.887Z] 
[2026-02-06T15:59:37.888Z] node_modules/.pnpm/esbuild@0.25.12/node_modules/esbuild/lib/main.js:1141:20:
[2026-02-06T15:59:37.888Z] [37m      1141 │       let promise = [32m[37msetup({
[2026-02-06T15:59:37.888Z] ╵                     [32m^[0m
[2026-02-06T15:59:37.889Z] 
[2026-02-06T15:59:37.889Z] at setup (file:///home/ubuntu/senec-design/node_modules/.pnpm/vite@6.4.1_@types+node@25.2.0_jiti@1.21.7_yaml@2.8.2/node_modules/vite/dist/node/chunks/dep-D4NMHUTW.js:14379:13)
[2026-02-06T15:59:37.889Z] at handlePlugins (/home/ubuntu/senec-design/node_modules/.pnpm/esbuild@0.25.12/node_modules/esbuild/lib/main.js:1141:21)
[2026-02-06T15:59:37.889Z] at buildOrContextImpl (/home/ubuntu/senec-design/node_modules/.pnpm/esbuild@0.25.12/node_modules/esbuild/lib/main.js:854:5)
[2026-02-06T15:59:37.890Z] at Object.buildOrContext (/home/ubuntu/senec-design/node_modules/.pnpm/esbuild@0.25.12/node_modules/esbuild/lib/main.js:680:5)
[2026-02-06T15:59:37.890Z] at /home/ubuntu/senec-design/node_modules/.pnpm/esbuild@0.25.12/node_modules/esbuild/lib/main.js:2035:68
[2026-02-06T15:59:37.890Z] at new Promise (<anonymous>)
[2026-02-06T15:59:37.891Z] at Object.context (/home/ubuntu/senec-design/node_modules/.pnpm/esbuild@0.25.12/node_modules/esbuild/lib/main.js:2035:27)
[2026-02-06T15:59:37.891Z] at Object.context (/home/ubuntu/senec-design/node_modules/.pnpm/esbuild@0.25.12/node_modules/esbuild/lib/main.js:1877:58)
[2026-02-06T15:59:37.891Z] at prepareEsbuildScanner (file:///home/ubuntu/senec-design/node_modules/.pnpm/vite@6.4.1_@types+node@25.2.0_jiti@1.21.7_yaml@2.8.2/node_modules/vite/dist/node/chunks/dep-D4NMHUTW.js:14266:24)
[2026-02-06T15:59:37.891Z] 
[2026-02-06T15:59:37.892Z] The plugin "vite:dep-scan" was triggered by this import
[2026-02-06T15:59:37.892Z] 
[2026-02-06T15:59:37.892Z] <stdin>:77:7:
[2026-02-06T15:59:37.892Z] [37m      77 │ import [32m"/home/ubuntu/senec-design/src/pages/standorte/photovoltaik[37m...
[2026-02-06T15:59:37.893Z] ╵        [32m~~~~~~~~~~~~~~~~~~~~~~~~~~~~~~~~~~~~~~~~~~~~~~~~~~~~~~~~~~~[0m
[2026-02-06T15:59:37.893Z] 
[2026-02-06T15:59:37.893Z] 
[2026-02-06T15:59:37.894Z] [31m✘ [41;31m[[41;97mERROR[41;31m][0m [1mThe server is being restarted or closed. Request is outdated[0m [1m[35m[plugin vite:dep-scan][0m
[2026-02-06T15:59:37.894Z] 
[2026-02-06T15:59:37.894Z] node_modules/.pnpm/esbuild@0.25.12/node_modules/esbuild/lib/main.js:1217:27:
[2026-02-06T15:59:37.894Z] [37m      1217 │         let result = await [32m[37mcallback({
[2026-02-06T15:59:37.895Z] ╵                            [32m^[0m
[2026-02-06T15:59:37.895Z] 
[2026-02-06T15:59:37.895Z] at throwClosedServerError (file:///home/ubuntu/senec-design/node_modules/.pnpm/vite@6.4.1_@types+node@25.2.0_jiti@1.21.7_yaml@2.8.2/node_modules/vite/dist/node/chunks/dep-D4NMHUTW.js:42055:15)
[2026-02-06T15:59:37.895Z] at EnvironmentPluginContainer.resolveId (file:///home/ubuntu/senec-design/node_modules/.pnpm/vite@6.4.1_@types+node@25.2.0_jiti@1.21.7_yaml@2.8.2/node_modules/vite/dist/node/chunks/dep-D4NMHUTW.js:42234:9)
[2026-02-06T15:59:37.896Z] at resolveId (file:///home/ubuntu/senec-design/node_modules/.pnpm/vite@6.4.1_@types+node@25.2.0_jiti@1.21.7_yaml@2.8.2/node_modules/vite/dist/node/chunks/dep-D4NMHUTW.js:14314:40)
[2026-02-06T15:59:37.896Z] at resolve (file:///home/ubuntu/senec-design/node_modules/.pnpm/vite@6.4.1_@types+node@25.2.0_jiti@1.21.7_yaml@2.8.2/node_modules/vite/dist/node/chunks/dep-D4NMHUTW.js:14325:28)
[2026-02-06T15:59:37.896Z] at file:///home/ubuntu/senec-design/node_modules/.pnpm/vite@6.4.1_@types+node@25.2.0_jiti@1.21.7_yaml@2.8.2/node_modules/vite/dist/node/chunks/dep-D4NMHUTW.js:14380:32
[2026-02-06T15:59:37.897Z] at requestCallbacks.on-resolve (/home/ubuntu/senec-design/node_modules/.pnpm/esbuild@0.25.12/node_modules/esbuild/lib/main.js:1217:28)
[2026-02-06T15:59:37.897Z] at handleRequest (/home/ubuntu/senec-design/node_modules/.pnpm/esbuild@0.25.12/node_modules/esbuild/lib/main.js:628:17)
[2026-02-06T15:59:37.897Z] at handleIncomingPacket (/home/ubuntu/senec-design/node_modules/.pnpm/esbuild@0.25.12/node_modules/esbuild/lib/main.js:653:7)
[2026-02-06T15:59:37.897Z] at Socket.readFromStdout (/home/ubuntu/senec-design/node_modules/.pnpm/esbuild@0.25.12/node_modules/esbuild/lib/main.js:581:7)
[2026-02-06T15:59:37.898Z] at Socket.emit (node:events:524:28)
[2026-02-06T15:59:37.898Z] 
[2026-02-06T15:59:37.898Z] This error came from the "onResolve" callback registered here:
[2026-02-06T15:59:37.898Z] 
[2026-02-06T15:59:37.899Z] node_modules/.pnpm/esbuild@0.25.12/node_modules/esbuild/lib/main.js:1141:20:
[2026-02-06T15:59:37.899Z] [37m      1141 │       let promise = [32m[37msetup({
[2026-02-06T15:59:37.899Z] ╵                     [32m^[0m
[2026-02-06T15:59:37.900Z] 
[2026-02-06T15:59:37.900Z] at setup (file:///home/ubuntu/senec-design/node_modules/.pnpm/vite@6.4.1_@types+node@25.2.0_jiti@1.21.7_yaml@2.8.2/node_modules/vite/dist/node/chunks/dep-D4NMHUTW.js:14379:13)
[2026-02-06T15:59:37.900Z] at handlePlugins (/home/ubuntu/senec-design/node_modules/.pnpm/esbuild@0.25.12/node_modules/esbuild/lib/main.js:1141:21)
[2026-02-06T15:59:37.900Z] at buildOrContextImpl (/home/ubuntu/senec-design/node_modules/.pnpm/esbuild@0.25.12/node_modules/esbuild/lib/main.js:854:5)
[2026-02-06T15:59:37.901Z] at Object.buildOrContext (/home/ubuntu/senec-design/node_modules/.pnpm/esbuild@0.25.12/node_modules/esbuild/lib/main.js:680:5)
[2026-02-06T15:59:37.901Z] at /home/ubuntu/senec-design/node_modules/.pnpm/esbuild@0.25.12/node_modules/esbuild/lib/main.js:2035:68
[2026-02-06T15:59:37.901Z] at new Promise (<anonymous>)
[2026-02-06T15:59:37.901Z] at Object.context (/home/ubuntu/senec-design/node_modules/.pnpm/esbuild@0.25.12/node_modules/esbuild/lib/main.js:2035:27)
[2026-02-06T15:59:37.902Z] at Object.context (/home/ubuntu/senec-design/node_modules/.pnpm/esbuild@0.25.12/node_modules/esbuild/lib/main.js:1877:58)
[2026-02-06T15:59:37.902Z] at prepareEsbuildScanner (file:///home/ubuntu/senec-design/node_modules/.pnpm/vite@6.4.1_@types+node@25.2.0_jiti@1.21.7_yaml@2.8.2/node_modules/vite/dist/node/chunks/dep-D4NMHUTW.js:14266:24)
[2026-02-06T15:59:37.902Z] 
[2026-02-06T15:59:37.902Z] The plugin "vite:dep-scan" was triggered by this import
[2026-02-06T15:59:37.903Z] 
[2026-02-06T15:59:37.903Z] <stdin>:78:7:
[2026-02-06T15:59:37.903Z] [37m      78 │ import [32m"/home/ubuntu/senec-design/src/pages/standorte/photovoltaik[37m...
[2026-02-06T15:59:37.904Z] ╵        [32m~~~~~~~~~~~~~~~~~~~~~~~~~~~~~~~~~~~~~~~~~~~~~~~~~~~~~~~~~~~[0m
[2026-02-06T15:59:37.904Z] 
[2026-02-06T15:59:37.904Z] 
[2026-02-06T15:59:37.904Z] [31m✘ [41;31m[[41;97mERROR[41;31m][0m [1mThe server is being restarted or closed. Request is outdated[0m [1m[35m[plugin vite:dep-scan][0m
[2026-02-06T15:59:37.905Z] 
[2026-02-06T15:59:37.905Z] node_modules/.pnpm/esbuild@0.25.12/node_modules/esbuild/lib/main.js:1217:27:
[2026-02-06T15:59:37.905Z] [37m      1217 │         let result = await [32m[37mcallback({
[2026-02-06T15:59:37.905Z] ╵                            [32m^[0m
[2026-02-06T15:59:37.906Z] 
[2026-02-06T15:59:37.906Z] at throwClosedServerError (file:///home/ubuntu/senec-design/node_modules/.pnpm/vite@6.4.1_@types+node@25.2.0_jiti@1.21.7_yaml@2.8.2/node_modules/vite/dist/node/chunks/dep-D4NMHUTW.js:42055:15)
[2026-02-06T15:59:37.906Z] at EnvironmentPluginContainer.resolveId (file:///home/ubuntu/senec-design/node_modules/.pnpm/vite@6.4.1_@types+node@25.2.0_jiti@1.21.7_yaml@2.8.2/node_modules/vite/dist/node/chunks/dep-D4NMHUTW.js:42234:9)
[2026-02-06T15:59:37.907Z] at resolveId (file:///home/ubuntu/senec-design/node_modules/.pnpm/vite@6.4.1_@types+node@25.2.0_jiti@1.21.7_yaml@2.8.2/node_modules/vite/dist/node/chunks/dep-D4NMHUTW.js:14314:40)
[2026-02-06T15:59:37.907Z] at resolve (file:///home/ubuntu/senec-design/node_modules/.pnpm/vite@6.4.1_@types+node@25.2.0_jiti@1.21.7_yaml@2.8.2/node_modules/vite/dist/node/chunks/dep-D4NMHUTW.js:14325:28)
[2026-02-06T15:59:37.907Z] at file:///home/ubuntu/senec-design/node_modules/.pnpm/vite@6.4.1_@types+node@25.2.0_jiti@1.21.7_yaml@2.8.2/node_modules/vite/dist/node/chunks/dep-D4NMHUTW.js:14380:32
[2026-02-06T15:59:37.908Z] at requestCallbacks.on-resolve (/home/ubuntu/senec-design/node_modules/.pnpm/esbuild@0.25.12/node_modules/esbuild/lib/main.js:1217:28)
[2026-02-06T15:59:37.908Z] at handleRequest (/home/ubuntu/senec-design/node_modules/.pnpm/esbuild@0.25.12/node_modules/esbuild/lib/main.js:628:17)
[2026-02-06T15:59:37.908Z] at handleIncomingPacket (/home/ubuntu/senec-design/node_modules/.pnpm/esbuild@0.25.12/node_modules/esbuild/lib/main.js:653:7)
[2026-02-06T15:59:37.909Z] at Socket.readFromStdout (/home/ubuntu/senec-design/node_modules/.pnpm/esbuild@0.25.12/node_modules/esbuild/lib/main.js:581:7)
[2026-02-06T15:59:37.909Z] at Socket.emit (node:events:524:28)
[2026-02-06T15:59:37.909Z] 
[2026-02-06T15:59:37.909Z] This error came from the "onResolve" callback registered here:
[2026-02-06T15:59:37.910Z] 
[2026-02-06T15:59:37.910Z] node_modules/.pnpm/esbuild@0.25.12/node_modules/esbuild/lib/main.js:1141:20:
[2026-02-06T15:59:37.910Z] [37m      1141 │       let promise = [32m[37msetup({
[2026-02-06T15:59:37.910Z] ╵                     [32m^[0m
[2026-02-06T15:59:37.911Z] 
[2026-02-06T15:59:37.911Z] at setup (file:///home/ubuntu/senec-design/node_modules/.pnpm/vite@6.4.1_@types+node@25.2.0_jiti@1.21.7_yaml@2.8.2/node_modules/vite/dist/node/chunks/dep-D4NMHUTW.js:14379:13)
[2026-02-06T15:59:37.911Z] at handlePlugins (/home/ubuntu/senec-design/node_modules/.pnpm/esbuild@0.25.12/node_modules/esbuild/lib/main.js:1141:21)
[2026-02-06T15:59:37.912Z] at buildOrContextImpl (/home/ubuntu/senec-design/node_modules/.pnpm/esbuild@0.25.12/node_modules/esbuild/lib/main.js:854:5)
[2026-02-06T15:59:37.912Z] at Object.buildOrContext (/home/ubuntu/senec-design/node_modules/.pnpm/esbuild@0.25.12/node_modules/esbuild/lib/main.js:680:5)
[2026-02-06T15:59:37.912Z] at /home/ubuntu/senec-design/node_modules/.pnpm/esbuild@0.25.12/node_modules/esbuild/lib/main.js:2035:68
[2026-02-06T15:59:37.912Z] at new Promise (<anonymous>)
[2026-02-06T15:59:37.913Z] at Object.context (/home/ubuntu/senec-design/node_modules/.pnpm/esbuild@0.25.12/node_modules/esbuild/lib/main.js:2035:27)
[2026-02-06T15:59:37.913Z] at Object.context (/home/ubuntu/senec-design/node_modules/.pnpm/esbuild@0.25.12/node_modules/esbuild/lib/main.js:1877:58)
[2026-02-06T15:59:37.913Z] at prepareEsbuildScanner (file:///home/ubuntu/senec-design/node_modules/.pnpm/vite@6.4.1_@types+node@25.2.0_jiti@1.21.7_yaml@2.8.2/node_modules/vite/dist/node/chunks/dep-D4NMHUTW.js:14266:24)
[2026-02-06T15:59:37.913Z] 
[2026-02-06T15:59:37.914Z] The plugin "vite:dep-scan" was triggered by this import
[2026-02-06T15:59:37.914Z] 
[2026-02-06T15:59:37.914Z] <stdin>:79:7:
[2026-02-06T15:59:37.915Z] [37m      79 │ import [32m"/home/ubuntu/senec-design/src/pages/standorte/photovoltaik[37m...
[2026-02-06T15:59:37.915Z] ╵        [32m~~~~~~~~~~~~~~~~~~~~~~~~~~~~~~~~~~~~~~~~~~~~~~~~~~~~~~~~~~~[0m
[2026-02-06T15:59:37.915Z] 
[2026-02-06T15:59:37.916Z] 
[2026-02-06T15:59:37.916Z] [31m✘ [41;31m[[41;97mERROR[41;31m][0m [1mThe server is being restarted or closed. Request is outdated[0m [1m[35m[plugin vite:dep-scan][0m
[2026-02-06T15:59:37.916Z] 
[2026-02-06T15:59:37.916Z] node_modules/.pnpm/esbuild@0.25.12/node_modules/esbuild/lib/main.js:1217:27:
[2026-02-06T15:59:37.917Z] [37m      1217 │         let result = await [32m[37mcallback({
[2026-02-06T15:59:37.917Z] ╵                            [32m^[0m
[2026-02-06T15:59:37.917Z] 
[2026-02-06T15:59:37.917Z] at throwClosedServerError (file:///home/ubuntu/senec-design/node_modules/.pnpm/vite@6.4.1_@types+node@25.2.0_jiti@1.21.7_yaml@2.8.2/node_modules/vite/dist/node/chunks/dep-D4NMHUTW.js:42055:15)
[2026-02-06T15:59:37.918Z] at EnvironmentPluginContainer.resolveId (file:///home/ubuntu/senec-design/node_modules/.pnpm/vite@6.4.1_@types+node@25.2.0_jiti@1.21.7_yaml@2.8.2/node_modules/vite/dist/node/chunks/dep-D4NMHUTW.js:42234:9)
[2026-02-06T15:59:37.918Z] at resolveId (file:///home/ubuntu/senec-design/node_modules/.pnpm/vite@6.4.1_@types+node@25.2.0_jiti@1.21.7_yaml@2.8.2/node_modules/vite/dist/node/chunks/dep-D4NMHUTW.js:14314:40)
[2026-02-06T15:59:37.918Z] at resolve (file:///home/ubuntu/senec-design/node_modules/.pnpm/vite@6.4.1_@types+node@25.2.0_jiti@1.21.7_yaml@2.8.2/node_modules/vite/dist/node/chunks/dep-D4NMHUTW.js:14325:28)
[2026-02-06T15:59:37.919Z] at file:///home/ubuntu/senec-design/node_modules/.pnpm/vite@6.4.1_@types+node@25.2.0_jiti@1.21.7_yaml@2.8.2/node_modules/vite/dist/node/chunks/dep-D4NMHUTW.js:14380:32
[2026-02-06T15:59:37.919Z] at requestCallbacks.on-resolve (/home/ubuntu/senec-design/node_modules/.pnpm/esbuild@0.25.12/node_modules/esbuild/lib/main.js:1217:28)
[2026-02-06T15:59:37.919Z] at handleRequest (/home/ubuntu/senec-design/node_modules/.pnpm/esbuild@0.25.12/node_modules/esbuild/lib/main.js:628:17)
[2026-02-06T15:59:37.919Z] at handleIncomingPacket (/home/ubuntu/senec-design/node_modules/.pnpm/esbuild@0.25.12/node_modules/esbuild/lib/main.js:653:7)
[2026-02-06T15:59:37.920Z] at Socket.readFromStdout (/home/ubuntu/senec-design/node_modules/.pnpm/esbuild@0.25.12/node_modules/esbuild/lib/main.js:581:7)
[2026-02-06T15:59:37.920Z] at Socket.emit (node:events:524:28)
[2026-02-06T15:59:37.920Z] 
[2026-02-06T15:59:37.920Z] This error came from the "onResolve" callback registered here:
[2026-02-06T15:59:37.921Z] 
[2026-02-06T15:59:37.921Z] node_modules/.pnpm/esbuild@0.25.12/node_modules/esbuild/lib/main.js:1141:20:
[2026-02-06T15:59:37.921Z] [37m      1141 │       let promise = [32m[37msetup({
[2026-02-06T15:59:37.921Z] ╵                     [32m^[0m
[2026-02-06T15:59:37.922Z] 
[2026-02-06T15:59:37.922Z] at setup (file:///home/ubuntu/senec-design/node_modules/.pnpm/vite@6.4.1_@types+node@25.2.0_jiti@1.21.7_yaml@2.8.2/node_modules/vite/dist/node/chunks/dep-D4NMHUTW.js:14379:13)
[2026-02-06T15:59:37.922Z] at handlePlugins (/home/ubuntu/senec-design/node_modules/.pnpm/esbuild@0.25.12/node_modules/esbuild/lib/main.js:1141:21)
[2026-02-06T15:59:37.923Z] at buildOrContextImpl (/home/ubuntu/senec-design/node_modules/.pnpm/esbuild@0.25.12/node_modules/esbuild/lib/main.js:854:5)
[2026-02-06T15:59:37.923Z] at Object.buildOrContext (/home/ubuntu/senec-design/node_modules/.pnpm/esbuild@0.25.12/node_modules/esbuild/lib/main.js:680:5)
[2026-02-06T15:59:37.923Z] at /home/ubuntu/senec-design/node_modules/.pnpm/esbuild@0.25.12/node_modules/esbuild/lib/main.js:2035:68
[2026-02-06T15:59:37.923Z] at new Promise (<anonymous>)
[2026-02-06T15:59:37.924Z] at Object.context (/home/ubuntu/senec-design/node_modules/.pnpm/esbuild@0.25.12/node_modules/esbuild/lib/main.js:2035:27)
[2026-02-06T15:59:37.924Z] at Object.context (/home/ubuntu/senec-design/node_modules/.pnpm/esbuild@0.25.12/node_modules/esbuild/lib/main.js:1877:58)
[2026-02-06T15:59:37.924Z] at prepareEsbuildScanner (file:///home/ubuntu/senec-design/node_modules/.pnpm/vite@6.4.1_@types+node@25.2.0_jiti@1.21.7_yaml@2.8.2/node_modules/vite/dist/node/chunks/dep-D4NMHUTW.js:14266:24)
[2026-02-06T15:59:37.925Z] 
[2026-02-06T15:59:37.925Z] The plugin "vite:dep-scan" was triggered by this import
[2026-02-06T15:59:37.925Z] 
[2026-02-06T15:59:37.925Z] <stdin>:80:7:
[2026-02-06T15:59:37.926Z] [37m      80 │ import [32m"/home/ubuntu/senec-design/src/pages/standorte/photovoltaik[37m...
[2026-02-06T15:59:37.926Z] ╵        [32m~~~~~~~~~~~~~~~~~~~~~~~~~~~~~~~~~~~~~~~~~~~~~~~~~~~~~~~~~~~[0m
[2026-02-06T15:59:37.926Z] 
[2026-02-06T15:59:37.926Z] 
[2026-02-06T15:59:37.927Z] [31m✘ [41;31m[[41;97mERROR[41;31m][0m [1mThe server is being restarted or closed. Request is outdated[0m [1m[35m[plugin vite:dep-scan][0m
[2026-02-06T15:59:37.927Z] 
[2026-02-06T15:59:37.927Z] node_modules/.pnpm/esbuild@0.25.12/node_modules/esbuild/lib/main.js:1217:27:
[2026-02-06T15:59:37.928Z] [37m      1217 │         let result = await [32m[37mcallback({
[2026-02-06T15:59:37.928Z] ╵                            [32m^[0m
[2026-02-06T15:59:37.928Z] 
[2026-02-06T15:59:37.928Z] at throwClosedServerError (file:///home/ubuntu/senec-design/node_modules/.pnpm/vite@6.4.1_@types+node@25.2.0_jiti@1.21.7_yaml@2.8.2/node_modules/vite/dist/node/chunks/dep-D4NMHUTW.js:42055:15)
[2026-02-06T15:59:37.929Z] at EnvironmentPluginContainer.resolveId (file:///home/ubuntu/senec-design/node_modules/.pnpm/vite@6.4.1_@types+node@25.2.0_jiti@1.21.7_yaml@2.8.2/node_modules/vite/dist/node/chunks/dep-D4NMHUTW.js:42234:9)
[2026-02-06T15:59:37.929Z] at resolveId (file:///home/ubuntu/senec-design/node_modules/.pnpm/vite@6.4.1_@types+node@25.2.0_jiti@1.21.7_yaml@2.8.2/node_modules/vite/dist/node/chunks/dep-D4NMHUTW.js:14314:40)
[2026-02-06T15:59:37.929Z] at resolve (file:///home/ubuntu/senec-design/node_modules/.pnpm/vite@6.4.1_@types+node@25.2.0_jiti@1.21.7_yaml@2.8.2/node_modules/vite/dist/node/chunks/dep-D4NMHUTW.js:14325:28)
[2026-02-06T15:59:37.929Z] at file:///home/ubuntu/senec-design/node_modules/.pnpm/vite@6.4.1_@types+node@25.2.0_jiti@1.21.7_yaml@2.8.2/node_modules/vite/dist/node/chunks/dep-D4NMHUTW.js:14380:32
[2026-02-06T15:59:37.930Z] at requestCallbacks.on-resolve (/home/ubuntu/senec-design/node_modules/.pnpm/esbuild@0.25.12/node_modules/esbuild/lib/main.js:1217:28)
[2026-02-06T15:59:37.930Z] at handleRequest (/home/ubuntu/senec-design/node_modules/.pnpm/esbuild@0.25.12/node_modules/esbuild/lib/main.js:628:17)
[2026-02-06T15:59:37.930Z] at handleIncomingPacket (/home/ubuntu/senec-design/node_modules/.pnpm/esbuild@0.25.12/node_modules/esbuild/lib/main.js:653:7)
[2026-02-06T15:59:37.931Z] at Socket.readFromStdout (/home/ubuntu/senec-design/node_modules/.pnpm/esbuild@0.25.12/node_modules/esbuild/lib/main.js:581:7)
[2026-02-06T15:59:37.931Z] at Socket.emit (node:events:524:28)
[2026-02-06T15:59:37.931Z] 
[2026-02-06T15:59:37.931Z] This error came from the "onResolve" callback registered here:
[2026-02-06T15:59:37.932Z] 
[2026-02-06T15:59:37.932Z] node_modules/.pnpm/esbuild@0.25.12/node_modules/esbuild/lib/main.js:1141:20:
[2026-02-06T15:59:37.932Z] [37m      1141 │       let promise = [32m[37msetup({
[2026-02-06T15:59:37.932Z] ╵                     [32m^[0m
[2026-02-06T15:59:37.933Z] 
[2026-02-06T15:59:37.933Z] at setup (file:///home/ubuntu/senec-design/node_modules/.pnpm/vite@6.4.1_@types+node@25.2.0_jiti@1.21.7_yaml@2.8.2/node_modules/vite/dist/node/chunks/dep-D4NMHUTW.js:14379:13)
[2026-02-06T15:59:37.933Z] at handlePlugins (/home/ubuntu/senec-design/node_modules/.pnpm/esbuild@0.25.12/node_modules/esbuild/lib/main.js:1141:21)
[2026-02-06T15:59:37.933Z] at buildOrContextImpl (/home/ubuntu/senec-design/node_modules/.pnpm/esbuild@0.25.12/node_modules/esbuild/lib/main.js:854:5)
[2026-02-06T15:59:37.934Z] at Object.buildOrContext (/home/ubuntu/senec-design/node_modules/.pnpm/esbuild@0.25.12/node_modules/esbuild/lib/main.js:680:5)
[2026-02-06T15:59:37.934Z] at /home/ubuntu/senec-design/node_modules/.pnpm/esbuild@0.25.12/node_modules/esbuild/lib/main.js:2035:68
[2026-02-06T15:59:37.934Z] at new Promise (<anonymous>)
[2026-02-06T15:59:37.934Z] at Object.context (/home/ubuntu/senec-design/node_modules/.pnpm/esbuild@0.25.12/node_modules/esbuild/lib/main.js:2035:27)
[2026-02-06T15:59:37.935Z] at Object.context (/home/ubuntu/senec-design/node_modules/.pnpm/esbuild@0.25.12/node_modules/esbuild/lib/main.js:1877:58)
[2026-02-06T15:59:37.935Z] at prepareEsbuildScanner (file:///home/ubuntu/senec-design/node_modules/.pnpm/vite@6.4.1_@types+node@25.2.0_jiti@1.21.7_yaml@2.8.2/node_modules/vite/dist/node/chunks/dep-D4NMHUTW.js:14266:24)
[2026-02-06T15:59:37.935Z] 
[2026-02-06T15:59:37.936Z] The plugin "vite:dep-scan" was triggered by this import
[2026-02-06T15:59:37.936Z] 
[2026-02-06T15:59:37.936Z] <stdin>:81:7:
[2026-02-06T15:59:37.936Z] [37m      81 │ import [32m"/home/ubuntu/senec-design/src/pages/standorte/photovoltaik[37m...
[2026-02-06T15:59:37.937Z] ╵        [32m~~~~~~~~~~~~~~~~~~~~~~~~~~~~~~~~~~~~~~~~~~~~~~~~~~~~~~~~~~~[0m
[2026-02-06T15:59:37.937Z] 
[2026-02-06T15:59:37.937Z] 
[2026-02-06T15:59:37.937Z] [31m✘ [41;31m[[41;97mERROR[41;31m][0m [1mThe server is being restarted or closed. Request is outdated[0m [1m[35m[plugin vite:dep-scan][0m
[2026-02-06T15:59:37.938Z] 
[2026-02-06T15:59:37.938Z] node_modules/.pnpm/esbuild@0.25.12/node_modules/esbuild/lib/main.js:1217:27:
[2026-02-06T15:59:37.938Z] [37m      1217 │         let result = await [32m[37mcallback({
[2026-02-06T15:59:37.938Z] ╵                            [32m^[0m
[2026-02-06T15:59:37.939Z] 
[2026-02-06T15:59:37.939Z] at throwClosedServerError (file:///home/ubuntu/senec-design/node_modules/.pnpm/vite@6.4.1_@types+node@25.2.0_jiti@1.21.7_yaml@2.8.2/node_modules/vite/dist/node/chunks/dep-D4NMHUTW.js:42055:15)
[2026-02-06T15:59:37.939Z] at EnvironmentPluginContainer.resolveId (file:///home/ubuntu/senec-design/node_modules/.pnpm/vite@6.4.1_@types+node@25.2.0_jiti@1.21.7_yaml@2.8.2/node_modules/vite/dist/node/chunks/dep-D4NMHUTW.js:42234:9)
[2026-02-06T15:59:37.939Z] at resolveId (file:///home/ubuntu/senec-design/node_modules/.pnpm/vite@6.4.1_@types+node@25.2.0_jiti@1.21.7_yaml@2.8.2/node_modules/vite/dist/node/chunks/dep-D4NMHUTW.js:14314:40)
[2026-02-06T15:59:37.940Z] at resolve (file:///home/ubuntu/senec-design/node_modules/.pnpm/vite@6.4.1_@types+node@25.2.0_jiti@1.21.7_yaml@2.8.2/node_modules/vite/dist/node/chunks/dep-D4NMHUTW.js:14325:28)
[2026-02-06T15:59:37.940Z] at file:///home/ubuntu/senec-design/node_modules/.pnpm/vite@6.4.1_@types+node@25.2.0_jiti@1.21.7_yaml@2.8.2/node_modules/vite/dist/node/chunks/dep-D4NMHUTW.js:14380:32
[2026-02-06T15:59:37.940Z] at requestCallbacks.on-resolve (/home/ubuntu/senec-design/node_modules/.pnpm/esbuild@0.25.12/node_modules/esbuild/lib/main.js:1217:28)
[2026-02-06T15:59:37.941Z] at handleRequest (/home/ubuntu/senec-design/node_modules/.pnpm/esbuild@0.25.12/node_modules/esbuild/lib/main.js:628:17)
[2026-02-06T15:59:37.941Z] at handleIncomingPacket (/home/ubuntu/senec-design/node_modules/.pnpm/esbuild@0.25.12/node_modules/esbuild/lib/main.js:653:7)
[2026-02-06T15:59:37.941Z] at Socket.readFromStdout (/home/ubuntu/senec-design/node_modules/.pnpm/esbuild@0.25.12/node_modules/esbuild/lib/main.js:581:7)
[2026-02-06T15:59:37.941Z] at Socket.emit (node:events:524:28)
[2026-02-06T15:59:37.942Z] 
[2026-02-06T15:59:37.942Z] This error came from the "onResolve" callback registered here:
[2026-02-06T15:59:37.942Z] 
[2026-02-06T15:59:37.942Z] node_modules/.pnpm/esbuild@0.25.12/node_modules/esbuild/lib/main.js:1141:20:
[2026-02-06T15:59:37.943Z] [37m      1141 │       let promise = [32m[37msetup({
[2026-02-06T15:59:37.943Z] ╵                     [32m^[0m
[2026-02-06T15:59:37.943Z] 
[2026-02-06T15:59:37.943Z] at setup (file:///home/ubuntu/senec-design/node_modules/.pnpm/vite@6.4.1_@types+node@25.2.0_jiti@1.21.7_yaml@2.8.2/node_modules/vite/dist/node/chunks/dep-D4NMHUTW.js:14379:13)
[2026-02-06T15:59:37.944Z] at handlePlugins (/home/ubuntu/senec-design/node_modules/.pnpm/esbuild@0.25.12/node_modules/esbuild/lib/main.js:1141:21)
[2026-02-06T15:59:37.944Z] at buildOrContextImpl (/home/ubuntu/senec-design/node_modules/.pnpm/esbuild@0.25.12/node_modules/esbuild/lib/main.js:854:5)
[2026-02-06T15:59:37.944Z] at Object.buildOrContext (/home/ubuntu/senec-design/node_modules/.pnpm/esbuild@0.25.12/node_modules/esbuild/lib/main.js:680:5)
[2026-02-06T15:59:37.944Z] at /home/ubuntu/senec-design/node_modules/.pnpm/esbuild@0.25.12/node_modules/esbuild/lib/main.js:2035:68
[2026-02-06T15:59:37.945Z] at new Promise (<anonymous>)
[2026-02-06T15:59:37.945Z] at Object.context (/home/ubuntu/senec-design/node_modules/.pnpm/esbuild@0.25.12/node_modules/esbuild/lib/main.js:2035:27)
[2026-02-06T15:59:37.945Z] at Object.context (/home/ubuntu/senec-design/node_modules/.pnpm/esbuild@0.25.12/node_modules/esbuild/lib/main.js:1877:58)
[2026-02-06T15:59:37.946Z] at prepareEsbuildScanner (file:///home/ubuntu/senec-design/node_modules/.pnpm/vite@6.4.1_@types+node@25.2.0_jiti@1.21.7_yaml@2.8.2/node_modules/vite/dist/node/chunks/dep-D4NMHUTW.js:14266:24)
[2026-02-06T15:59:37.946Z] 
[2026-02-06T15:59:37.946Z] The plugin "vite:dep-scan" was triggered by this import
[2026-02-06T15:59:37.946Z] 
[2026-02-06T15:59:37.947Z] <stdin>:82:7:
[2026-02-06T15:59:37.947Z] [37m      82 │ import [32m"/home/ubuntu/senec-design/src/pages/standorte/saalekreis.a[37m...
[2026-02-06T15:59:37.947Z] ╵        [32m~~~~~~~~~~~~~~~~~~~~~~~~~~~~~~~~~~~~~~~~~~~~~~~~~~~~~~~~~~~[0m
[2026-02-06T15:59:37.947Z] 
[2026-02-06T15:59:37.948Z] 
[2026-02-06T15:59:37.948Z] [31m✘ [41;31m[[41;97mERROR[41;31m][0m [1mThe server is being restarted or closed. Request is outdated[0m [1m[35m[plugin vite:dep-scan][0m
[2026-02-06T15:59:37.948Z] 
[2026-02-06T15:59:37.949Z] node_modules/.pnpm/esbuild@0.25.12/node_modules/esbuild/lib/main.js:1217:27:
[2026-02-06T15:59:37.949Z] [37m      1217 │         let result = await [32m[37mcallback({
[2026-02-06T15:59:37.949Z] ╵                            [32m^[0m
[2026-02-06T15:59:37.949Z] 
[2026-02-06T15:59:37.950Z] at throwClosedServerError (file:///home/ubuntu/senec-design/node_modules/.pnpm/vite@6.4.1_@types+node@25.2.0_jiti@1.21.7_yaml@2.8.2/node_modules/vite/dist/node/chunks/dep-D4NMHUTW.js:42055:15)
[2026-02-06T15:59:37.950Z] at EnvironmentPluginContainer.resolveId (file:///home/ubuntu/senec-design/node_modules/.pnpm/vite@6.4.1_@types+node@25.2.0_jiti@1.21.7_yaml@2.8.2/node_modules/vite/dist/node/chunks/dep-D4NMHUTW.js:42234:9)
[2026-02-06T15:59:37.950Z] at resolveId (file:///home/ubuntu/senec-design/node_modules/.pnpm/vite@6.4.1_@types+node@25.2.0_jiti@1.21.7_yaml@2.8.2/node_modules/vite/dist/node/chunks/dep-D4NMHUTW.js:14314:40)
[2026-02-06T15:59:37.950Z] at resolve (file:///home/ubuntu/senec-design/node_modules/.pnpm/vite@6.4.1_@types+node@25.2.0_jiti@1.21.7_yaml@2.8.2/node_modules/vite/dist/node/chunks/dep-D4NMHUTW.js:14325:28)
[2026-02-06T15:59:37.951Z] at file:///home/ubuntu/senec-design/node_modules/.pnpm/vite@6.4.1_@types+node@25.2.0_jiti@1.21.7_yaml@2.8.2/node_modules/vite/dist/node/chunks/dep-D4NMHUTW.js:14380:32
[2026-02-06T15:59:37.951Z] at requestCallbacks.on-resolve (/home/ubuntu/senec-design/node_modules/.pnpm/esbuild@0.25.12/node_modules/esbuild/lib/main.js:1217:28)
[2026-02-06T15:59:37.951Z] at handleRequest (/home/ubuntu/senec-design/node_modules/.pnpm/esbuild@0.25.12/node_modules/esbuild/lib/main.js:628:17)
[2026-02-06T15:59:37.952Z] at handleIncomingPacket (/home/ubuntu/senec-design/node_modules/.pnpm/esbuild@0.25.12/node_modules/esbuild/lib/main.js:653:7)
[2026-02-06T15:59:37.952Z] at Socket.readFromStdout (/home/ubuntu/senec-design/node_modules/.pnpm/esbuild@0.25.12/node_modules/esbuild/lib/main.js:581:7)
[2026-02-06T15:59:37.952Z] at Socket.emit (node:events:524:28)
[2026-02-06T15:59:37.952Z] 
[2026-02-06T15:59:37.953Z] This error came from the "onResolve" callback registered here:
[2026-02-06T15:59:37.953Z] 
[2026-02-06T15:59:37.953Z] node_modules/.pnpm/esbuild@0.25.12/node_modules/esbuild/lib/main.js:1141:20:
[2026-02-06T15:59:37.953Z] [37m      1141 │       let promise = [32m[37msetup({
[2026-02-06T15:59:37.954Z] ╵                     [32m^[0m
[2026-02-06T15:59:37.954Z] 
[2026-02-06T15:59:37.954Z] at setup (file:///home/ubuntu/senec-design/node_modules/.pnpm/vite@6.4.1_@types+node@25.2.0_jiti@1.21.7_yaml@2.8.2/node_modules/vite/dist/node/chunks/dep-D4NMHUTW.js:14379:13)
[2026-02-06T15:59:37.954Z] at handlePlugins (/home/ubuntu/senec-design/node_modules/.pnpm/esbuild@0.25.12/node_modules/esbuild/lib/main.js:1141:21)
[2026-02-06T15:59:37.955Z] at buildOrContextImpl (/home/ubuntu/senec-design/node_modules/.pnpm/esbuild@0.25.12/node_modules/esbuild/lib/main.js:854:5)
[2026-02-06T15:59:37.955Z] at Object.buildOrContext (/home/ubuntu/senec-design/node_modules/.pnpm/esbuild@0.25.12/node_modules/esbuild/lib/main.js:680:5)
[2026-02-06T15:59:37.955Z] at /home/ubuntu/senec-design/node_modules/.pnpm/esbuild@0.25.12/node_modules/esbuild/lib/main.js:2035:68
[2026-02-06T15:59:37.955Z] at new Promise (<anonymous>)
[2026-02-06T15:59:37.956Z] at Object.context (/home/ubuntu/senec-design/node_modules/.pnpm/esbuild@0.25.12/node_modules/esbuild/lib/main.js:2035:27)
[2026-02-06T15:59:37.956Z] at Object.context (/home/ubuntu/senec-design/node_modules/.pnpm/esbuild@0.25.12/node_modules/esbuild/lib/main.js:1877:58)
[2026-02-06T15:59:37.956Z] at prepareEsbuildScanner (file:///home/ubuntu/senec-design/node_modules/.pnpm/vite@6.4.1_@types+node@25.2.0_jiti@1.21.7_yaml@2.8.2/node_modules/vite/dist/node/chunks/dep-D4NMHUTW.js:14266:24)
[2026-02-06T15:59:37.957Z] 
[2026-02-06T15:59:37.957Z] The plugin "vite:dep-scan" was triggered by this import
[2026-02-06T15:59:37.957Z] 
[2026-02-06T15:59:37.957Z] <stdin>:83:7:
[2026-02-06T15:59:37.958Z] [37m      83 │ import [32m"/home/ubuntu/senec-design/src/pages/standorte/solaranlage-[37m...
[2026-02-06T15:59:37.958Z] ╵        [32m~~~~~~~~~~~~~~~~~~~~~~~~~~~~~~~~~~~~~~~~~~~~~~~~~~~~~~~~~~~[0m
[2026-02-06T15:59:37.958Z] 
[2026-02-06T15:59:37.958Z] 
[2026-02-06T15:59:37.959Z] [31m✘ [41;31m[[41;97mERROR[41;31m][0m [1mThe server is being restarted or closed. Request is outdated[0m [1m[35m[plugin vite:dep-scan][0m
[2026-02-06T15:59:37.959Z] 
[2026-02-06T15:59:37.959Z] node_modules/.pnpm/esbuild@0.25.12/node_modules/esbuild/lib/main.js:1217:27:
[2026-02-06T15:59:37.960Z] [37m      1217 │         let result = await [32m[37mcallback({
[2026-02-06T15:59:37.960Z] ╵                            [32m^[0m
[2026-02-06T15:59:37.960Z] 
[2026-02-06T15:59:37.960Z] at throwClosedServerError (file:///home/ubuntu/senec-design/node_modules/.pnpm/vite@6.4.1_@types+node@25.2.0_jiti@1.21.7_yaml@2.8.2/node_modules/vite/dist/node/chunks/dep-D4NMHUTW.js:42055:15)
[2026-02-06T15:59:37.961Z] at EnvironmentPluginContainer.resolveId (file:///home/ubuntu/senec-design/node_modules/.pnpm/vite@6.4.1_@types+node@25.2.0_jiti@1.21.7_yaml@2.8.2/node_modules/vite/dist/node/chunks/dep-D4NMHUTW.js:42234:9)
[2026-02-06T15:59:37.961Z] at resolveId (file:///home/ubuntu/senec-design/node_modules/.pnpm/vite@6.4.1_@types+node@25.2.0_jiti@1.21.7_yaml@2.8.2/node_modules/vite/dist/node/chunks/dep-D4NMHUTW.js:14314:40)
[2026-02-06T15:59:37.961Z] at resolve (file:///home/ubuntu/senec-design/node_modules/.pnpm/vite@6.4.1_@types+node@25.2.0_jiti@1.21.7_yaml@2.8.2/node_modules/vite/dist/node/chunks/dep-D4NMHUTW.js:14325:28)
[2026-02-06T15:59:37.962Z] at file:///home/ubuntu/senec-design/node_modules/.pnpm/vite@6.4.1_@types+node@25.2.0_jiti@1.21.7_yaml@2.8.2/node_modules/vite/dist/node/chunks/dep-D4NMHUTW.js:14380:32
[2026-02-06T15:59:37.962Z] at requestCallbacks.on-resolve (/home/ubuntu/senec-design/node_modules/.pnpm/esbuild@0.25.12/node_modules/esbuild/lib/main.js:1217:28)
[2026-02-06T15:59:37.962Z] at handleRequest (/home/ubuntu/senec-design/node_modules/.pnpm/esbuild@0.25.12/node_modules/esbuild/lib/main.js:628:17)
[2026-02-06T15:59:37.962Z] at handleIncomingPacket (/home/ubuntu/senec-design/node_modules/.pnpm/esbuild@0.25.12/node_modules/esbuild/lib/main.js:653:7)
[2026-02-06T15:59:37.963Z] at Socket.readFromStdout (/home/ubuntu/senec-design/node_modules/.pnpm/esbuild@0.25.12/node_modules/esbuild/lib/main.js:581:7)
[2026-02-06T15:59:37.963Z] at Socket.emit (node:events:524:28)
[2026-02-06T15:59:37.963Z] 
[2026-02-06T15:59:37.963Z] This error came from the "onResolve" callback registered here:
[2026-02-06T15:59:37.964Z] 
[2026-02-06T15:59:37.964Z] node_modules/.pnpm/esbuild@0.25.12/node_modules/esbuild/lib/main.js:1141:20:
[2026-02-06T15:59:37.964Z] [37m      1141 │       let promise = [32m[37msetup({
[2026-02-06T15:59:37.964Z] ╵                     [32m^[0m
[2026-02-06T15:59:37.965Z] 
[2026-02-06T15:59:37.965Z] at setup (file:///home/ubuntu/senec-design/node_modules/.pnpm/vite@6.4.1_@types+node@25.2.0_jiti@1.21.7_yaml@2.8.2/node_modules/vite/dist/node/chunks/dep-D4NMHUTW.js:14379:13)
[2026-02-06T15:59:37.965Z] at handlePlugins (/home/ubuntu/senec-design/node_modules/.pnpm/esbuild@0.25.12/node_modules/esbuild/lib/main.js:1141:21)
[2026-02-06T15:59:37.966Z] at buildOrContextImpl (/home/ubuntu/senec-design/node_modules/.pnpm/esbuild@0.25.12/node_modules/esbuild/lib/main.js:854:5)
[2026-02-06T15:59:37.966Z] at Object.buildOrContext (/home/ubuntu/senec-design/node_modules/.pnpm/esbuild@0.25.12/node_modules/esbuild/lib/main.js:680:5)
[2026-02-06T15:59:37.966Z] at /home/ubuntu/senec-design/node_modules/.pnpm/esbuild@0.25.12/node_modules/esbuild/lib/main.js:2035:68
[2026-02-06T15:59:37.966Z] at new Promise (<anonymous>)
[2026-02-06T15:59:37.967Z] at Object.context (/home/ubuntu/senec-design/node_modules/.pnpm/esbuild@0.25.12/node_modules/esbuild/lib/main.js:2035:27)
[2026-02-06T15:59:37.967Z] at Object.context (/home/ubuntu/senec-design/node_modules/.pnpm/esbuild@0.25.12/node_modules/esbuild/lib/main.js:1877:58)
[2026-02-06T15:59:37.967Z] at prepareEsbuildScanner (file:///home/ubuntu/senec-design/node_modules/.pnpm/vite@6.4.1_@types+node@25.2.0_jiti@1.21.7_yaml@2.8.2/node_modules/vite/dist/node/chunks/dep-D4NMHUTW.js:14266:24)
[2026-02-06T15:59:37.967Z] 
[2026-02-06T15:59:37.968Z] The plugin "vite:dep-scan" was triggered by this import
[2026-02-06T15:59:37.968Z] 
[2026-02-06T15:59:37.968Z] <stdin>:84:7:
[2026-02-06T15:59:37.968Z] [37m      84 │ import [32m"/home/ubuntu/senec-design/src/pages/standorte/solaranlage-[37m...
[2026-02-06T15:59:37.969Z] ╵        [32m~~~~~~~~~~~~~~~~~~~~~~~~~~~~~~~~~~~~~~~~~~~~~~~~~~~~~~~~~~~[0m
[2026-02-06T15:59:37.969Z] 
[2026-02-06T15:59:37.969Z] 
[2026-02-06T15:59:37.970Z] [31m✘ [41;31m[[41;97mERROR[41;31m][0m [1mThe server is being restarted or closed. Request is outdated[0m [1m[35m[plugin vite:dep-scan][0m
[2026-02-06T15:59:37.970Z] 
[2026-02-06T15:59:37.970Z] node_modules/.pnpm/esbuild@0.25.12/node_modules/esbuild/lib/main.js:1217:27:
[2026-02-06T15:59:37.970Z] [37m      1217 │         let result = await [32m[37mcallback({
[2026-02-06T15:59:37.971Z] ╵                            [32m^[0m
[2026-02-06T15:59:37.971Z] 
[2026-02-06T15:59:37.972Z] at throwClosedServerError (file:///home/ubuntu/senec-design/node_modules/.pnpm/vite@6.4.1_@types+node@25.2.0_jiti@1.21.7_yaml@2.8.2/node_modules/vite/dist/node/chunks/dep-D4NMHUTW.js:42055:15)
[2026-02-06T15:59:37.972Z] at EnvironmentPluginContainer.resolveId (file:///home/ubuntu/senec-design/node_modules/.pnpm/vite@6.4.1_@types+node@25.2.0_jiti@1.21.7_yaml@2.8.2/node_modules/vite/dist/node/chunks/dep-D4NMHUTW.js:42234:9)
[2026-02-06T15:59:37.973Z] at resolveId (file:///home/ubuntu/senec-design/node_modules/.pnpm/vite@6.4.1_@types+node@25.2.0_jiti@1.21.7_yaml@2.8.2/node_modules/vite/dist/node/chunks/dep-D4NMHUTW.js:14314:40)
[2026-02-06T15:59:37.973Z] at resolve (file:///home/ubuntu/senec-design/node_modules/.pnpm/vite@6.4.1_@types+node@25.2.0_jiti@1.21.7_yaml@2.8.2/node_modules/vite/dist/node/chunks/dep-D4NMHUTW.js:14325:28)
[2026-02-06T15:59:37.973Z] at file:///home/ubuntu/senec-design/node_modules/.pnpm/vite@6.4.1_@types+node@25.2.0_jiti@1.21.7_yaml@2.8.2/node_modules/vite/dist/node/chunks/dep-D4NMHUTW.js:14380:32
[2026-02-06T15:59:37.974Z] at requestCallbacks.on-resolve (/home/ubuntu/senec-design/node_modules/.pnpm/esbuild@0.25.12/node_modules/esbuild/lib/main.js:1217:28)
[2026-02-06T15:59:37.974Z] at handleRequest (/home/ubuntu/senec-design/node_modules/.pnpm/esbuild@0.25.12/node_modules/esbuild/lib/main.js:628:17)
[2026-02-06T15:59:37.974Z] at handleIncomingPacket (/home/ubuntu/senec-design/node_modules/.pnpm/esbuild@0.25.12/node_modules/esbuild/lib/main.js:653:7)
[2026-02-06T15:59:37.974Z] at Socket.readFromStdout (/home/ubuntu/senec-design/node_modules/.pnpm/esbuild@0.25.12/node_modules/esbuild/lib/main.js:581:7)
[2026-02-06T15:59:37.975Z] at Socket.emit (node:events:524:28)
[2026-02-06T15:59:37.975Z] 
[2026-02-06T15:59:37.975Z] This error came from the "onResolve" callback registered here:
[2026-02-06T15:59:37.975Z] 
[2026-02-06T15:59:37.976Z] node_modules/.pnpm/esbuild@0.25.12/node_modules/esbuild/lib/main.js:1141:20:
[2026-02-06T15:59:37.976Z] [37m      1141 │       let promise = [32m[37msetup({
[2026-02-06T15:59:37.976Z] ╵                     [32m^[0m
[2026-02-06T15:59:37.977Z] 
[2026-02-06T15:59:37.977Z] at setup (file:///home/ubuntu/senec-design/node_modules/.pnpm/vite@6.4.1_@types+node@25.2.0_jiti@1.21.7_yaml@2.8.2/node_modules/vite/dist/node/chunks/dep-D4NMHUTW.js:14379:13)
[2026-02-06T15:59:37.977Z] at handlePlugins (/home/ubuntu/senec-design/node_modules/.pnpm/esbuild@0.25.12/node_modules/esbuild/lib/main.js:1141:21)
[2026-02-06T15:59:37.977Z] at buildOrContextImpl (/home/ubuntu/senec-design/node_modules/.pnpm/esbuild@0.25.12/node_modules/esbuild/lib/main.js:854:5)
[2026-02-06T15:59:37.978Z] at Object.buildOrContext (/home/ubuntu/senec-design/node_modules/.pnpm/esbuild@0.25.12/node_modules/esbuild/lib/main.js:680:5)
[2026-02-06T15:59:37.978Z] at /home/ubuntu/senec-design/node_modules/.pnpm/esbuild@0.25.12/node_modules/esbuild/lib/main.js:2035:68
[2026-02-06T15:59:37.978Z] at new Promise (<anonymous>)
[2026-02-06T15:59:37.978Z] at Object.context (/home/ubuntu/senec-design/node_modules/.pnpm/esbuild@0.25.12/node_modules/esbuild/lib/main.js:2035:27)
[2026-02-06T15:59:37.979Z] at Object.context (/home/ubuntu/senec-design/node_modules/.pnpm/esbuild@0.25.12/node_modules/esbuild/lib/main.js:1877:58)
[2026-02-06T15:59:37.979Z] at prepareEsbuildScanner (file:///home/ubuntu/senec-design/node_modules/.pnpm/vite@6.4.1_@types+node@25.2.0_jiti@1.21.7_yaml@2.8.2/node_modules/vite/dist/node/chunks/dep-D4NMHUTW.js:14266:24)
[2026-02-06T15:59:37.979Z] 
[2026-02-06T15:59:37.980Z] The plugin "vite:dep-scan" was triggered by this import
[2026-02-06T15:59:37.980Z] 
[2026-02-06T15:59:37.980Z] <stdin>:85:7:
[2026-02-06T15:59:37.980Z] [37m      85 │ import [32m"/home/ubuntu/senec-design/src/pages/standorte/solarteur-le[37m...
[2026-02-06T15:59:37.981Z] ╵        [32m~~~~~~~~~~~~~~~~~~~~~~~~~~~~~~~~~~~~~~~~~~~~~~~~~~~~~~~~~~~[0m
[2026-02-06T15:59:37.981Z] 
[2026-02-06T15:59:37.981Z] 
[2026-02-06T15:59:37.981Z] [31m✘ [41;31m[[41;97mERROR[41;31m][0m [1mThe server is being restarted or closed. Request is outdated[0m [1m[35m[plugin vite:dep-scan][0m
[2026-02-06T15:59:37.982Z] 
[2026-02-06T15:59:37.982Z] node_modules/.pnpm/esbuild@0.25.12/node_modules/esbuild/lib/main.js:1217:27:
[2026-02-06T15:59:37.982Z] [37m      1217 │         let result = await [32m[37mcallback({
[2026-02-06T15:59:37.982Z] ╵                            [32m^[0m
[2026-02-06T15:59:37.983Z] 
[2026-02-06T15:59:37.983Z] at throwClosedServerError (file:///home/ubuntu/senec-design/node_modules/.pnpm/vite@6.4.1_@types+node@25.2.0_jiti@1.21.7_yaml@2.8.2/node_modules/vite/dist/node/chunks/dep-D4NMHUTW.js:42055:15)
[2026-02-06T15:59:37.983Z] at EnvironmentPluginContainer.resolveId (file:///home/ubuntu/senec-design/node_modules/.pnpm/vite@6.4.1_@types+node@25.2.0_jiti@1.21.7_yaml@2.8.2/node_modules/vite/dist/node/chunks/dep-D4NMHUTW.js:42234:9)
[2026-02-06T15:59:37.984Z] at resolveId (file:///home/ubuntu/senec-design/node_modules/.pnpm/vite@6.4.1_@types+node@25.2.0_jiti@1.21.7_yaml@2.8.2/node_modules/vite/dist/node/chunks/dep-D4NMHUTW.js:14314:40)
[2026-02-06T15:59:37.984Z] at resolve (file:///home/ubuntu/senec-design/node_modules/.pnpm/vite@6.4.1_@types+node@25.2.0_jiti@1.21.7_yaml@2.8.2/node_modules/vite/dist/node/chunks/dep-D4NMHUTW.js:14325:28)
[2026-02-06T15:59:37.985Z] at file:///home/ubuntu/senec-design/node_modules/.pnpm/vite@6.4.1_@types+node@25.2.0_jiti@1.21.7_yaml@2.8.2/node_modules/vite/dist/node/chunks/dep-D4NMHUTW.js:14380:32
[2026-02-06T15:59:37.985Z] at requestCallbacks.on-resolve (/home/ubuntu/senec-design/node_modules/.pnpm/esbuild@0.25.12/node_modules/esbuild/lib/main.js:1217:28)
[2026-02-06T15:59:37.985Z] at handleRequest (/home/ubuntu/senec-design/node_modules/.pnpm/esbuild@0.25.12/node_modules/esbuild/lib/main.js:628:17)
[2026-02-06T15:59:37.986Z] at handleIncomingPacket (/home/ubuntu/senec-design/node_modules/.pnpm/esbuild@0.25.12/node_modules/esbuild/lib/main.js:653:7)
[2026-02-06T15:59:37.986Z] at Socket.readFromStdout (/home/ubuntu/senec-design/node_modules/.pnpm/esbuild@0.25.12/node_modules/esbuild/lib/main.js:581:7)
[2026-02-06T15:59:37.986Z] at Socket.emit (node:events:524:28)
[2026-02-06T15:59:37.986Z] 
[2026-02-06T15:59:37.987Z] This error came from the "onResolve" callback registered here:
[2026-02-06T15:59:37.987Z] 
[2026-02-06T15:59:37.987Z] node_modules/.pnpm/esbuild@0.25.12/node_modules/esbuild/lib/main.js:1141:20:
[2026-02-06T15:59:37.987Z] [37m      1141 │       let promise = [32m[37msetup({
[2026-02-06T15:59:37.988Z] ╵                     [32m^[0m
[2026-02-06T15:59:37.988Z] 
[2026-02-06T15:59:37.988Z] at setup (file:///home/ubuntu/senec-design/node_modules/.pnpm/vite@6.4.1_@types+node@25.2.0_jiti@1.21.7_yaml@2.8.2/node_modules/vite/dist/node/chunks/dep-D4NMHUTW.js:14379:13)
[2026-02-06T15:59:37.988Z] at handlePlugins (/home/ubuntu/senec-design/node_modules/.pnpm/esbuild@0.25.12/node_modules/esbuild/lib/main.js:1141:21)
[2026-02-06T15:59:37.989Z] at buildOrContextImpl (/home/ubuntu/senec-design/node_modules/.pnpm/esbuild@0.25.12/node_modules/esbuild/lib/main.js:854:5)
[2026-02-06T15:59:37.989Z] at Object.buildOrContext (/home/ubuntu/senec-design/node_modules/.pnpm/esbuild@0.25.12/node_modules/esbuild/lib/main.js:680:5)
[2026-02-06T15:59:37.989Z] at /home/ubuntu/senec-design/node_modules/.pnpm/esbuild@0.25.12/node_modules/esbuild/lib/main.js:2035:68
[2026-02-06T15:59:37.989Z] at new Promise (<anonymous>)
[2026-02-06T15:59:37.990Z] at Object.context (/home/ubuntu/senec-design/node_modules/.pnpm/esbuild@0.25.12/node_modules/esbuild/lib/main.js:2035:27)
[2026-02-06T15:59:37.990Z] at Object.context (/home/ubuntu/senec-design/node_modules/.pnpm/esbuild@0.25.12/node_modules/esbuild/lib/main.js:1877:58)
[2026-02-06T15:59:37.990Z] at prepareEsbuildScanner (file:///home/ubuntu/senec-design/node_modules/.pnpm/vite@6.4.1_@types+node@25.2.0_jiti@1.21.7_yaml@2.8.2/node_modules/vite/dist/node/chunks/dep-D4NMHUTW.js:14266:24)
[2026-02-06T15:59:37.990Z] 
[2026-02-06T15:59:37.991Z] The plugin "vite:dep-scan" was triggered by this import
[2026-02-06T15:59:37.991Z] 
[2026-02-06T15:59:37.991Z] <stdin>:86:7:
[2026-02-06T15:59:37.991Z] [37m      86 │ import [32m"/home/ubuntu/senec-design/src/pages/standorte/stromspeiche[37m...
[2026-02-06T15:59:37.992Z] ╵        [32m~~~~~~~~~~~~~~~~~~~~~~~~~~~~~~~~~~~~~~~~~~~~~~~~~~~~~~~~~~~[0m
[2026-02-06T15:59:37.992Z] 
[2026-02-06T15:59:37.992Z] 
[2026-02-06T15:59:37.992Z] [31m✘ [41;31m[[41;97mERROR[41;31m][0m [1mThe server is being restarted or closed. Request is outdated[0m [1m[35m[plugin vite:dep-scan][0m
[2026-02-06T15:59:37.993Z] 
[2026-02-06T15:59:37.993Z] node_modules/.pnpm/esbuild@0.25.12/node_modules/esbuild/lib/main.js:1217:27:
[2026-02-06T15:59:37.993Z] [37m      1217 │         let result = await [32m[37mcallback({
[2026-02-06T15:59:37.994Z] ╵                            [32m^[0m
[2026-02-06T15:59:37.994Z] 
[2026-02-06T15:59:37.994Z] at throwClosedServerError (file:///home/ubuntu/senec-design/node_modules/.pnpm/vite@6.4.1_@types+node@25.2.0_jiti@1.21.7_yaml@2.8.2/node_modules/vite/dist/node/chunks/dep-D4NMHUTW.js:42055:15)
[2026-02-06T15:59:37.994Z] at EnvironmentPluginContainer.resolveId (file:///home/ubuntu/senec-design/node_modules/.pnpm/vite@6.4.1_@types+node@25.2.0_jiti@1.21.7_yaml@2.8.2/node_modules/vite/dist/node/chunks/dep-D4NMHUTW.js:42234:9)
[2026-02-06T15:59:37.995Z] at resolveId (file:///home/ubuntu/senec-design/node_modules/.pnpm/vite@6.4.1_@types+node@25.2.0_jiti@1.21.7_yaml@2.8.2/node_modules/vite/dist/node/chunks/dep-D4NMHUTW.js:14314:40)
[2026-02-06T15:59:37.995Z] at resolve (file:///home/ubuntu/senec-design/node_modules/.pnpm/vite@6.4.1_@types+node@25.2.0_jiti@1.21.7_yaml@2.8.2/node_modules/vite/dist/node/chunks/dep-D4NMHUTW.js:14325:28)
[2026-02-06T15:59:37.995Z] at file:///home/ubuntu/senec-design/node_modules/.pnpm/vite@6.4.1_@types+node@25.2.0_jiti@1.21.7_yaml@2.8.2/node_modules/vite/dist/node/chunks/dep-D4NMHUTW.js:14380:32
[2026-02-06T15:59:37.996Z] at requestCallbacks.on-resolve (/home/ubuntu/senec-design/node_modules/.pnpm/esbuild@0.25.12/node_modules/esbuild/lib/main.js:1217:28)
[2026-02-06T15:59:37.996Z] at handleRequest (/home/ubuntu/senec-design/node_modules/.pnpm/esbuild@0.25.12/node_modules/esbuild/lib/main.js:628:17)
[2026-02-06T15:59:37.996Z] at handleIncomingPacket (/home/ubuntu/senec-design/node_modules/.pnpm/esbuild@0.25.12/node_modules/esbuild/lib/main.js:653:7)
[2026-02-06T15:59:37.996Z] at Socket.readFromStdout (/home/ubuntu/senec-design/node_modules/.pnpm/esbuild@0.25.12/node_modules/esbuild/lib/main.js:581:7)
[2026-02-06T15:59:37.997Z] at Socket.emit (node:events:524:28)
[2026-02-06T15:59:37.997Z] 
[2026-02-06T15:59:37.997Z] This error came from the "onResolve" callback registered here:
[2026-02-06T15:59:37.998Z] 
[2026-02-06T15:59:37.998Z] node_modules/.pnpm/esbuild@0.25.12/node_modules/esbuild/lib/main.js:1141:20:
[2026-02-06T15:59:37.998Z] [37m      1141 │       let promise = [32m[37msetup({
[2026-02-06T15:59:37.998Z] ╵                     [32m^[0m
[2026-02-06T15:59:37.999Z] 
[2026-02-06T15:59:37.999Z] at setup (file:///home/ubuntu/senec-design/node_modules/.pnpm/vite@6.4.1_@types+node@25.2.0_jiti@1.21.7_yaml@2.8.2/node_modules/vite/dist/node/chunks/dep-D4NMHUTW.js:14379:13)
[2026-02-06T15:59:37.999Z] at handlePlugins (/home/ubuntu/senec-design/node_modules/.pnpm/esbuild@0.25.12/node_modules/esbuild/lib/main.js:1141:21)
[2026-02-06T15:59:37.999Z] at buildOrContextImpl (/home/ubuntu/senec-design/node_modules/.pnpm/esbuild@0.25.12/node_modules/esbuild/lib/main.js:854:5)
[2026-02-06T15:59:38.000Z] at Object.buildOrContext (/home/ubuntu/senec-design/node_modules/.pnpm/esbuild@0.25.12/node_modules/esbuild/lib/main.js:680:5)
[2026-02-06T15:59:38.000Z] at /home/ubuntu/senec-design/node_modules/.pnpm/esbuild@0.25.12/node_modules/esbuild/lib/main.js:2035:68
[2026-02-06T15:59:38.000Z] at new Promise (<anonymous>)
[2026-02-06T15:59:38.001Z] at Object.context (/home/ubuntu/senec-design/node_modules/.pnpm/esbuild@0.25.12/node_modules/esbuild/lib/main.js:2035:27)
[2026-02-06T15:59:38.001Z] at Object.context (/home/ubuntu/senec-design/node_modules/.pnpm/esbuild@0.25.12/node_modules/esbuild/lib/main.js:1877:58)
[2026-02-06T15:59:38.001Z] at prepareEsbuildScanner (file:///home/ubuntu/senec-design/node_modules/.pnpm/vite@6.4.1_@types+node@25.2.0_jiti@1.21.7_yaml@2.8.2/node_modules/vite/dist/node/chunks/dep-D4NMHUTW.js:14266:24)
[2026-02-06T15:59:38.001Z] 
[2026-02-06T15:59:38.002Z] The plugin "vite:dep-scan" was triggered by this import
[2026-02-06T15:59:38.002Z] 
[2026-02-06T15:59:38.002Z] <stdin>:87:7:
[2026-02-06T15:59:38.002Z] [37m      87 │ import [32m"/home/ubuntu/senec-design/src/pages/standorte/wallbox-leip[37m...
[2026-02-06T15:59:38.003Z] ╵        [32m~~~~~~~~~~~~~~~~~~~~~~~~~~~~~~~~~~~~~~~~~~~~~~~~~~~~~~~~~~~[0m
[2026-02-06T15:59:38.003Z] 
[2026-02-06T15:59:38.003Z] 
[2026-02-06T15:59:38.003Z] [31m✘ [41;31m[[41;97mERROR[41;31m][0m [1mThe server is being restarted or closed. Request is outdated[0m [1m[35m[plugin vite:dep-scan][0m
[2026-02-06T15:59:38.004Z] 
[2026-02-06T15:59:38.004Z] node_modules/.pnpm/esbuild@0.25.12/node_modules/esbuild/lib/main.js:1217:27:
[2026-02-06T15:59:38.004Z] [37m      1217 │         let result = await [32m[37mcallback({
[2026-02-06T15:59:38.005Z] ╵                            [32m^[0m
[2026-02-06T15:59:38.005Z] 
[2026-02-06T15:59:38.005Z] at throwClosedServerError (file:///home/ubuntu/senec-design/node_modules/.pnpm/vite@6.4.1_@types+node@25.2.0_jiti@1.21.7_yaml@2.8.2/node_modules/vite/dist/node/chunks/dep-D4NMHUTW.js:42055:15)
[2026-02-06T15:59:38.005Z] at EnvironmentPluginContainer.resolveId (file:///home/ubuntu/senec-design/node_modules/.pnpm/vite@6.4.1_@types+node@25.2.0_jiti@1.21.7_yaml@2.8.2/node_modules/vite/dist/node/chunks/dep-D4NMHUTW.js:42234:9)
[2026-02-06T15:59:38.006Z] at resolveId (file:///home/ubuntu/senec-design/node_modules/.pnpm/vite@6.4.1_@types+node@25.2.0_jiti@1.21.7_yaml@2.8.2/node_modules/vite/dist/node/chunks/dep-D4NMHUTW.js:14314:40)
[2026-02-06T15:59:38.006Z] at resolve (file:///home/ubuntu/senec-design/node_modules/.pnpm/vite@6.4.1_@types+node@25.2.0_jiti@1.21.7_yaml@2.8.2/node_modules/vite/dist/node/chunks/dep-D4NMHUTW.js:14325:28)
[2026-02-06T15:59:38.006Z] at file:///home/ubuntu/senec-design/node_modules/.pnpm/vite@6.4.1_@types+node@25.2.0_jiti@1.21.7_yaml@2.8.2/node_modules/vite/dist/node/chunks/dep-D4NMHUTW.js:14380:32
[2026-02-06T15:59:38.007Z] at requestCallbacks.on-resolve (/home/ubuntu/senec-design/node_modules/.pnpm/esbuild@0.25.12/node_modules/esbuild/lib/main.js:1217:28)
[2026-02-06T15:59:38.007Z] at handleRequest (/home/ubuntu/senec-design/node_modules/.pnpm/esbuild@0.25.12/node_modules/esbuild/lib/main.js:628:17)
[2026-02-06T15:59:38.007Z] at handleIncomingPacket (/home/ubuntu/senec-design/node_modules/.pnpm/esbuild@0.25.12/node_modules/esbuild/lib/main.js:653:7)
[2026-02-06T15:59:38.008Z] at Socket.readFromStdout (/home/ubuntu/senec-design/node_modules/.pnpm/esbuild@0.25.12/node_modules/esbuild/lib/main.js:581:7)
[2026-02-06T15:59:38.008Z] at Socket.emit (node:events:524:28)
[2026-02-06T15:59:38.008Z] 
[2026-02-06T15:59:38.008Z] This error came from the "onResolve" callback registered here:
[2026-02-06T15:59:38.009Z] 
[2026-02-06T15:59:38.009Z] node_modules/.pnpm/esbuild@0.25.12/node_modules/esbuild/lib/main.js:1141:20:
[2026-02-06T15:59:38.009Z] [37m      1141 │       let promise = [32m[37msetup({
[2026-02-06T15:59:38.009Z] ╵                     [32m^[0m
[2026-02-06T15:59:38.010Z] 
[2026-02-06T15:59:38.010Z] at setup (file:///home/ubuntu/senec-design/node_modules/.pnpm/vite@6.4.1_@types+node@25.2.0_jiti@1.21.7_yaml@2.8.2/node_modules/vite/dist/node/chunks/dep-D4NMHUTW.js:14379:13)
[2026-02-06T15:59:38.010Z] at handlePlugins (/home/ubuntu/senec-design/node_modules/.pnpm/esbuild@0.25.12/node_modules/esbuild/lib/main.js:1141:21)
[2026-02-06T15:59:38.011Z] at buildOrContextImpl (/home/ubuntu/senec-design/node_modules/.pnpm/esbuild@0.25.12/node_modules/esbuild/lib/main.js:854:5)
[2026-02-06T15:59:38.011Z] at Object.buildOrContext (/home/ubuntu/senec-design/node_modules/.pnpm/esbuild@0.25.12/node_modules/esbuild/lib/main.js:680:5)
[2026-02-06T15:59:38.011Z] at /home/ubuntu/senec-design/node_modules/.pnpm/esbuild@0.25.12/node_modules/esbuild/lib/main.js:2035:68
[2026-02-06T15:59:38.012Z] at new Promise (<anonymous>)
[2026-02-06T15:59:38.012Z] at Object.context (/home/ubuntu/senec-design/node_modules/.pnpm/esbuild@0.25.12/node_modules/esbuild/lib/main.js:2035:27)
[2026-02-06T15:59:38.012Z] at Object.context (/home/ubuntu/senec-design/node_modules/.pnpm/esbuild@0.25.12/node_modules/esbuild/lib/main.js:1877:58)
[2026-02-06T15:59:38.013Z] at prepareEsbuildScanner (file:///home/ubuntu/senec-design/node_modules/.pnpm/vite@6.4.1_@types+node@25.2.0_jiti@1.21.7_yaml@2.8.2/node_modules/vite/dist/node/chunks/dep-D4NMHUTW.js:14266:24)
[2026-02-06T15:59:38.013Z] 
[2026-02-06T15:59:38.014Z] The plugin "vite:dep-scan" was triggered by this import
[2026-02-06T15:59:38.014Z] 
[2026-02-06T15:59:38.049Z] <stdin>:88:7:
[2026-02-06T15:59:38.051Z] [37m      88 │ import [32m"/home/ubuntu/senec-design/src/pages/standorte/weissenfels.[37m...
[2026-02-06T15:59:38.051Z] ╵        [32m~~~~~~~~~~~~~~~~~~~~~~~~~~~~~~~~~~~~~~~~~~~~~~~~~~~~~~~~~~~[0m
[2026-02-06T15:59:38.051Z] 
[2026-02-06T15:59:38.052Z] 
[2026-02-06T15:59:38.052Z] [31m✘ [41;31m[[41;97mERROR[41;31m][0m [1mThe server is being restarted or closed. Request is outdated[0m [1m[35m[plugin vite:dep-scan][0m
[2026-02-06T15:59:38.052Z] 
[2026-02-06T15:59:38.053Z] node_modules/.pnpm/esbuild@0.25.12/node_modules/esbuild/lib/main.js:1217:27:
[2026-02-06T15:59:38.053Z] [37m      1217 │         let result = await [32m[37mcallback({
[2026-02-06T15:59:38.053Z] ╵                            [32m^[0m
[2026-02-06T15:59:38.054Z] 
[2026-02-06T15:59:38.054Z] at throwClosedServerError (file:///home/ubuntu/senec-design/node_modules/.pnpm/vite@6.4.1_@types+node@25.2.0_jiti@1.21.7_yaml@2.8.2/node_modules/vite/dist/node/chunks/dep-D4NMHUTW.js:42055:15)
[2026-02-06T15:59:38.054Z] at EnvironmentPluginContainer.resolveId (file:///home/ubuntu/senec-design/node_modules/.pnpm/vite@6.4.1_@types+node@25.2.0_jiti@1.21.7_yaml@2.8.2/node_modules/vite/dist/node/chunks/dep-D4NMHUTW.js:42234:9)
[2026-02-06T15:59:38.054Z] at resolveId (file:///home/ubuntu/senec-design/node_modules/.pnpm/vite@6.4.1_@types+node@25.2.0_jiti@1.21.7_yaml@2.8.2/node_modules/vite/dist/node/chunks/dep-D4NMHUTW.js:14314:40)
[2026-02-06T15:59:38.055Z] at resolve (file:///home/ubuntu/senec-design/node_modules/.pnpm/vite@6.4.1_@types+node@25.2.0_jiti@1.21.7_yaml@2.8.2/node_modules/vite/dist/node/chunks/dep-D4NMHUTW.js:14325:28)
[2026-02-06T15:59:38.055Z] at file:///home/ubuntu/senec-design/node_modules/.pnpm/vite@6.4.1_@types+node@25.2.0_jiti@1.21.7_yaml@2.8.2/node_modules/vite/dist/node/chunks/dep-D4NMHUTW.js:14380:32
[2026-02-06T15:59:38.055Z] at requestCallbacks.on-resolve (/home/ubuntu/senec-design/node_modules/.pnpm/esbuild@0.25.12/node_modules/esbuild/lib/main.js:1217:28)
[2026-02-06T15:59:38.056Z] at handleRequest (/home/ubuntu/senec-design/node_modules/.pnpm/esbuild@0.25.12/node_modules/esbuild/lib/main.js:628:17)
[2026-02-06T15:59:38.056Z] at handleIncomingPacket (/home/ubuntu/senec-design/node_modules/.pnpm/esbuild@0.25.12/node_modules/esbuild/lib/main.js:653:7)
[2026-02-06T15:59:38.056Z] at Socket.readFromStdout (/home/ubuntu/senec-design/node_modules/.pnpm/esbuild@0.25.12/node_modules/esbuild/lib/main.js:581:7)
[2026-02-06T15:59:38.057Z] at Socket.emit (node:events:524:28)
[2026-02-06T15:59:38.057Z] 
[2026-02-06T15:59:38.057Z] This error came from the "onResolve" callback registered here:
[2026-02-06T15:59:38.057Z] 
[2026-02-06T15:59:38.058Z] node_modules/.pnpm/esbuild@0.25.12/node_modules/esbuild/lib/main.js:1141:20:
[2026-02-06T15:59:38.058Z] [37m      1141 │       let promise = [32m[37msetup({
[2026-02-06T15:59:38.058Z] ╵                     [32m^[0m
[2026-02-06T15:59:38.059Z] 
[2026-02-06T15:59:38.059Z] at setup (file:///home/ubuntu/senec-design/node_modules/.pnpm/vite@6.4.1_@types+node@25.2.0_jiti@1.21.7_yaml@2.8.2/node_modules/vite/dist/node/chunks/dep-D4NMHUTW.js:14379:13)
[2026-02-06T15:59:38.059Z] at handlePlugins (/home/ubuntu/senec-design/node_modules/.pnpm/esbuild@0.25.12/node_modules/esbuild/lib/main.js:1141:21)
[2026-02-06T15:59:38.060Z] at buildOrContextImpl (/home/ubuntu/senec-design/node_modules/.pnpm/esbuild@0.25.12/node_modules/esbuild/lib/main.js:854:5)
[2026-02-06T15:59:38.060Z] at Object.buildOrContext (/home/ubuntu/senec-design/node_modules/.pnpm/esbuild@0.25.12/node_modules/esbuild/lib/main.js:680:5)
[2026-02-06T15:59:38.060Z] at /home/ubuntu/senec-design/node_modules/.pnpm/esbuild@0.25.12/node_modules/esbuild/lib/main.js:2035:68
[2026-02-06T15:59:38.063Z] at new Promise (<anonymous>)
[2026-02-06T15:59:38.064Z] at Object.context (/home/ubuntu/senec-design/node_modules/.pnpm/esbuild@0.25.12/node_modules/esbuild/lib/main.js:2035:27)
[2026-02-06T15:59:38.064Z] at Object.context (/home/ubuntu/senec-design/node_modules/.pnpm/esbuild@0.25.12/node_modules/esbuild/lib/main.js:1877:58)
[2026-02-06T15:59:38.064Z] at prepareEsbuildScanner (file:///home/ubuntu/senec-design/node_modules/.pnpm/vite@6.4.1_@types+node@25.2.0_jiti@1.21.7_yaml@2.8.2/node_modules/vite/dist/node/chunks/dep-D4NMHUTW.js:14266:24)
[2026-02-06T15:59:38.065Z] 
[2026-02-06T15:59:38.065Z] The plugin "vite:dep-scan" was triggered by this import
[2026-02-06T15:59:38.065Z] 
[2026-02-06T15:59:38.066Z] <stdin>:89:7:
[2026-02-06T15:59:38.066Z] [37m      89 │ import [32m"/home/ubuntu/senec-design/src/pages/standorte/zeitz.astro"[37m
[2026-02-06T15:59:38.066Z] ╵        [32m~~~~~~~~~~~~~~~~~~~~~~~~~~~~~~~~~~~~~~~~~~~~~~~~~~~~~~~~~~~[0m
[2026-02-06T15:59:38.067Z] 
[2026-02-06T15:59:38.067Z] 
[2026-02-06T15:59:38.067Z] [31m✘ [41;31m[[41;97mERROR[41;31m][0m [1mThe server is being restarted or closed. Request is outdated[0m [1m[35m[plugin vite:dep-scan][0m
[2026-02-06T15:59:38.067Z] 
[2026-02-06T15:59:38.068Z] node_modules/.pnpm/esbuild@0.25.12/node_modules/esbuild/lib/main.js:1217:27:
[2026-02-06T15:59:38.068Z] [37m      1217 │         let result = await [32m[37mcallback({
[2026-02-06T15:59:38.068Z] ╵                            [32m^[0m
[2026-02-06T15:59:38.069Z] 
[2026-02-06T15:59:38.069Z] at throwClosedServerError (file:///home/ubuntu/senec-design/node_modules/.pnpm/vite@6.4.1_@types+node@25.2.0_jiti@1.21.7_yaml@2.8.2/node_modules/vite/dist/node/chunks/dep-D4NMHUTW.js:42055:15)
[2026-02-06T15:59:38.069Z] at EnvironmentPluginContainer.resolveId (file:///home/ubuntu/senec-design/node_modules/.pnpm/vite@6.4.1_@types+node@25.2.0_jiti@1.21.7_yaml@2.8.2/node_modules/vite/dist/node/chunks/dep-D4NMHUTW.js:42234:9)
[2026-02-06T15:59:38.070Z] at resolveId (file:///home/ubuntu/senec-design/node_modules/.pnpm/vite@6.4.1_@types+node@25.2.0_jiti@1.21.7_yaml@2.8.2/node_modules/vite/dist/node/chunks/dep-D4NMHUTW.js:14314:40)
[2026-02-06T15:59:38.070Z] at resolve (file:///home/ubuntu/senec-design/node_modules/.pnpm/vite@6.4.1_@types+node@25.2.0_jiti@1.21.7_yaml@2.8.2/node_modules/vite/dist/node/chunks/dep-D4NMHUTW.js:14325:28)
[2026-02-06T15:59:38.070Z] at file:///home/ubuntu/senec-design/node_modules/.pnpm/vite@6.4.1_@types+node@25.2.0_jiti@1.21.7_yaml@2.8.2/node_modules/vite/dist/node/chunks/dep-D4NMHUTW.js:14490:34
[2026-02-06T15:59:38.071Z] at requestCallbacks.on-resolve (/home/ubuntu/senec-design/node_modules/.pnpm/esbuild@0.25.12/node_modules/esbuild/lib/main.js:1217:28)
[2026-02-06T15:59:38.071Z] at handleRequest (/home/ubuntu/senec-design/node_modules/.pnpm/esbuild@0.25.12/node_modules/esbuild/lib/main.js:628:17)
[2026-02-06T15:59:38.071Z] at handleIncomingPacket (/home/ubuntu/senec-design/node_modules/.pnpm/esbuild@0.25.12/node_modules/esbuild/lib/main.js:653:7)
[2026-02-06T15:59:38.072Z] at Socket.readFromStdout (/home/ubuntu/senec-design/node_modules/.pnpm/esbuild@0.25.12/node_modules/esbuild/lib/main.js:581:7)
[2026-02-06T15:59:38.072Z] at Socket.emit (node:events:524:28)
[2026-02-06T15:59:38.072Z] 
[2026-02-06T15:59:38.073Z] This error came from the "onResolve" callback registered here:
[2026-02-06T15:59:38.073Z] 
[2026-02-06T15:59:38.073Z] node_modules/.pnpm/esbuild@0.25.12/node_modules/esbuild/lib/main.js:1141:20:
[2026-02-06T15:59:38.074Z] [37m      1141 │       let promise = [32m[37msetup({
[2026-02-06T15:59:38.074Z] ╵                     [32m^[0m
[2026-02-06T15:59:38.074Z] 
[2026-02-06T15:59:38.075Z] at setup (file:///home/ubuntu/senec-design/node_modules/.pnpm/vite@6.4.1_@types+node@25.2.0_jiti@1.21.7_yaml@2.8.2/node_modules/vite/dist/node/chunks/dep-D4NMHUTW.js:14478:13)
[2026-02-06T15:59:38.075Z] at handlePlugins (/home/ubuntu/senec-design/node_modules/.pnpm/esbuild@0.25.12/node_modules/esbuild/lib/main.js:1141:21)
[2026-02-06T15:59:38.075Z] at buildOrContextImpl (/home/ubuntu/senec-design/node_modules/.pnpm/esbuild@0.25.12/node_modules/esbuild/lib/main.js:854:5)
[2026-02-06T15:59:38.076Z] at Object.buildOrContext (/home/ubuntu/senec-design/node_modules/.pnpm/esbuild@0.25.12/node_modules/esbuild/lib/main.js:680:5)
[2026-02-06T15:59:38.077Z] at /home/ubuntu/senec-design/node_modules/.pnpm/esbuild@0.25.12/node_modules/esbuild/lib/main.js:2035:68
[2026-02-06T15:59:38.077Z] at new Promise (<anonymous>)
[2026-02-06T15:59:38.077Z] at Object.context (/home/ubuntu/senec-design/node_modules/.pnpm/esbuild@0.25.12/node_modules/esbuild/lib/main.js:2035:27)
[2026-02-06T15:59:38.078Z] at Object.context (/home/ubuntu/senec-design/node_modules/.pnpm/esbuild@0.25.12/node_modules/esbuild/lib/main.js:1877:58)
[2026-02-06T15:59:38.078Z] at prepareEsbuildScanner (file:///home/ubuntu/senec-design/node_modules/.pnpm/vite@6.4.1_@types+node@25.2.0_jiti@1.21.7_yaml@2.8.2/node_modules/vite/dist/node/chunks/dep-D4NMHUTW.js:14266:24)
[2026-02-06T15:59:38.078Z] 
[2026-02-06T15:59:38.078Z] The plugin "vite:dep-scan" was triggered by this import
[2026-02-06T15:59:38.079Z] 
[2026-02-06T15:59:38.079Z] src/components/SolarCalculator.tsx:1:43:
[2026-02-06T15:59:38.079Z] [37m      1 │ import React, { useState, useEffect } from [32m"react"[37m;
[2026-02-06T15:59:38.080Z] ╵                                            [32m~~~~~~~[0m
[2026-02-06T15:59:38.080Z] 
[2026-02-06T15:59:38.081Z] 
[2026-02-06T15:59:38.081Z] [31m✘ [41;31m[[41;97mERROR[41;31m][0m [1mThe server is being restarted or closed. Request is outdated[0m [1m[35m[plugin vite:dep-scan][0m
[2026-02-06T15:59:38.082Z] 
[2026-02-06T15:59:38.082Z] node_modules/.pnpm/esbuild@0.25.12/node_modules/esbuild/lib/main.js:1217:27:
[2026-02-06T15:59:38.082Z] [37m      1217 │         let result = await [32m[37mcallback({
[2026-02-06T15:59:38.082Z] ╵                            [32m^[0m
[2026-02-06T15:59:38.083Z] 
[2026-02-06T15:59:38.083Z] at throwClosedServerError (file:///home/ubuntu/senec-design/node_modules/.pnpm/vite@6.4.1_@types+node@25.2.0_jiti@1.21.7_yaml@2.8.2/node_modules/vite/dist/node/chunks/dep-D4NMHUTW.js:42055:15)
[2026-02-06T15:59:38.083Z] at EnvironmentPluginContainer.resolveId (file:///home/ubuntu/senec-design/node_modules/.pnpm/vite@6.4.1_@types+node@25.2.0_jiti@1.21.7_yaml@2.8.2/node_modules/vite/dist/node/chunks/dep-D4NMHUTW.js:42234:9)
[2026-02-06T15:59:38.084Z] at resolveId (file:///home/ubuntu/senec-design/node_modules/.pnpm/vite@6.4.1_@types+node@25.2.0_jiti@1.21.7_yaml@2.8.2/node_modules/vite/dist/node/chunks/dep-D4NMHUTW.js:14314:40)
[2026-02-06T15:59:38.084Z] at resolve (file:///home/ubuntu/senec-design/node_modules/.pnpm/vite@6.4.1_@types+node@25.2.0_jiti@1.21.7_yaml@2.8.2/node_modules/vite/dist/node/chunks/dep-D4NMHUTW.js:14325:28)
[2026-02-06T15:59:38.084Z] at file:///home/ubuntu/senec-design/node_modules/.pnpm/vite@6.4.1_@types+node@25.2.0_jiti@1.21.7_yaml@2.8.2/node_modules/vite/dist/node/chunks/dep-D4NMHUTW.js:14490:34
[2026-02-06T15:59:38.085Z] at requestCallbacks.on-resolve (/home/ubuntu/senec-design/node_modules/.pnpm/esbuild@0.25.12/node_modules/esbuild/lib/main.js:1217:28)
[2026-02-06T15:59:38.085Z] at handleRequest (/home/ubuntu/senec-design/node_modules/.pnpm/esbuild@0.25.12/node_modules/esbuild/lib/main.js:628:17)
[2026-02-06T15:59:38.085Z] at handleIncomingPacket (/home/ubuntu/senec-design/node_modules/.pnpm/esbuild@0.25.12/node_modules/esbuild/lib/main.js:653:7)
[2026-02-06T15:59:38.085Z] at Socket.readFromStdout (/home/ubuntu/senec-design/node_modules/.pnpm/esbuild@0.25.12/node_modules/esbuild/lib/main.js:581:7)
[2026-02-06T15:59:38.086Z] at Socket.emit (node:events:524:28)
[2026-02-06T15:59:38.086Z] 
[2026-02-06T15:59:38.086Z] This error came from the "onResolve" callback registered here:
[2026-02-06T15:59:38.086Z] 
[2026-02-06T15:59:38.087Z] node_modules/.pnpm/esbuild@0.25.12/node_modules/esbuild/lib/main.js:1141:20:
[2026-02-06T15:59:38.087Z] [37m      1141 │       let promise = [32m[37msetup({
[2026-02-06T15:59:38.087Z] ╵                     [32m^[0m
[2026-02-06T15:59:38.088Z] 
[2026-02-06T15:59:38.088Z] at setup (file:///home/ubuntu/senec-design/node_modules/.pnpm/vite@6.4.1_@types+node@25.2.0_jiti@1.21.7_yaml@2.8.2/node_modules/vite/dist/node/chunks/dep-D4NMHUTW.js:14478:13)
[2026-02-06T15:59:38.088Z] at handlePlugins (/home/ubuntu/senec-design/node_modules/.pnpm/esbuild@0.25.12/node_modules/esbuild/lib/main.js:1141:21)
[2026-02-06T15:59:38.088Z] at buildOrContextImpl (/home/ubuntu/senec-design/node_modules/.pnpm/esbuild@0.25.12/node_modules/esbuild/lib/main.js:854:5)
[2026-02-06T15:59:38.089Z] at Object.buildOrContext (/home/ubuntu/senec-design/node_modules/.pnpm/esbuild@0.25.12/node_modules/esbuild/lib/main.js:680:5)
[2026-02-06T15:59:38.089Z] at /home/ubuntu/senec-design/node_modules/.pnpm/esbuild@0.25.12/node_modules/esbuild/lib/main.js:2035:68
[2026-02-06T15:59:38.089Z] at new Promise (<anonymous>)
[2026-02-06T15:59:38.089Z] at Object.context (/home/ubuntu/senec-design/node_modules/.pnpm/esbuild@0.25.12/node_modules/esbuild/lib/main.js:2035:27)
[2026-02-06T15:59:38.090Z] at Object.context (/home/ubuntu/senec-design/node_modules/.pnpm/esbuild@0.25.12/node_modules/esbuild/lib/main.js:1877:58)
[2026-02-06T15:59:38.090Z] at prepareEsbuildScanner (file:///home/ubuntu/senec-design/node_modules/.pnpm/vite@6.4.1_@types+node@25.2.0_jiti@1.21.7_yaml@2.8.2/node_modules/vite/dist/node/chunks/dep-D4NMHUTW.js:14266:24)
[2026-02-06T15:59:38.090Z] 
[2026-02-06T15:59:38.091Z] The plugin "vite:dep-scan" was triggered by this import
[2026-02-06T15:59:38.091Z] 
[2026-02-06T15:59:38.091Z] src/components/SolarCalculator.tsx:2:23:
[2026-02-06T15:59:38.091Z] [37m      2 │ import { Slider } from [32m"@/components/ui/slider"[37m;
[2026-02-06T15:59:38.092Z] ╵                        [32m~~~~~~~~~~~~~~~~~~~~~~~~[0m
[2026-02-06T15:59:38.092Z] 
[2026-02-06T15:59:38.092Z] 
[2026-02-06T15:59:38.092Z] [31m✘ [41;31m[[41;97mERROR[41;31m][0m [1mThe server is being restarted or closed. Request is outdated[0m [1m[35m[plugin vite:dep-scan][0m
[2026-02-06T15:59:38.093Z] 
[2026-02-06T15:59:38.093Z] node_modules/.pnpm/esbuild@0.25.12/node_modules/esbuild/lib/main.js:1217:27:
[2026-02-06T15:59:38.093Z] [37m      1217 │         let result = await [32m[37mcallback({
[2026-02-06T15:59:38.093Z] ╵                            [32m^[0m
[2026-02-06T15:59:38.094Z] 
[2026-02-06T15:59:38.094Z] at throwClosedServerError (file:///home/ubuntu/senec-design/node_modules/.pnpm/vite@6.4.1_@types+node@25.2.0_jiti@1.21.7_yaml@2.8.2/node_modules/vite/dist/node/chunks/dep-D4NMHUTW.js:42055:15)
[2026-02-06T15:59:38.094Z] at EnvironmentPluginContainer.resolveId (file:///home/ubuntu/senec-design/node_modules/.pnpm/vite@6.4.1_@types+node@25.2.0_jiti@1.21.7_yaml@2.8.2/node_modules/vite/dist/node/chunks/dep-D4NMHUTW.js:42234:9)
[2026-02-06T15:59:38.095Z] at resolveId (file:///home/ubuntu/senec-design/node_modules/.pnpm/vite@6.4.1_@types+node@25.2.0_jiti@1.21.7_yaml@2.8.2/node_modules/vite/dist/node/chunks/dep-D4NMHUTW.js:14314:40)
[2026-02-06T15:59:38.095Z] at resolve (file:///home/ubuntu/senec-design/node_modules/.pnpm/vite@6.4.1_@types+node@25.2.0_jiti@1.21.7_yaml@2.8.2/node_modules/vite/dist/node/chunks/dep-D4NMHUTW.js:14325:28)
[2026-02-06T15:59:38.095Z] at file:///home/ubuntu/senec-design/node_modules/.pnpm/vite@6.4.1_@types+node@25.2.0_jiti@1.21.7_yaml@2.8.2/node_modules/vite/dist/node/chunks/dep-D4NMHUTW.js:14490:34
[2026-02-06T15:59:38.096Z] at requestCallbacks.on-resolve (/home/ubuntu/senec-design/node_modules/.pnpm/esbuild@0.25.12/node_modules/esbuild/lib/main.js:1217:28)
[2026-02-06T15:59:38.096Z] at handleRequest (/home/ubuntu/senec-design/node_modules/.pnpm/esbuild@0.25.12/node_modules/esbuild/lib/main.js:628:17)
[2026-02-06T15:59:38.096Z] at handleIncomingPacket (/home/ubuntu/senec-design/node_modules/.pnpm/esbuild@0.25.12/node_modules/esbuild/lib/main.js:653:7)
[2026-02-06T15:59:38.096Z] at Socket.readFromStdout (/home/ubuntu/senec-design/node_modules/.pnpm/esbuild@0.25.12/node_modules/esbuild/lib/main.js:581:7)
[2026-02-06T15:59:38.097Z] at Socket.emit (node:events:524:28)
[2026-02-06T15:59:38.097Z] 
[2026-02-06T15:59:38.097Z] This error came from the "onResolve" callback registered here:
[2026-02-06T15:59:38.097Z] 
[2026-02-06T15:59:38.098Z] node_modules/.pnpm/esbuild@0.25.12/node_modules/esbuild/lib/main.js:1141:20:
[2026-02-06T15:59:38.098Z] [37m      1141 │       let promise = [32m[37msetup({
[2026-02-06T15:59:38.098Z] ╵                     [32m^[0m
[2026-02-06T15:59:38.099Z] 
[2026-02-06T15:59:38.099Z] at setup (file:///home/ubuntu/senec-design/node_modules/.pnpm/vite@6.4.1_@types+node@25.2.0_jiti@1.21.7_yaml@2.8.2/node_modules/vite/dist/node/chunks/dep-D4NMHUTW.js:14478:13)
[2026-02-06T15:59:38.099Z] at handlePlugins (/home/ubuntu/senec-design/node_modules/.pnpm/esbuild@0.25.12/node_modules/esbuild/lib/main.js:1141:21)
[2026-02-06T15:59:38.099Z] at buildOrContextImpl (/home/ubuntu/senec-design/node_modules/.pnpm/esbuild@0.25.12/node_modules/esbuild/lib/main.js:854:5)
[2026-02-06T15:59:38.100Z] at Object.buildOrContext (/home/ubuntu/senec-design/node_modules/.pnpm/esbuild@0.25.12/node_modules/esbuild/lib/main.js:680:5)
[2026-02-06T15:59:38.100Z] at /home/ubuntu/senec-design/node_modules/.pnpm/esbuild@0.25.12/node_modules/esbuild/lib/main.js:2035:68
[2026-02-06T15:59:38.100Z] at new Promise (<anonymous>)
[2026-02-06T15:59:38.101Z] at Object.context (/home/ubuntu/senec-design/node_modules/.pnpm/esbuild@0.25.12/node_modules/esbuild/lib/main.js:2035:27)
[2026-02-06T15:59:38.101Z] at Object.context (/home/ubuntu/senec-design/node_modules/.pnpm/esbuild@0.25.12/node_modules/esbuild/lib/main.js:1877:58)
[2026-02-06T15:59:38.101Z] at prepareEsbuildScanner (file:///home/ubuntu/senec-design/node_modules/.pnpm/vite@6.4.1_@types+node@25.2.0_jiti@1.21.7_yaml@2.8.2/node_modules/vite/dist/node/chunks/dep-D4NMHUTW.js:14266:24)
[2026-02-06T15:59:38.101Z] 
[2026-02-06T15:59:38.102Z] The plugin "vite:dep-scan" was triggered by this import
[2026-02-06T15:59:38.102Z] 
[2026-02-06T15:59:38.102Z] src/components/SolarCalculator.tsx:3:23:
[2026-02-06T15:59:38.102Z] [37m      3 │ import { Switch } from [32m"@/components/ui/switch"[37m;
[2026-02-06T15:59:38.103Z] ╵                        [32m~~~~~~~~~~~~~~~~~~~~~~~~[0m
[2026-02-06T15:59:38.103Z] 
[2026-02-06T15:59:38.103Z] 
[2026-02-06T15:59:38.103Z] [31m✘ [41;31m[[41;97mERROR[41;31m][0m [1mThe server is being restarted or closed. Request is outdated[0m [1m[35m[plugin vite:dep-scan][0m
[2026-02-06T15:59:38.104Z] 
[2026-02-06T15:59:38.104Z] node_modules/.pnpm/esbuild@0.25.12/node_modules/esbuild/lib/main.js:1217:27:
[2026-02-06T15:59:38.104Z] [37m      1217 │         let result = await [32m[37mcallback({
[2026-02-06T15:59:38.105Z] ╵                            [32m^[0m
[2026-02-06T15:59:38.105Z] 
[2026-02-06T15:59:38.105Z] at throwClosedServerError (file:///home/ubuntu/senec-design/node_modules/.pnpm/vite@6.4.1_@types+node@25.2.0_jiti@1.21.7_yaml@2.8.2/node_modules/vite/dist/node/chunks/dep-D4NMHUTW.js:42055:15)
[2026-02-06T15:59:38.105Z] at EnvironmentPluginContainer.resolveId (file:///home/ubuntu/senec-design/node_modules/.pnpm/vite@6.4.1_@types+node@25.2.0_jiti@1.21.7_yaml@2.8.2/node_modules/vite/dist/node/chunks/dep-D4NMHUTW.js:42234:9)
[2026-02-06T15:59:38.106Z] at resolveId (file:///home/ubuntu/senec-design/node_modules/.pnpm/vite@6.4.1_@types+node@25.2.0_jiti@1.21.7_yaml@2.8.2/node_modules/vite/dist/node/chunks/dep-D4NMHUTW.js:14314:40)
[2026-02-06T15:59:38.106Z] at resolve (file:///home/ubuntu/senec-design/node_modules/.pnpm/vite@6.4.1_@types+node@25.2.0_jiti@1.21.7_yaml@2.8.2/node_modules/vite/dist/node/chunks/dep-D4NMHUTW.js:14325:28)
[2026-02-06T15:59:38.106Z] at file:///home/ubuntu/senec-design/node_modules/.pnpm/vite@6.4.1_@types+node@25.2.0_jiti@1.21.7_yaml@2.8.2/node_modules/vite/dist/node/chunks/dep-D4NMHUTW.js:14490:34
[2026-02-06T15:59:38.107Z] at requestCallbacks.on-resolve (/home/ubuntu/senec-design/node_modules/.pnpm/esbuild@0.25.12/node_modules/esbuild/lib/main.js:1217:28)
[2026-02-06T15:59:38.107Z] at handleRequest (/home/ubuntu/senec-design/node_modules/.pnpm/esbuild@0.25.12/node_modules/esbuild/lib/main.js:628:17)
[2026-02-06T15:59:38.107Z] at handleIncomingPacket (/home/ubuntu/senec-design/node_modules/.pnpm/esbuild@0.25.12/node_modules/esbuild/lib/main.js:653:7)
[2026-02-06T15:59:38.107Z] at Socket.readFromStdout (/home/ubuntu/senec-design/node_modules/.pnpm/esbuild@0.25.12/node_modules/esbuild/lib/main.js:581:7)
[2026-02-06T15:59:38.108Z] at Socket.emit (node:events:524:28)
[2026-02-06T15:59:38.108Z] 
[2026-02-06T15:59:38.108Z] This error came from the "onResolve" callback registered here:
[2026-02-06T15:59:38.109Z] 
[2026-02-06T15:59:38.109Z] node_modules/.pnpm/esbuild@0.25.12/node_modules/esbuild/lib/main.js:1141:20:
[2026-02-06T15:59:38.109Z] [37m      1141 │       let promise = [32m[37msetup({
[2026-02-06T15:59:38.109Z] ╵                     [32m^[0m
[2026-02-06T15:59:38.110Z] 
[2026-02-06T15:59:38.110Z] at setup (file:///home/ubuntu/senec-design/node_modules/.pnpm/vite@6.4.1_@types+node@25.2.0_jiti@1.21.7_yaml@2.8.2/node_modules/vite/dist/node/chunks/dep-D4NMHUTW.js:14478:13)
[2026-02-06T15:59:38.110Z] at handlePlugins (/home/ubuntu/senec-design/node_modules/.pnpm/esbuild@0.25.12/node_modules/esbuild/lib/main.js:1141:21)
[2026-02-06T15:59:38.110Z] at buildOrContextImpl (/home/ubuntu/senec-design/node_modules/.pnpm/esbuild@0.25.12/node_modules/esbuild/lib/main.js:854:5)
[2026-02-06T15:59:38.111Z] at Object.buildOrContext (/home/ubuntu/senec-design/node_modules/.pnpm/esbuild@0.25.12/node_modules/esbuild/lib/main.js:680:5)
[2026-02-06T15:59:38.111Z] at /home/ubuntu/senec-design/node_modules/.pnpm/esbuild@0.25.12/node_modules/esbuild/lib/main.js:2035:68
[2026-02-06T15:59:38.111Z] at new Promise (<anonymous>)
[2026-02-06T15:59:38.112Z] at Object.context (/home/ubuntu/senec-design/node_modules/.pnpm/esbuild@0.25.12/node_modules/esbuild/lib/main.js:2035:27)
[2026-02-06T15:59:38.112Z] at Object.context (/home/ubuntu/senec-design/node_modules/.pnpm/esbuild@0.25.12/node_modules/esbuild/lib/main.js:1877:58)
[2026-02-06T15:59:38.112Z] at prepareEsbuildScanner (file:///home/ubuntu/senec-design/node_modules/.pnpm/vite@6.4.1_@types+node@25.2.0_jiti@1.21.7_yaml@2.8.2/node_modules/vite/dist/node/chunks/dep-D4NMHUTW.js:14266:24)
[2026-02-06T15:59:38.112Z] 
[2026-02-06T15:59:38.113Z] The plugin "vite:dep-scan" was triggered by this import
[2026-02-06T15:59:38.113Z] 
[2026-02-06T15:59:38.113Z] src/components/SolarCalculator.tsx:4:23:
[2026-02-06T15:59:38.113Z] [37m      4 │ import { Button } from [32m"@/components/ui/button"[37m;
[2026-02-06T15:59:38.114Z] ╵                        [32m~~~~~~~~~~~~~~~~~~~~~~~~[0m
[2026-02-06T15:59:38.114Z] 
[2026-02-06T15:59:38.114Z] 
[2026-02-06T15:59:38.115Z] [31m✘ [41;31m[[41;97mERROR[41;31m][0m [1mThe server is being restarted or closed. Request is outdated[0m [1m[35m[plugin vite:dep-scan][0m
[2026-02-06T15:59:38.115Z] 
[2026-02-06T15:59:38.115Z] node_modules/.pnpm/esbuild@0.25.12/node_modules/esbuild/lib/main.js:1217:27:
[2026-02-06T15:59:38.115Z] [37m      1217 │         let result = await [32m[37mcallback({
[2026-02-06T15:59:38.116Z] ╵                            [32m^[0m
[2026-02-06T15:59:38.116Z] 
[2026-02-06T15:59:38.116Z] at throwClosedServerError (file:///home/ubuntu/senec-design/node_modules/.pnpm/vite@6.4.1_@types+node@25.2.0_jiti@1.21.7_yaml@2.8.2/node_modules/vite/dist/node/chunks/dep-D4NMHUTW.js:42055:15)
[2026-02-06T15:59:38.117Z] at EnvironmentPluginContainer.resolveId (file:///home/ubuntu/senec-design/node_modules/.pnpm/vite@6.4.1_@types+node@25.2.0_jiti@1.21.7_yaml@2.8.2/node_modules/vite/dist/node/chunks/dep-D4NMHUTW.js:42234:9)
[2026-02-06T15:59:38.117Z] at resolveId (file:///home/ubuntu/senec-design/node_modules/.pnpm/vite@6.4.1_@types+node@25.2.0_jiti@1.21.7_yaml@2.8.2/node_modules/vite/dist/node/chunks/dep-D4NMHUTW.js:14314:40)
[2026-02-06T15:59:38.117Z] at resolve (file:///home/ubuntu/senec-design/node_modules/.pnpm/vite@6.4.1_@types+node@25.2.0_jiti@1.21.7_yaml@2.8.2/node_modules/vite/dist/node/chunks/dep-D4NMHUTW.js:14325:28)
[2026-02-06T15:59:38.118Z] at file:///home/ubuntu/senec-design/node_modules/.pnpm/vite@6.4.1_@types+node@25.2.0_jiti@1.21.7_yaml@2.8.2/node_modules/vite/dist/node/chunks/dep-D4NMHUTW.js:14490:34
[2026-02-06T15:59:38.118Z] at requestCallbacks.on-resolve (/home/ubuntu/senec-design/node_modules/.pnpm/esbuild@0.25.12/node_modules/esbuild/lib/main.js:1217:28)
[2026-02-06T15:59:38.118Z] at handleRequest (/home/ubuntu/senec-design/node_modules/.pnpm/esbuild@0.25.12/node_modules/esbuild/lib/main.js:628:17)
[2026-02-06T15:59:38.118Z] at handleIncomingPacket (/home/ubuntu/senec-design/node_modules/.pnpm/esbuild@0.25.12/node_modules/esbuild/lib/main.js:653:7)
[2026-02-06T15:59:38.119Z] at Socket.readFromStdout (/home/ubuntu/senec-design/node_modules/.pnpm/esbuild@0.25.12/node_modules/esbuild/lib/main.js:581:7)
[2026-02-06T15:59:38.119Z] at Socket.emit (node:events:524:28)
[2026-02-06T15:59:38.119Z] 
[2026-02-06T15:59:38.119Z] This error came from the "onResolve" callback registered here:
[2026-02-06T15:59:38.120Z] 
[2026-02-06T15:59:38.120Z] node_modules/.pnpm/esbuild@0.25.12/node_modules/esbuild/lib/main.js:1141:20:
[2026-02-06T15:59:38.120Z] [37m      1141 │       let promise = [32m[37msetup({
[2026-02-06T15:59:38.120Z] ╵                     [32m^[0m
[2026-02-06T15:59:38.121Z] 
[2026-02-06T15:59:38.121Z] at setup (file:///home/ubuntu/senec-design/node_modules/.pnpm/vite@6.4.1_@types+node@25.2.0_jiti@1.21.7_yaml@2.8.2/node_modules/vite/dist/node/chunks/dep-D4NMHUTW.js:14478:13)
[2026-02-06T15:59:38.121Z] at handlePlugins (/home/ubuntu/senec-design/node_modules/.pnpm/esbuild@0.25.12/node_modules/esbuild/lib/main.js:1141:21)
[2026-02-06T15:59:38.121Z] at buildOrContextImpl (/home/ubuntu/senec-design/node_modules/.pnpm/esbuild@0.25.12/node_modules/esbuild/lib/main.js:854:5)
[2026-02-06T15:59:38.122Z] at Object.buildOrContext (/home/ubuntu/senec-design/node_modules/.pnpm/esbuild@0.25.12/node_modules/esbuild/lib/main.js:680:5)
[2026-02-06T15:59:38.122Z] at /home/ubuntu/senec-design/node_modules/.pnpm/esbuild@0.25.12/node_modules/esbuild/lib/main.js:2035:68
[2026-02-06T15:59:38.122Z] at new Promise (<anonymous>)
[2026-02-06T15:59:38.123Z] at Object.context (/home/ubuntu/senec-design/node_modules/.pnpm/esbuild@0.25.12/node_modules/esbuild/lib/main.js:2035:27)
[2026-02-06T15:59:38.123Z] at Object.context (/home/ubuntu/senec-design/node_modules/.pnpm/esbuild@0.25.12/node_modules/esbuild/lib/main.js:1877:58)
[2026-02-06T15:59:38.123Z] at prepareEsbuildScanner (file:///home/ubuntu/senec-design/node_modules/.pnpm/vite@6.4.1_@types+node@25.2.0_jiti@1.21.7_yaml@2.8.2/node_modules/vite/dist/node/chunks/dep-D4NMHUTW.js:14266:24)
[2026-02-06T15:59:38.123Z] 
[2026-02-06T15:59:38.124Z] The plugin "vite:dep-scan" was triggered by this import
[2026-02-06T15:59:38.124Z] 
[2026-02-06T15:59:38.124Z] src/components/SolarCalculator.tsx:5:22:
[2026-02-06T15:59:38.124Z] [37m      5 │ import { Label } from [32m"@/components/ui/label"[37m;
[2026-02-06T15:59:38.126Z] ╵                       [32m~~~~~~~~~~~~~~~~~~~~~~~[0m
[2026-02-06T15:59:38.127Z] 
[2026-02-06T15:59:38.127Z] 
[2026-02-06T15:59:38.127Z] [31m✘ [41;31m[[41;97mERROR[41;31m][0m [1mThe server is being restarted or closed. Request is outdated[0m [1m[35m[plugin vite:dep-scan][0m
[2026-02-06T15:59:38.128Z] 
[2026-02-06T15:59:38.128Z] node_modules/.pnpm/esbuild@0.25.12/node_modules/esbuild/lib/main.js:1217:27:
[2026-02-06T15:59:38.128Z] [37m      1217 │         let result = await [32m[37mcallback({
[2026-02-06T15:59:38.128Z] ╵                            [32m^[0m
[2026-02-06T15:59:38.129Z] 
[2026-02-06T15:59:38.129Z] at throwClosedServerError (file:///home/ubuntu/senec-design/node_modules/.pnpm/vite@6.4.1_@types+node@25.2.0_jiti@1.21.7_yaml@2.8.2/node_modules/vite/dist/node/chunks/dep-D4NMHUTW.js:42055:15)
[2026-02-06T15:59:38.129Z] at EnvironmentPluginContainer.resolveId (file:///home/ubuntu/senec-design/node_modules/.pnpm/vite@6.4.1_@types+node@25.2.0_jiti@1.21.7_yaml@2.8.2/node_modules/vite/dist/node/chunks/dep-D4NMHUTW.js:42234:9)
[2026-02-06T15:59:38.130Z] at resolveId (file:///home/ubuntu/senec-design/node_modules/.pnpm/vite@6.4.1_@types+node@25.2.0_jiti@1.21.7_yaml@2.8.2/node_modules/vite/dist/node/chunks/dep-D4NMHUTW.js:14314:40)
[2026-02-06T15:59:38.130Z] at resolve (file:///home/ubuntu/senec-design/node_modules/.pnpm/vite@6.4.1_@types+node@25.2.0_jiti@1.21.7_yaml@2.8.2/node_modules/vite/dist/node/chunks/dep-D4NMHUTW.js:14325:28)
[2026-02-06T15:59:38.130Z] at file:///home/ubuntu/senec-design/node_modules/.pnpm/vite@6.4.1_@types+node@25.2.0_jiti@1.21.7_yaml@2.8.2/node_modules/vite/dist/node/chunks/dep-D4NMHUTW.js:14490:34
[2026-02-06T15:59:38.130Z] at requestCallbacks.on-resolve (/home/ubuntu/senec-design/node_modules/.pnpm/esbuild@0.25.12/node_modules/esbuild/lib/main.js:1217:28)
[2026-02-06T15:59:38.131Z] at handleRequest (/home/ubuntu/senec-design/node_modules/.pnpm/esbuild@0.25.12/node_modules/esbuild/lib/main.js:628:17)
[2026-02-06T15:59:38.131Z] at handleIncomingPacket (/home/ubuntu/senec-design/node_modules/.pnpm/esbuild@0.25.12/node_modules/esbuild/lib/main.js:653:7)
[2026-02-06T15:59:38.131Z] at Socket.readFromStdout (/home/ubuntu/senec-design/node_modules/.pnpm/esbuild@0.25.12/node_modules/esbuild/lib/main.js:581:7)
[2026-02-06T15:59:38.132Z] at Socket.emit (node:events:524:28)
[2026-02-06T15:59:38.132Z] 
[2026-02-06T15:59:38.132Z] This error came from the "onResolve" callback registered here:
[2026-02-06T15:59:38.132Z] 
[2026-02-06T15:59:38.133Z] node_modules/.pnpm/esbuild@0.25.12/node_modules/esbuild/lib/main.js:1141:20:
[2026-02-06T15:59:38.133Z] [37m      1141 │       let promise = [32m[37msetup({
[2026-02-06T15:59:38.133Z] ╵                     [32m^[0m
[2026-02-06T15:59:38.134Z] 
[2026-02-06T15:59:38.134Z] at setup (file:///home/ubuntu/senec-design/node_modules/.pnpm/vite@6.4.1_@types+node@25.2.0_jiti@1.21.7_yaml@2.8.2/node_modules/vite/dist/node/chunks/dep-D4NMHUTW.js:14478:13)
[2026-02-06T15:59:38.134Z] at handlePlugins (/home/ubuntu/senec-design/node_modules/.pnpm/esbuild@0.25.12/node_modules/esbuild/lib/main.js:1141:21)
[2026-02-06T15:59:38.135Z] at buildOrContextImpl (/home/ubuntu/senec-design/node_modules/.pnpm/esbuild@0.25.12/node_modules/esbuild/lib/main.js:854:5)
[2026-02-06T15:59:38.135Z] at Object.buildOrContext (/home/ubuntu/senec-design/node_modules/.pnpm/esbuild@0.25.12/node_modules/esbuild/lib/main.js:680:5)
[2026-02-06T15:59:38.135Z] at /home/ubuntu/senec-design/node_modules/.pnpm/esbuild@0.25.12/node_modules/esbuild/lib/main.js:2035:68
[2026-02-06T15:59:38.136Z] at new Promise (<anonymous>)
[2026-02-06T15:59:38.136Z] at Object.context (/home/ubuntu/senec-design/node_modules/.pnpm/esbuild@0.25.12/node_modules/esbuild/lib/main.js:2035:27)
[2026-02-06T15:59:38.136Z] at Object.context (/home/ubuntu/senec-design/node_modules/.pnpm/esbuild@0.25.12/node_modules/esbuild/lib/main.js:1877:58)
[2026-02-06T15:59:38.136Z] at prepareEsbuildScanner (file:///home/ubuntu/senec-design/node_modules/.pnpm/vite@6.4.1_@types+node@25.2.0_jiti@1.21.7_yaml@2.8.2/node_modules/vite/dist/node/chunks/dep-D4NMHUTW.js:14266:24)
[2026-02-06T15:59:38.137Z] 
[2026-02-06T15:59:38.137Z] The plugin "vite:dep-scan" was triggered by this import
[2026-02-06T15:59:38.137Z] 
[2026-02-06T15:59:38.138Z] src/components/SolarCalculator.tsx:6:34:
[2026-02-06T15:59:38.138Z] [37m      6 │ import { Card, CardContent } from [32m"@/components/ui/card"[37m;
[2026-02-06T15:59:38.138Z] ╵                                   [32m~~~~~~~~~~~~~~~~~~~~~~[0m
[2026-02-06T15:59:38.138Z] 
[2026-02-06T15:59:38.139Z] 
[2026-02-06T15:59:38.139Z] [31m✘ [41;31m[[41;97mERROR[41;31m][0m [1mThe server is being restarted or closed. Request is outdated[0m [1m[35m[plugin vite:dep-scan][0m
[2026-02-06T15:59:38.139Z] 
[2026-02-06T15:59:38.139Z] node_modules/.pnpm/esbuild@0.25.12/node_modules/esbuild/lib/main.js:1217:27:
[2026-02-06T15:59:38.140Z] [37m      1217 │         let result = await [32m[37mcallback({
[2026-02-06T15:59:38.140Z] ╵                            [32m^[0m
[2026-02-06T15:59:38.140Z] 
[2026-02-06T15:59:38.140Z] at throwClosedServerError (file:///home/ubuntu/senec-design/node_modules/.pnpm/vite@6.4.1_@types+node@25.2.0_jiti@1.21.7_yaml@2.8.2/node_modules/vite/dist/node/chunks/dep-D4NMHUTW.js:42055:15)
[2026-02-06T15:59:38.141Z] at EnvironmentPluginContainer.resolveId (file:///home/ubuntu/senec-design/node_modules/.pnpm/vite@6.4.1_@types+node@25.2.0_jiti@1.21.7_yaml@2.8.2/node_modules/vite/dist/node/chunks/dep-D4NMHUTW.js:42234:9)
[2026-02-06T15:59:38.141Z] at resolveId (file:///home/ubuntu/senec-design/node_modules/.pnpm/vite@6.4.1_@types+node@25.2.0_jiti@1.21.7_yaml@2.8.2/node_modules/vite/dist/node/chunks/dep-D4NMHUTW.js:14314:40)
[2026-02-06T15:59:38.141Z] at resolve (file:///home/ubuntu/senec-design/node_modules/.pnpm/vite@6.4.1_@types+node@25.2.0_jiti@1.21.7_yaml@2.8.2/node_modules/vite/dist/node/chunks/dep-D4NMHUTW.js:14325:28)
[2026-02-06T15:59:38.142Z] at file:///home/ubuntu/senec-design/node_modules/.pnpm/vite@6.4.1_@types+node@25.2.0_jiti@1.21.7_yaml@2.8.2/node_modules/vite/dist/node/chunks/dep-D4NMHUTW.js:14490:34
[2026-02-06T15:59:38.142Z] at requestCallbacks.on-resolve (/home/ubuntu/senec-design/node_modules/.pnpm/esbuild@0.25.12/node_modules/esbuild/lib/main.js:1217:28)
[2026-02-06T15:59:38.142Z] at handleRequest (/home/ubuntu/senec-design/node_modules/.pnpm/esbuild@0.25.12/node_modules/esbuild/lib/main.js:628:17)
[2026-02-06T15:59:38.143Z] at handleIncomingPacket (/home/ubuntu/senec-design/node_modules/.pnpm/esbuild@0.25.12/node_modules/esbuild/lib/main.js:653:7)
[2026-02-06T15:59:38.143Z] at Socket.readFromStdout (/home/ubuntu/senec-design/node_modules/.pnpm/esbuild@0.25.12/node_modules/esbuild/lib/main.js:581:7)
[2026-02-06T15:59:38.144Z] at Socket.emit (node:events:524:28)
[2026-02-06T15:59:38.144Z] 
[2026-02-06T15:59:38.144Z] This error came from the "onResolve" callback registered here:
[2026-02-06T15:59:38.145Z] 
[2026-02-06T15:59:38.145Z] node_modules/.pnpm/esbuild@0.25.12/node_modules/esbuild/lib/main.js:1141:20:
[2026-02-06T15:59:38.145Z] [37m      1141 │       let promise = [32m[37msetup({
[2026-02-06T15:59:38.145Z] ╵                     [32m^[0m
[2026-02-06T15:59:38.146Z] 
[2026-02-06T15:59:38.146Z] at setup (file:///home/ubuntu/senec-design/node_modules/.pnpm/vite@6.4.1_@types+node@25.2.0_jiti@1.21.7_yaml@2.8.2/node_modules/vite/dist/node/chunks/dep-D4NMHUTW.js:14478:13)
[2026-02-06T15:59:38.146Z] at handlePlugins (/home/ubuntu/senec-design/node_modules/.pnpm/esbuild@0.25.12/node_modules/esbuild/lib/main.js:1141:21)
[2026-02-06T15:59:38.147Z] at buildOrContextImpl (/home/ubuntu/senec-design/node_modules/.pnpm/esbuild@0.25.12/node_modules/esbuild/lib/main.js:854:5)
[2026-02-06T15:59:38.147Z] at Object.buildOrContext (/home/ubuntu/senec-design/node_modules/.pnpm/esbuild@0.25.12/node_modules/esbuild/lib/main.js:680:5)
[2026-02-06T15:59:38.147Z] at /home/ubuntu/senec-design/node_modules/.pnpm/esbuild@0.25.12/node_modules/esbuild/lib/main.js:2035:68
[2026-02-06T15:59:38.148Z] at new Promise (<anonymous>)
[2026-02-06T15:59:38.148Z] at Object.context (/home/ubuntu/senec-design/node_modules/.pnpm/esbuild@0.25.12/node_modules/esbuild/lib/main.js:2035:27)
[2026-02-06T15:59:38.148Z] at Object.context (/home/ubuntu/senec-design/node_modules/.pnpm/esbuild@0.25.12/node_modules/esbuild/lib/main.js:1877:58)
[2026-02-06T15:59:38.148Z] at prepareEsbuildScanner (file:///home/ubuntu/senec-design/node_modules/.pnpm/vite@6.4.1_@types+node@25.2.0_jiti@1.21.7_yaml@2.8.2/node_modules/vite/dist/node/chunks/dep-D4NMHUTW.js:14266:24)
[2026-02-06T15:59:38.149Z] 
[2026-02-06T15:59:38.149Z] The plugin "vite:dep-scan" was triggered by this import
[2026-02-06T15:59:38.149Z] 
[2026-02-06T15:59:38.150Z] src/components/SolarCalculator.tsx:7:22:
[2026-02-06T15:59:38.150Z] [37m      7 │ import { Input } from [32m"@/components/ui/input"[37m;
[2026-02-06T15:59:38.150Z] ╵                       [32m~~~~~~~~~~~~~~~~~~~~~~~[0m
[2026-02-06T15:59:38.150Z] 
[2026-02-06T15:59:38.151Z] 
[2026-02-06T15:59:38.151Z] [31m✘ [41;31m[[41;97mERROR[41;31m][0m [1mThe server is being restarted or closed. Request is outdated[0m [1m[35m[plugin vite:dep-scan][0m
[2026-02-06T15:59:38.151Z] 
[2026-02-06T15:59:38.151Z] node_modules/.pnpm/esbuild@0.25.12/node_modules/esbuild/lib/main.js:1217:27:
[2026-02-06T15:59:38.152Z] [37m      1217 │         let result = await [32m[37mcallback({
[2026-02-06T15:59:38.152Z] ╵                            [32m^[0m
[2026-02-06T15:59:38.152Z] 
[2026-02-06T15:59:38.152Z] at throwClosedServerError (file:///home/ubuntu/senec-design/node_modules/.pnpm/vite@6.4.1_@types+node@25.2.0_jiti@1.21.7_yaml@2.8.2/node_modules/vite/dist/node/chunks/dep-D4NMHUTW.js:42055:15)
[2026-02-06T15:59:38.153Z] at EnvironmentPluginContainer.resolveId (file:///home/ubuntu/senec-design/node_modules/.pnpm/vite@6.4.1_@types+node@25.2.0_jiti@1.21.7_yaml@2.8.2/node_modules/vite/dist/node/chunks/dep-D4NMHUTW.js:42234:9)
[2026-02-06T15:59:38.153Z] at resolveId (file:///home/ubuntu/senec-design/node_modules/.pnpm/vite@6.4.1_@types+node@25.2.0_jiti@1.21.7_yaml@2.8.2/node_modules/vite/dist/node/chunks/dep-D4NMHUTW.js:14314:40)
[2026-02-06T15:59:38.153Z] at resolve (file:///home/ubuntu/senec-design/node_modules/.pnpm/vite@6.4.1_@types+node@25.2.0_jiti@1.21.7_yaml@2.8.2/node_modules/vite/dist/node/chunks/dep-D4NMHUTW.js:14325:28)
[2026-02-06T15:59:38.153Z] at file:///home/ubuntu/senec-design/node_modules/.pnpm/vite@6.4.1_@types+node@25.2.0_jiti@1.21.7_yaml@2.8.2/node_modules/vite/dist/node/chunks/dep-D4NMHUTW.js:14490:34
[2026-02-06T15:59:38.154Z] at requestCallbacks.on-resolve (/home/ubuntu/senec-design/node_modules/.pnpm/esbuild@0.25.12/node_modules/esbuild/lib/main.js:1217:28)
[2026-02-06T15:59:38.154Z] at handleRequest (/home/ubuntu/senec-design/node_modules/.pnpm/esbuild@0.25.12/node_modules/esbuild/lib/main.js:628:17)
[2026-02-06T15:59:38.154Z] at handleIncomingPacket (/home/ubuntu/senec-design/node_modules/.pnpm/esbuild@0.25.12/node_modules/esbuild/lib/main.js:653:7)
[2026-02-06T15:59:38.155Z] at Socket.readFromStdout (/home/ubuntu/senec-design/node_modules/.pnpm/esbuild@0.25.12/node_modules/esbuild/lib/main.js:581:7)
[2026-02-06T15:59:38.155Z] at Socket.emit (node:events:524:28)
[2026-02-06T15:59:38.155Z] 
[2026-02-06T15:59:38.155Z] This error came from the "onResolve" callback registered here:
[2026-02-06T15:59:38.156Z] 
[2026-02-06T15:59:38.156Z] node_modules/.pnpm/esbuild@0.25.12/node_modules/esbuild/lib/main.js:1141:20:
[2026-02-06T15:59:38.156Z] [37m      1141 │       let promise = [32m[37msetup({
[2026-02-06T15:59:38.156Z] ╵                     [32m^[0m
[2026-02-06T15:59:38.157Z] 
[2026-02-06T15:59:38.157Z] at setup (file:///home/ubuntu/senec-design/node_modules/.pnpm/vite@6.4.1_@types+node@25.2.0_jiti@1.21.7_yaml@2.8.2/node_modules/vite/dist/node/chunks/dep-D4NMHUTW.js:14478:13)
[2026-02-06T15:59:38.157Z] at handlePlugins (/home/ubuntu/senec-design/node_modules/.pnpm/esbuild@0.25.12/node_modules/esbuild/lib/main.js:1141:21)
[2026-02-06T15:59:38.157Z] at buildOrContextImpl (/home/ubuntu/senec-design/node_modules/.pnpm/esbuild@0.25.12/node_modules/esbuild/lib/main.js:854:5)
[2026-02-06T15:59:38.158Z] at Object.buildOrContext (/home/ubuntu/senec-design/node_modules/.pnpm/esbuild@0.25.12/node_modules/esbuild/lib/main.js:680:5)
[2026-02-06T15:59:38.158Z] at /home/ubuntu/senec-design/node_modules/.pnpm/esbuild@0.25.12/node_modules/esbuild/lib/main.js:2035:68
[2026-02-06T15:59:38.158Z] at new Promise (<anonymous>)
[2026-02-06T15:59:38.159Z] at Object.context (/home/ubuntu/senec-design/node_modules/.pnpm/esbuild@0.25.12/node_modules/esbuild/lib/main.js:2035:27)
[2026-02-06T15:59:38.159Z] at Object.context (/home/ubuntu/senec-design/node_modules/.pnpm/esbuild@0.25.12/node_modules/esbuild/lib/main.js:1877:58)
[2026-02-06T15:59:38.159Z] at prepareEsbuildScanner (file:///home/ubuntu/senec-design/node_modules/.pnpm/vite@6.4.1_@types+node@25.2.0_jiti@1.21.7_yaml@2.8.2/node_modules/vite/dist/node/chunks/dep-D4NMHUTW.js:14266:24)
[2026-02-06T15:59:38.159Z] 
[2026-02-06T15:59:38.160Z] The plugin "vite:dep-scan" was triggered by this import
[2026-02-06T15:59:38.160Z] 
[2026-02-06T15:59:38.160Z] src/components/SolarCalculator.tsx:8:148:
[2026-02-06T15:59:38.160Z] [37m      8 │ ...ft, Send, Info, Loader2, Search, Flame, Moon } from [32m"lucide-react"[37m;
[2026-02-06T15:59:38.161Z] ╵                                                        [32m~~~~~~~~~~~~~~[0m
[2026-02-06T15:59:38.161Z] 
[2026-02-06T15:59:38.161Z] 
[2026-02-06T15:59:38.161Z] [31m✘ [41;31m[[41;97mERROR[41;31m][0m [1mThe server is being restarted or closed. Request is outdated[0m [1m[35m[plugin vite:dep-scan][0m
[2026-02-06T15:59:38.162Z] 
[2026-02-06T15:59:38.162Z] node_modules/.pnpm/esbuild@0.25.12/node_modules/esbuild/lib/main.js:1217:27:
[2026-02-06T15:59:38.162Z] [37m      1217 │         let result = await [32m[37mcallback({
[2026-02-06T15:59:38.162Z] ╵                            [32m^[0m
[2026-02-06T15:59:38.163Z] 
[2026-02-06T15:59:38.163Z] at throwClosedServerError (file:///home/ubuntu/senec-design/node_modules/.pnpm/vite@6.4.1_@types+node@25.2.0_jiti@1.21.7_yaml@2.8.2/node_modules/vite/dist/node/chunks/dep-D4NMHUTW.js:42055:15)
[2026-02-06T15:59:38.163Z] at EnvironmentPluginContainer.resolveId (file:///home/ubuntu/senec-design/node_modules/.pnpm/vite@6.4.1_@types+node@25.2.0_jiti@1.21.7_yaml@2.8.2/node_modules/vite/dist/node/chunks/dep-D4NMHUTW.js:42234:9)
[2026-02-06T15:59:38.164Z] at resolveId (file:///home/ubuntu/senec-design/node_modules/.pnpm/vite@6.4.1_@types+node@25.2.0_jiti@1.21.7_yaml@2.8.2/node_modules/vite/dist/node/chunks/dep-D4NMHUTW.js:14314:40)
[2026-02-06T15:59:38.164Z] at resolve (file:///home/ubuntu/senec-design/node_modules/.pnpm/vite@6.4.1_@types+node@25.2.0_jiti@1.21.7_yaml@2.8.2/node_modules/vite/dist/node/chunks/dep-D4NMHUTW.js:14325:28)
[2026-02-06T15:59:38.164Z] at file:///home/ubuntu/senec-design/node_modules/.pnpm/vite@6.4.1_@types+node@25.2.0_jiti@1.21.7_yaml@2.8.2/node_modules/vite/dist/node/chunks/dep-D4NMHUTW.js:14490:34
[2026-02-06T15:59:38.164Z] at requestCallbacks.on-resolve (/home/ubuntu/senec-design/node_modules/.pnpm/esbuild@0.25.12/node_modules/esbuild/lib/main.js:1217:28)
[2026-02-06T15:59:38.165Z] at handleRequest (/home/ubuntu/senec-design/node_modules/.pnpm/esbuild@0.25.12/node_modules/esbuild/lib/main.js:628:17)
[2026-02-06T15:59:38.165Z] at handleIncomingPacket (/home/ubuntu/senec-design/node_modules/.pnpm/esbuild@0.25.12/node_modules/esbuild/lib/main.js:653:7)
[2026-02-06T15:59:38.165Z] at Socket.readFromStdout (/home/ubuntu/senec-design/node_modules/.pnpm/esbuild@0.25.12/node_modules/esbuild/lib/main.js:581:7)
[2026-02-06T15:59:38.165Z] at Socket.emit (node:events:524:28)
[2026-02-06T15:59:38.166Z] 
[2026-02-06T15:59:38.166Z] This error came from the "onResolve" callback registered here:
[2026-02-06T15:59:38.166Z] 
[2026-02-06T15:59:38.166Z] node_modules/.pnpm/esbuild@0.25.12/node_modules/esbuild/lib/main.js:1141:20:
[2026-02-06T15:59:38.167Z] [37m      1141 │       let promise = [32m[37msetup({
[2026-02-06T15:59:38.167Z] ╵                     [32m^[0m
[2026-02-06T15:59:38.167Z] 
[2026-02-06T15:59:38.167Z] at setup (file:///home/ubuntu/senec-design/node_modules/.pnpm/vite@6.4.1_@types+node@25.2.0_jiti@1.21.7_yaml@2.8.2/node_modules/vite/dist/node/chunks/dep-D4NMHUTW.js:14478:13)
[2026-02-06T15:59:38.168Z] at handlePlugins (/home/ubuntu/senec-design/node_modules/.pnpm/esbuild@0.25.12/node_modules/esbuild/lib/main.js:1141:21)
[2026-02-06T15:59:38.168Z] at buildOrContextImpl (/home/ubuntu/senec-design/node_modules/.pnpm/esbuild@0.25.12/node_modules/esbuild/lib/main.js:854:5)
[2026-02-06T15:59:38.168Z] at Object.buildOrContext (/home/ubuntu/senec-design/node_modules/.pnpm/esbuild@0.25.12/node_modules/esbuild/lib/main.js:680:5)
[2026-02-06T15:59:38.169Z] at /home/ubuntu/senec-design/node_modules/.pnpm/esbuild@0.25.12/node_modules/esbuild/lib/main.js:2035:68
[2026-02-06T15:59:38.169Z] at new Promise (<anonymous>)
[2026-02-06T15:59:38.169Z] at Object.context (/home/ubuntu/senec-design/node_modules/.pnpm/esbuild@0.25.12/node_modules/esbuild/lib/main.js:2035:27)
[2026-02-06T15:59:38.169Z] at Object.context (/home/ubuntu/senec-design/node_modules/.pnpm/esbuild@0.25.12/node_modules/esbuild/lib/main.js:1877:58)
[2026-02-06T15:59:38.170Z] at prepareEsbuildScanner (file:///home/ubuntu/senec-design/node_modules/.pnpm/vite@6.4.1_@types+node@25.2.0_jiti@1.21.7_yaml@2.8.2/node_modules/vite/dist/node/chunks/dep-D4NMHUTW.js:14266:24)
[2026-02-06T15:59:38.170Z] 
[2026-02-06T15:59:38.170Z] The plugin "vite:dep-scan" was triggered by this import
[2026-02-06T15:59:38.170Z] 
[2026-02-06T15:59:38.171Z] src/components/SolarCalculator.tsx:9:22:
[2026-02-06T15:59:38.171Z] [37m      9 │ import { jsPDF } from [32m"jspdf"[37m;
[2026-02-06T15:59:38.171Z] ╵                       [32m~~~~~~~[0m
[2026-02-06T15:59:38.171Z] 
[2026-02-06T15:59:38.172Z] 
[2026-02-06T15:59:38.172Z] [31m✘ [41;31m[[41;97mERROR[41;31m][0m [1mThe server is being restarted or closed. Request is outdated[0m [1m[35m[plugin vite:dep-scan][0m
[2026-02-06T15:59:38.172Z] 
[2026-02-06T15:59:38.173Z] node_modules/.pnpm/esbuild@0.25.12/node_modules/esbuild/lib/main.js:1217:27:
[2026-02-06T15:59:38.173Z] [37m      1217 │         let result = await [32m[37mcallback({
[2026-02-06T15:59:38.173Z] ╵                            [32m^[0m
[2026-02-06T15:59:38.173Z] 
[2026-02-06T15:59:38.174Z] at throwClosedServerError (file:///home/ubuntu/senec-design/node_modules/.pnpm/vite@6.4.1_@types+node@25.2.0_jiti@1.21.7_yaml@2.8.2/node_modules/vite/dist/node/chunks/dep-D4NMHUTW.js:42055:15)
[2026-02-06T15:59:38.174Z] at EnvironmentPluginContainer.resolveId (file:///home/ubuntu/senec-design/node_modules/.pnpm/vite@6.4.1_@types+node@25.2.0_jiti@1.21.7_yaml@2.8.2/node_modules/vite/dist/node/chunks/dep-D4NMHUTW.js:42234:9)
[2026-02-06T15:59:38.174Z] at resolveId (file:///home/ubuntu/senec-design/node_modules/.pnpm/vite@6.4.1_@types+node@25.2.0_jiti@1.21.7_yaml@2.8.2/node_modules/vite/dist/node/chunks/dep-D4NMHUTW.js:14314:40)
[2026-02-06T15:59:38.174Z] at resolve (file:///home/ubuntu/senec-design/node_modules/.pnpm/vite@6.4.1_@types+node@25.2.0_jiti@1.21.7_yaml@2.8.2/node_modules/vite/dist/node/chunks/dep-D4NMHUTW.js:14325:28)
[2026-02-06T15:59:38.175Z] at file:///home/ubuntu/senec-design/node_modules/.pnpm/vite@6.4.1_@types+node@25.2.0_jiti@1.21.7_yaml@2.8.2/node_modules/vite/dist/node/chunks/dep-D4NMHUTW.js:14490:34
[2026-02-06T15:59:38.175Z] at requestCallbacks.on-resolve (/home/ubuntu/senec-design/node_modules/.pnpm/esbuild@0.25.12/node_modules/esbuild/lib/main.js:1217:28)
[2026-02-06T15:59:38.175Z] at handleRequest (/home/ubuntu/senec-design/node_modules/.pnpm/esbuild@0.25.12/node_modules/esbuild/lib/main.js:628:17)
[2026-02-06T15:59:38.176Z] at handleIncomingPacket (/home/ubuntu/senec-design/node_modules/.pnpm/esbuild@0.25.12/node_modules/esbuild/lib/main.js:653:7)
[2026-02-06T15:59:38.176Z] at Socket.readFromStdout (/home/ubuntu/senec-design/node_modules/.pnpm/esbuild@0.25.12/node_modules/esbuild/lib/main.js:581:7)
[2026-02-06T15:59:38.176Z] at Socket.emit (node:events:524:28)
[2026-02-06T15:59:38.177Z] 
[2026-02-06T15:59:38.177Z] This error came from the "onResolve" callback registered here:
[2026-02-06T15:59:38.177Z] 
[2026-02-06T15:59:38.177Z] node_modules/.pnpm/esbuild@0.25.12/node_modules/esbuild/lib/main.js:1141:20:
[2026-02-06T15:59:38.178Z] [37m      1141 │       let promise = [32m[37msetup({
[2026-02-06T15:59:38.178Z] ╵                     [32m^[0m
[2026-02-06T15:59:38.178Z] 
[2026-02-06T15:59:38.178Z] at setup (file:///home/ubuntu/senec-design/node_modules/.pnpm/vite@6.4.1_@types+node@25.2.0_jiti@1.21.7_yaml@2.8.2/node_modules/vite/dist/node/chunks/dep-D4NMHUTW.js:14478:13)
[2026-02-06T15:59:38.179Z] at handlePlugins (/home/ubuntu/senec-design/node_modules/.pnpm/esbuild@0.25.12/node_modules/esbuild/lib/main.js:1141:21)
[2026-02-06T15:59:38.179Z] at buildOrContextImpl (/home/ubuntu/senec-design/node_modules/.pnpm/esbuild@0.25.12/node_modules/esbuild/lib/main.js:854:5)
[2026-02-06T15:59:38.180Z] at Object.buildOrContext (/home/ubuntu/senec-design/node_modules/.pnpm/esbuild@0.25.12/node_modules/esbuild/lib/main.js:680:5)
[2026-02-06T15:59:38.180Z] at /home/ubuntu/senec-design/node_modules/.pnpm/esbuild@0.25.12/node_modules/esbuild/lib/main.js:2035:68
[2026-02-06T15:59:38.180Z] at new Promise (<anonymous>)
[2026-02-06T15:59:38.180Z] at Object.context (/home/ubuntu/senec-design/node_modules/.pnpm/esbuild@0.25.12/node_modules/esbuild/lib/main.js:2035:27)
[2026-02-06T15:59:38.181Z] at Object.context (/home/ubuntu/senec-design/node_modules/.pnpm/esbuild@0.25.12/node_modules/esbuild/lib/main.js:1877:58)
[2026-02-06T15:59:38.181Z] at prepareEsbuildScanner (file:///home/ubuntu/senec-design/node_modules/.pnpm/vite@6.4.1_@types+node@25.2.0_jiti@1.21.7_yaml@2.8.2/node_modules/vite/dist/node/chunks/dep-D4NMHUTW.js:14266:24)
[2026-02-06T15:59:38.181Z] 
[2026-02-06T15:59:38.182Z] The plugin "vite:dep-scan" was triggered by this import
[2026-02-06T15:59:38.182Z] 
[2026-02-06T15:59:38.182Z] src/components/SolarCalculator.tsx:15:7:
[2026-02-06T15:59:38.183Z] [37m      15 │ } from [32m"@/components/ui/tooltip"[37m;
[2026-02-06T15:59:38.183Z] ╵        [32m~~~~~~~~~~~~~~~~~~~~~~~~~[0m
[2026-02-06T15:59:38.183Z] 
[2026-02-06T15:59:38.183Z] 
[2026-02-06T15:59:38.184Z] [31m✘ [41;31m[[41;97mERROR[41;31m][0m [1mThe server is being restarted or closed. Request is outdated[0m [1m[35m[plugin vite:dep-scan][0m
[2026-02-06T15:59:38.184Z] 
[2026-02-06T15:59:38.184Z] node_modules/.pnpm/esbuild@0.25.12/node_modules/esbuild/lib/main.js:1217:27:
[2026-02-06T15:59:38.185Z] [37m      1217 │         let result = await [32m[37mcallback({
[2026-02-06T15:59:38.185Z] ╵                            [32m^[0m
[2026-02-06T15:59:38.185Z] 
[2026-02-06T15:59:38.185Z] at throwClosedServerError (file:///home/ubuntu/senec-design/node_modules/.pnpm/vite@6.4.1_@types+node@25.2.0_jiti@1.21.7_yaml@2.8.2/node_modules/vite/dist/node/chunks/dep-D4NMHUTW.js:42055:15)
[2026-02-06T15:59:38.186Z] at EnvironmentPluginContainer.resolveId (file:///home/ubuntu/senec-design/node_modules/.pnpm/vite@6.4.1_@types+node@25.2.0_jiti@1.21.7_yaml@2.8.2/node_modules/vite/dist/node/chunks/dep-D4NMHUTW.js:42234:9)
[2026-02-06T15:59:38.186Z] at resolveId (file:///home/ubuntu/senec-design/node_modules/.pnpm/vite@6.4.1_@types+node@25.2.0_jiti@1.21.7_yaml@2.8.2/node_modules/vite/dist/node/chunks/dep-D4NMHUTW.js:14314:40)
[2026-02-06T15:59:38.186Z] at resolve (file:///home/ubuntu/senec-design/node_modules/.pnpm/vite@6.4.1_@types+node@25.2.0_jiti@1.21.7_yaml@2.8.2/node_modules/vite/dist/node/chunks/dep-D4NMHUTW.js:14325:28)
[2026-02-06T15:59:38.187Z] at file:///home/ubuntu/senec-design/node_modules/.pnpm/vite@6.4.1_@types+node@25.2.0_jiti@1.21.7_yaml@2.8.2/node_modules/vite/dist/node/chunks/dep-D4NMHUTW.js:14490:34
[2026-02-06T15:59:38.187Z] at requestCallbacks.on-resolve (/home/ubuntu/senec-design/node_modules/.pnpm/esbuild@0.25.12/node_modules/esbuild/lib/main.js:1217:28)
[2026-02-06T15:59:38.187Z] at handleRequest (/home/ubuntu/senec-design/node_modules/.pnpm/esbuild@0.25.12/node_modules/esbuild/lib/main.js:628:17)
[2026-02-06T15:59:38.187Z] at handleIncomingPacket (/home/ubuntu/senec-design/node_modules/.pnpm/esbuild@0.25.12/node_modules/esbuild/lib/main.js:653:7)
[2026-02-06T15:59:38.188Z] at Socket.readFromStdout (/home/ubuntu/senec-design/node_modules/.pnpm/esbuild@0.25.12/node_modules/esbuild/lib/main.js:581:7)
[2026-02-06T15:59:38.188Z] at Socket.emit (node:events:524:28)
[2026-02-06T15:59:38.188Z] 
[2026-02-06T15:59:38.189Z] This error came from the "onResolve" callback registered here:
[2026-02-06T15:59:38.189Z] 
[2026-02-06T15:59:38.189Z] node_modules/.pnpm/esbuild@0.25.12/node_modules/esbuild/lib/main.js:1141:20:
[2026-02-06T15:59:38.189Z] [37m      1141 │       let promise = [32m[37msetup({
[2026-02-06T15:59:38.190Z] ╵                     [32m^[0m
[2026-02-06T15:59:38.190Z] 
[2026-02-06T15:59:38.190Z] at setup (file:///home/ubuntu/senec-design/node_modules/.pnpm/vite@6.4.1_@types+node@25.2.0_jiti@1.21.7_yaml@2.8.2/node_modules/vite/dist/node/chunks/dep-D4NMHUTW.js:14478:13)
[2026-02-06T15:59:38.190Z] at handlePlugins (/home/ubuntu/senec-design/node_modules/.pnpm/esbuild@0.25.12/node_modules/esbuild/lib/main.js:1141:21)
[2026-02-06T15:59:38.191Z] at buildOrContextImpl (/home/ubuntu/senec-design/node_modules/.pnpm/esbuild@0.25.12/node_modules/esbuild/lib/main.js:854:5)
[2026-02-06T15:59:38.191Z] at Object.buildOrContext (/home/ubuntu/senec-design/node_modules/.pnpm/esbuild@0.25.12/node_modules/esbuild/lib/main.js:680:5)
[2026-02-06T15:59:38.191Z] at /home/ubuntu/senec-design/node_modules/.pnpm/esbuild@0.25.12/node_modules/esbuild/lib/main.js:2035:68
[2026-02-06T15:59:38.192Z] at new Promise (<anonymous>)
[2026-02-06T15:59:38.192Z] at Object.context (/home/ubuntu/senec-design/node_modules/.pnpm/esbuild@0.25.12/node_modules/esbuild/lib/main.js:2035:27)
[2026-02-06T15:59:38.192Z] at Object.context (/home/ubuntu/senec-design/node_modules/.pnpm/esbuild@0.25.12/node_modules/esbuild/lib/main.js:1877:58)
[2026-02-06T15:59:38.192Z] at prepareEsbuildScanner (file:///home/ubuntu/senec-design/node_modules/.pnpm/vite@6.4.1_@types+node@25.2.0_jiti@1.21.7_yaml@2.8.2/node_modules/vite/dist/node/chunks/dep-D4NMHUTW.js:14266:24)
[2026-02-06T15:59:38.193Z] 
[2026-02-06T15:59:38.193Z] The plugin "vite:dep-scan" was triggered by this import
[2026-02-06T15:59:38.193Z] 
[2026-02-06T15:59:38.193Z] src/components/SolarCalculator.tsx:24:7:
[2026-02-06T15:59:38.194Z] [37m      24 │ } from [32m"@/components/ui/dialog"[37m;
[2026-02-06T15:59:38.194Z] ╵        [32m~~~~~~~~~~~~~~~~~~~~~~~~[0m
[2026-02-06T15:59:38.194Z] 
[2026-02-06T15:59:38.194Z] 
[2026-02-06T15:59:38.195Z] [31m✘ [41;31m[[41;97mERROR[41;31m][0m [1mThe server is being restarted or closed. Request is outdated[0m [1m[35m[plugin vite:dep-scan][0m
[2026-02-06T15:59:38.195Z] 
[2026-02-06T15:59:38.195Z] node_modules/.pnpm/esbuild@0.25.12/node_modules/esbuild/lib/main.js:1217:27:
[2026-02-06T15:59:38.195Z] [37m      1217 │         let result = await [32m[37mcallback({
[2026-02-06T15:59:38.196Z] ╵                            [32m^[0m
[2026-02-06T15:59:38.196Z] 
[2026-02-06T15:59:38.196Z] at throwClosedServerError (file:///home/ubuntu/senec-design/node_modules/.pnpm/vite@6.4.1_@types+node@25.2.0_jiti@1.21.7_yaml@2.8.2/node_modules/vite/dist/node/chunks/dep-D4NMHUTW.js:42055:15)
[2026-02-06T15:59:38.196Z] at EnvironmentPluginContainer.resolveId (file:///home/ubuntu/senec-design/node_modules/.pnpm/vite@6.4.1_@types+node@25.2.0_jiti@1.21.7_yaml@2.8.2/node_modules/vite/dist/node/chunks/dep-D4NMHUTW.js:42234:9)
[2026-02-06T15:59:38.197Z] at resolveId (file:///home/ubuntu/senec-design/node_modules/.pnpm/vite@6.4.1_@types+node@25.2.0_jiti@1.21.7_yaml@2.8.2/node_modules/vite/dist/node/chunks/dep-D4NMHUTW.js:14314:40)
[2026-02-06T15:59:38.197Z] at resolve (file:///home/ubuntu/senec-design/node_modules/.pnpm/vite@6.4.1_@types+node@25.2.0_jiti@1.21.7_yaml@2.8.2/node_modules/vite/dist/node/chunks/dep-D4NMHUTW.js:14325:28)
[2026-02-06T15:59:38.197Z] at file:///home/ubuntu/senec-design/node_modules/.pnpm/vite@6.4.1_@types+node@25.2.0_jiti@1.21.7_yaml@2.8.2/node_modules/vite/dist/node/chunks/dep-D4NMHUTW.js:14490:34
[2026-02-06T15:59:38.198Z] at requestCallbacks.on-resolve (/home/ubuntu/senec-design/node_modules/.pnpm/esbuild@0.25.12/node_modules/esbuild/lib/main.js:1217:28)
[2026-02-06T15:59:38.198Z] at handleRequest (/home/ubuntu/senec-design/node_modules/.pnpm/esbuild@0.25.12/node_modules/esbuild/lib/main.js:628:17)
[2026-02-06T15:59:38.198Z] at handleIncomingPacket (/home/ubuntu/senec-design/node_modules/.pnpm/esbuild@0.25.12/node_modules/esbuild/lib/main.js:653:7)
[2026-02-06T15:59:38.199Z] at Socket.readFromStdout (/home/ubuntu/senec-design/node_modules/.pnpm/esbuild@0.25.12/node_modules/esbuild/lib/main.js:581:7)
[2026-02-06T15:59:38.199Z] at Socket.emit (node:events:524:28)
[2026-02-06T15:59:38.199Z] 
[2026-02-06T15:59:38.199Z] This error came from the "onResolve" callback registered here:
[2026-02-06T15:59:38.200Z] 
[2026-02-06T15:59:38.200Z] node_modules/.pnpm/esbuild@0.25.12/node_modules/esbuild/lib/main.js:1141:20:
[2026-02-06T15:59:38.200Z] [37m      1141 │       let promise = [32m[37msetup({
[2026-02-06T15:59:38.201Z] ╵                     [32m^[0m
[2026-02-06T15:59:38.201Z] 
[2026-02-06T15:59:38.201Z] at setup (file:///home/ubuntu/senec-design/node_modules/.pnpm/vite@6.4.1_@types+node@25.2.0_jiti@1.21.7_yaml@2.8.2/node_modules/vite/dist/node/chunks/dep-D4NMHUTW.js:14478:13)
[2026-02-06T15:59:38.201Z] at handlePlugins (/home/ubuntu/senec-design/node_modules/.pnpm/esbuild@0.25.12/node_modules/esbuild/lib/main.js:1141:21)
[2026-02-06T15:59:38.202Z] at buildOrContextImpl (/home/ubuntu/senec-design/node_modules/.pnpm/esbuild@0.25.12/node_modules/esbuild/lib/main.js:854:5)
[2026-02-06T15:59:38.231Z] at Object.buildOrContext (/home/ubuntu/senec-design/node_modules/.pnpm/esbuild@0.25.12/node_modules/esbuild/lib/main.js:680:5)
[2026-02-06T15:59:38.232Z] at /home/ubuntu/senec-design/node_modules/.pnpm/esbuild@0.25.12/node_modules/esbuild/lib/main.js:2035:68
[2026-02-06T15:59:38.232Z] at new Promise (<anonymous>)
[2026-02-06T15:59:38.232Z] at Object.context (/home/ubuntu/senec-design/node_modules/.pnpm/esbuild@0.25.12/node_modules/esbuild/lib/main.js:2035:27)
[2026-02-06T15:59:38.233Z] at Object.context (/home/ubuntu/senec-design/node_modules/.pnpm/esbuild@0.25.12/node_modules/esbuild/lib/main.js:1877:58)
[2026-02-06T15:59:38.233Z] at prepareEsbuildScanner (file:///home/ubuntu/senec-design/node_modules/.pnpm/vite@6.4.1_@types+node@25.2.0_jiti@1.21.7_yaml@2.8.2/node_modules/vite/dist/node/chunks/dep-D4NMHUTW.js:14266:24)
[2026-02-06T15:59:38.233Z] 
[2026-02-06T15:59:38.234Z] The plugin "vite:dep-scan" was triggered by this import
[2026-02-06T15:59:38.234Z] 
[2026-02-06T15:59:38.234Z] src/components/SolarCalculator.tsx:352:14:
[2026-02-06T15:59:38.235Z] [37m      352 │               [32m[37m<Sun className="w-10 h-10 text-white" />
[2026-02-06T15:59:38.235Z] ╵               [32m^[0m
[2026-02-06T15:59:38.235Z] 
[2026-02-06T15:59:38.236Z] 
[2026-02-06T15:59:38.236Z] at failureErrorWithLog (/home/ubuntu/senec-design/node_modules/.pnpm/esbuild@0.25.12/node_modules/esbuild/lib/main.js:1467:15)
[2026-02-06T15:59:38.236Z] at /home/ubuntu/senec-design/node_modules/.pnpm/esbuild@0.25.12/node_modules/esbuild/lib/main.js:926:25
[2026-02-06T15:59:38.237Z] at runOnEndCallbacks (/home/ubuntu/senec-design/node_modules/.pnpm/esbuild@0.25.12/node_modules/esbuild/lib/main.js:1307:45)
[2026-02-06T15:59:38.237Z] at buildResponseToResult (/home/ubuntu/senec-design/node_modules/.pnpm/esbuild@0.25.12/node_modules/esbuild/lib/main.js:924:7)
[2026-02-06T15:59:38.237Z] at /home/ubuntu/senec-design/node_modules/.pnpm/esbuild@0.25.12/node_modules/esbuild/lib/main.js:936:9
[2026-02-06T15:59:38.238Z] at new Promise (<anonymous>)
[2026-02-06T15:59:38.238Z] at requestCallbacks.on-end (/home/ubuntu/senec-design/node_modules/.pnpm/esbuild@0.25.12/node_modules/esbuild/lib/main.js:935:54)
[2026-02-06T15:59:38.238Z] at handleRequest (/home/ubuntu/senec-design/node_modules/.pnpm/esbuild@0.25.12/node_modules/esbuild/lib/main.js:628:17)
[2026-02-06T15:59:38.239Z] at handleIncomingPacket (/home/ubuntu/senec-design/node_modules/.pnpm/esbuild@0.25.12/node_modules/esbuild/lib/main.js:653:7)
[2026-02-06T15:59:38.240Z] at Socket.readFromStdout (/home/ubuntu/senec-design/node_modules/.pnpm/esbuild@0.25.12/node_modules/esbuild/lib/main.js:581:7)
[2026-02-06T15:59:38.241Z] 10:59:38 [content] Syncing content
[2026-02-06T15:59:38.241Z] 10:59:38 [content] Synced content
[2026-02-06T15:59:38.241Z] 10:59:38 [types] Generated 210ms
[2026-02-06T15:59:38.241Z] 10:59:38 [vite] Re-optimizing dependencies because vite config has changed
[2026-02-06T15:59:41.793Z] 10:59:41 [200] HEAD / 1006ms
[2026-02-06T15:59:41.793Z] 10:59:41 [200] HEAD / 1007ms
[2026-02-06T15:59:41.794Z] 10:59:41 [200] HEAD / 1007ms
[2026-02-06T15:59:41.795Z] 10:59:41 [200] HEAD / 1008ms
[2026-02-06T15:59:41.795Z] 10:59:41 [200] HEAD / 144ms
[2026-02-06T15:59:41.842Z] 10:59:41 [200] HEAD / 31ms
[2026-02-06T15:59:41.986Z] 10:59:41 [200] / 34ms
[2026-02-06T15:59:42.023Z] 10:59:42 [200] / 32ms
[2026-02-06T15:59:42.167Z] 10:59:42 [200] / 33ms
[2026-02-07T17:05:09.467Z] Starting dev server with command: pnpm run dev
[2026-02-07T17:05:09.736Z] 
[2026-02-07T17:05:09.736Z] > senec-design@0.0.1 dev /home/ubuntu/senec-design
[2026-02-07T17:05:09.737Z] > astro dev --host
[2026-02-07T17:05:09.737Z] 
[2026-02-07T17:05:10.392Z] ▶ Astro collects anonymous usage data.
[2026-02-07T17:05:10.392Z] This information helps us improve Astro.
[2026-02-07T17:05:10.393Z] Run "astro telemetry disable" to opt-out.
[2026-02-07T17:05:10.393Z] https://astro.build/telemetry
[2026-02-07T17:05:10.393Z] 
[2026-02-07T17:05:11.439Z] 12:05:11 [types] Generated 0ms
[2026-02-07T17:05:11.459Z] 12:05:11 [content] Syncing content
[2026-02-07T17:05:11.491Z] 12:05:11 [content] Synced content
[2026-02-07T17:05:11.515Z] 
[2026-02-07T17:05:11.515Z] astro  v5.15.9 ready in 683 ms
[2026-02-07T17:05:11.516Z] 
[2026-02-07T17:05:11.516Z] ┃ Local    http://localhost:3000/
[2026-02-07T17:05:11.517Z] ┃ Network  http://169.254.0.21:3000/
[2026-02-07T17:05:11.519Z] 
[2026-02-07T17:05:11.519Z] 12:05:11 watching for file changes...
[2026-02-07T17:05:16.404Z] 12:05:16 [200] / 759ms
[2026-02-07T17:05:16.589Z] 12:05:16 [200] / 33ms
[2026-02-07T17:05:25.969Z] 12:05:25 [200] / 32ms
[2026-02-07T17:05:26.143Z] 12:05:26 [200] / 33ms
[2026-02-07T17:05:31.971Z] 12:05:31 [200] / 34ms
[2026-02-07T17:05:32.142Z] 12:05:32 [200] / 33ms
[2026-02-07T17:05:49.503Z] 12:05:49 [200] / 40ms
[2026-02-07T17:05:53.155Z] 12:05:53 [200] / 34ms
[2026-02-07T17:06:18.531Z] 12:06:18 [200] / 32ms
[2026-02-07T17:06:29.666Z] 12:06:29 [200] / 28ms
[2026-02-07T17:06:57.649Z] 12:06:57 [200] / 30ms
[2026-02-07T17:07:13.812Z] 12:07:13 [200] / 29ms
[2026-02-07T17:07:29.232Z] 12:07:29 [watch] src/pages/solaranlage-leipzig.astro
[2026-02-07T17:07:29.233Z] 12:07:29 [watch] src/pages/solaranlage-leipzig.astro
[2026-02-07T17:07:30.141Z] 12:07:30 [200] / 118ms
[2026-02-07T17:07:30.309Z] 12:07:30 [200] / 27ms
[2026-02-07T17:07:40.867Z] 12:07:40 [200] / 30ms
[2026-02-07T17:07:44.681Z] 12:07:44 [200] / 31ms
[2026-02-07T17:07:59.661Z] 12:07:59 [watch] src/pages/solaranlage-leipzig.astro
[2026-02-07T17:07:59.662Z] 12:07:59 [watch] src/pages/solaranlage-leipzig.astro
[2026-02-07T17:08:00.065Z] 12:08:00 [200] / 77ms
[2026-02-07T17:08:00.236Z] 12:08:00 [200] / 27ms
[2026-02-07T17:08:01.849Z] 12:08:01 [200] / 27ms
[2026-02-07T17:08:02.145Z] 12:08:02 [200] / 23ms
[2026-02-07T17:08:11.105Z] 12:08:11 [200] / 36ms
[2026-02-07T17:08:46.012Z] 12:08:46 [200] / 28ms
[2026-02-07T17:09:16.503Z] 12:09:16 [200] / 27ms
[2026-02-07T17:09:40.163Z] 12:09:40 [200] / 27ms
[2026-02-07T17:09:44.972Z] 12:09:44 [200] / 38ms
[2026-02-07T17:09:48.963Z] 12:09:48 [200] / 27ms
[2026-02-07T17:09:53.974Z] 12:09:53 [200] / 27ms
[2026-02-07T17:09:57.961Z] 12:09:57 [200] / 26ms
[2026-02-07T17:10:01.990Z] 12:10:01 [200] / 26ms
[2026-02-07T17:10:05.974Z] 12:10:05 [200] / 42ms
[2026-02-07T17:10:09.961Z] 12:10:09 [200] / 30ms
[2026-02-07T17:10:13.961Z] 12:10:13 [200] / 27ms
[2026-02-07T17:10:17.961Z] 12:10:17 [200] / 26ms
[2026-02-07T17:10:21.963Z] 12:10:21 [200] / 27ms
[2026-02-07T17:10:26.960Z] 12:10:26 [200] / 26ms
[2026-02-07T17:13:04.635Z] 12:13:04 [200] / 28ms
[2026-02-07T17:15:04.991Z] 12:15:04 [watch] src/pages/solaranlage-leipzig.astro
[2026-02-07T17:15:04.992Z] 12:15:04 [watch] src/pages/solaranlage-leipzig.astro
[2026-02-07T17:15:13.776Z] 12:15:13 [watch] src/pages/solaranlage-leipzig.astro
[2026-02-07T17:15:13.777Z] 12:15:13 [watch] src/pages/solaranlage-leipzig.astro
[2026-02-07T17:16:30.734Z] 12:16:30 [200] / 106ms
[2026-02-07T17:16:37.351Z] 12:16:37 [200] / 30ms
[2026-02-07T17:16:41.952Z] 12:16:41 [200] / 26ms
[2026-02-07T17:16:56.828Z] 12:16:56 [200] / 25ms
[2026-02-07T17:17:13.967Z] 12:17:13 [200] / 28ms
[2026-02-07T17:17:17.961Z] 12:17:17 [200] / 32ms
[2026-02-07T17:17:21.965Z] 12:17:21 [200] / 31ms
[2026-02-07T17:17:25.961Z] 12:17:25 [200] / 27ms
[2026-02-07T17:17:29.963Z] 12:17:29 [200] / 25ms
[2026-02-07T17:17:33.963Z] 12:17:33 [200] / 26ms
[2026-02-07T17:17:37.962Z] 12:17:37 [200] / 24ms
[2026-02-07T17:17:41.962Z] 12:17:41 [200] / 24ms
[2026-02-07T17:17:45.961Z] 12:17:45 [200] / 25ms
[2026-02-07T17:17:49.961Z] 12:17:49 [200] / 26ms
[2026-02-07T17:17:53.961Z] 12:17:53 [200] / 28ms
[2026-02-07T17:17:57.964Z] 12:17:57 [200] / 26ms
[2026-02-07T17:18:01.959Z] 12:18:01 [200] / 25ms
[2026-02-07T17:18:05.959Z] 12:18:05 [200] / 25ms
[2026-02-07T17:19:43.731Z] 12:19:43 [watch] src/pages/index.astro
[2026-02-07T17:19:43.732Z] 12:19:43 [watch] src/pages/index.astro
[2026-02-07T17:19:44.424Z] 12:19:44 [200] / 106ms
[2026-02-07T17:19:47.157Z] 12:19:47 [200] / 27ms
[2026-02-07T17:19:50.507Z] 12:19:50 [200] / 28ms
[2026-02-07T17:19:53.384Z] 12:19:53 [200] / 26ms
[2026-02-07T17:19:56.223Z] 12:19:56 [200] / 26ms
[2026-02-07T17:19:58.894Z] 12:19:58 [200] / 32ms
[2026-02-07T17:20:01.695Z] 12:20:01 [200] / 23ms
[2026-02-07T17:20:04.348Z] 12:20:04 [200] / 26ms
[2026-02-07T17:20:07.409Z] 12:20:07 [200] / 26ms
[2026-02-07T17:20:10.172Z] 12:20:10 [200] / 40ms
[2026-02-07T17:20:12.922Z] 12:20:12 [200] / 33ms
[2026-02-07T17:20:13.526Z] 12:20:13 [watch] src/pages/privat.astro
[2026-02-07T17:20:13.527Z] 12:20:13 [watch] src/pages/privat.astro
[2026-02-07T17:20:14.187Z] 12:20:14 [200] / 152ms
[2026-02-07T17:20:14.188Z] 12:20:14 [200] / 142ms
[2026-02-07T17:20:17.181Z] 12:20:17 [200] / 23ms
[2026-02-07T17:20:20.620Z] 12:20:20 [200] / 28ms
[2026-02-07T17:20:23.625Z] 12:20:23 [200] / 25ms
[2026-02-07T17:20:26.315Z] 12:20:26 [200] / 24ms
[2026-02-07T17:20:29.014Z] 12:20:29 [200] / 29ms
[2026-02-07T17:20:31.672Z] 12:20:31 [200] / 29ms
[2026-02-07T17:20:34.634Z] 12:20:34 [200] / 32ms
[2026-02-07T17:20:37.303Z] 12:20:37 [200] / 31ms
[2026-02-07T17:20:40.087Z] 12:20:40 [200] / 25ms
[2026-02-07T17:20:42.830Z] 12:20:42 [200] / 25ms
[2026-02-07T17:20:44.582Z] 12:20:44 [watch] src/pages/gewerbe.astro
[2026-02-07T17:20:44.583Z] 12:20:44 [watch] src/pages/gewerbe.astro
[2026-02-07T17:20:45.062Z] 12:20:45 [200] / 83ms
[2026-02-07T17:20:45.089Z] 12:20:45 [200] / 23ms
[2026-02-07T17:20:45.502Z] 12:20:45 [200] / 27ms
[2026-02-07T17:20:48.167Z] 12:20:48 [200] / 25ms
[2026-02-07T17:20:52.560Z] 12:20:52 [200] / 25ms
[2026-02-07T17:20:55.252Z] 12:20:55 [200] / 22ms
[2026-02-07T17:20:57.922Z] 12:20:57 [200] / 23ms
[2026-02-07T17:21:00.681Z] 12:21:00 [200] / 22ms
[2026-02-07T17:21:02.134Z] 12:21:02 [watch] src/pages/stromspeicher.astro
[2026-02-07T17:21:02.134Z] 12:21:02 [watch] src/pages/stromspeicher.astro
[2026-02-07T17:21:02.711Z] 12:21:02 [200] / 76ms
[2026-02-07T17:21:03.339Z] 12:21:03 [200] / 28ms
[2026-02-07T17:21:06.021Z] 12:21:06 [200] / 31ms
[2026-02-07T17:21:09.372Z] 12:21:09 [200] / 21ms
[2026-02-07T17:21:12.084Z] 12:21:12 [200] / 21ms
[2026-02-07T17:21:14.734Z] 12:21:14 [200] / 23ms
[2026-02-07T17:21:17.407Z] 12:21:17 [200] / 23ms
[2026-02-07T17:21:20.067Z] 12:21:20 [200] / 25ms
[2026-02-07T17:21:22.718Z] 12:21:22 [200] / 24ms
[2026-02-07T17:21:25.382Z] 12:21:25 [200] / 23ms
[2026-02-07T17:21:28.210Z] 12:21:28 [200] / 27ms
[2026-02-07T17:21:30.893Z] 12:21:30 [200] / 23ms
[2026-02-07T17:21:33.540Z] 12:21:33 [200] / 22ms
[2026-02-07T17:21:34.657Z] 12:21:34 [200] / 24ms
[2026-02-07T17:21:36.229Z] 12:21:36 [200] / 24ms
[2026-02-07T17:21:37.313Z] 12:21:37 [200] / 23ms
[2026-02-07T17:21:38.877Z] 12:21:38 [200] / 23ms
[2026-02-07T17:21:39.952Z] 12:21:39 [200] / 23ms
[2026-02-07T17:21:41.539Z] 12:21:41 [200] / 23ms
[2026-02-07T17:21:42.618Z] 12:21:42 [200] / 23ms
[2026-02-07T17:21:44.191Z] 12:21:44 [200] / 24ms
[2026-02-07T17:21:45.268Z] 12:21:45 [200] / 24ms
[2026-02-07T17:21:46.850Z] 12:21:46 [200] / 22ms
[2026-02-07T17:21:47.934Z] 12:21:47 [200] / 24ms
[2026-02-07T17:21:49.496Z] 12:21:49 [200] / 24ms
[2026-02-07T17:21:50.580Z] 12:21:50 [200] / 22ms
[2026-02-07T17:21:52.206Z] 12:21:52 [200] / 24ms
[2026-02-07T17:21:53.235Z] 12:21:53 [200] / 25ms
[2026-02-07T17:21:54.881Z] 12:21:54 [200] / 22ms
[2026-02-07T17:21:55.879Z] 12:21:55 [200] / 22ms
[2026-02-07T17:22:02.246Z] 12:22:02 [200] / 25ms
[2026-02-07T17:45:15.082Z] 12:45:15 [200] / 54ms
[2026-02-07T17:45:50.978Z] 12:45:50 [200] / 32ms
[2026-02-07T17:46:39.434Z] 12:46:39 [200] / 29ms
[2026-02-07T17:46:43.975Z] 12:46:43 [200] / 27ms
[2026-02-07T17:46:45.519Z] 12:46:45 [200] / 31ms
[2026-02-07T17:46:51.956Z] 12:46:51 [200] / 29ms
[2026-02-07T17:46:55.944Z] 12:46:55 [200] / 26ms
[2026-02-07T17:47:00.030Z] 12:47:00 [200] / 25ms
[2026-02-07T17:47:04.937Z] 12:47:04 [200] / 25ms
[2026-02-07T17:47:09.775Z] 12:47:09 [200] / 28ms
[2026-02-07T17:47:13.958Z] 12:47:13 [200] / 30ms
[2026-02-07T17:47:17.949Z] 12:47:17 [200] / 26ms
[2026-02-07T17:47:21.989Z] 12:47:21 [200] / 31ms
[2026-02-07T17:47:25.997Z] 12:47:25 [200] / 32ms
[2026-02-07T17:47:28.977Z] 12:47:28 [200] / 25ms
[2026-02-07T17:47:29.960Z] 12:47:29 [200] / 30ms
[2026-02-07T17:47:33.956Z] 12:47:33 [200] / 23ms
[2026-02-07T17:47:57.080Z] 12:47:57 [200] / 29ms
[2026-02-07T17:48:01.958Z] 12:48:01 [200] / 26ms
[2026-02-07T17:48:05.953Z] 12:48:05 [200] / 26ms
[2026-02-07T17:48:10.953Z] 12:48:10 [200] / 26ms
[2026-02-07T17:48:14.953Z] 12:48:14 [200] / 26ms
[2026-02-07T18:17:04.260Z] 13:17:04 [200] / 25ms
[2026-02-07T18:17:07.567Z] 13:17:07 [200] / 29ms
[2026-02-07T18:17:10.516Z] 13:17:10 [200] / 25ms
[2026-02-07T18:17:13.171Z] 13:17:13 [200] / 23ms
[2026-02-07T18:17:18.803Z] 13:17:18 [200] / 25ms
[2026-02-07T18:17:21.676Z] 13:17:21 [200] / 30ms
[2026-02-07T18:17:24.361Z] 13:17:24 [200] / 26ms
[2026-02-07T18:17:26.990Z] 13:17:26 [watch] src/pages/service.astro
[2026-02-07T18:17:26.991Z] 13:17:26 [watch] src/pages/service.astro
[2026-02-07T18:17:28.086Z] 13:17:28 [200] / 92ms
[2026-02-07T18:17:28.270Z] 13:17:28 [200] / 23ms
[2026-02-07T18:17:28.352Z] 13:17:28 [200] / 24ms
[2026-02-07T18:17:31.164Z] 13:17:31 [200] / 29ms
[2026-02-07T18:17:36.106Z] 13:17:36 [200] / 24ms
[2026-02-07T18:17:39.947Z] 13:17:39 [200] / 24ms
[2026-02-07T18:17:44.459Z] 13:17:44 [200] / 24ms
[2026-02-07T18:17:47.140Z] 13:17:47 [200] / 25ms
[2026-02-07T18:17:49.789Z] 13:17:49 [200] / 22ms
[2026-02-07T18:17:52.441Z] 13:17:52 [200] / 23ms
[2026-02-07T18:17:55.081Z] 13:17:55 [200] / 23ms
[2026-02-07T18:17:57.738Z] 13:17:57 [200] / 22ms
[2026-02-07T18:18:00.627Z] 13:18:00 [200] / 30ms
[2026-02-07T18:18:05.277Z] 13:18:05 [200] / 22ms
[2026-02-07T18:18:12.939Z] 13:18:12 [200] / 22ms
[2026-02-07T18:18:27.208Z] 13:18:27 [200] / 34ms
[2026-02-07T18:18:27.787Z] 13:18:27 [watch] src/pages/stromspeicher.astro
[2026-02-07T18:18:27.787Z] 13:18:27 [watch] src/pages/stromspeicher.astro
[2026-02-07T18:18:28.506Z] 13:18:28 [200] / 96ms
[2026-02-07T18:18:40.540Z] 13:18:40 [200] / 24ms
[2026-02-07T18:19:12.089Z] 13:19:12 [200] / 25ms
[2026-02-07T18:19:18.786Z] 13:19:18 [watch] src/pages/privat.astro
[2026-02-07T18:19:18.787Z] 13:19:18 [watch] src/pages/privat.astro
[2026-02-07T18:19:19.453Z] 13:19:19 [200] / 82ms
[2026-02-07T18:19:38.227Z] 13:19:38 [200] / 23ms
[2026-02-07T18:19:48.015Z] 13:19:48 [200] / 27ms
[2026-02-07T18:19:48.206Z] 13:19:48 [200] / 24ms
[2026-02-07T18:19:50.938Z] 13:19:50 [200] / 23ms
[2026-02-07T18:19:53.061Z] 13:19:53 [200] / 26ms
[2026-02-07T18:19:55.937Z] 13:19:55 [200] / 26ms
[2026-02-07T18:19:57.957Z] 13:19:57 [200] / 27ms
[2026-02-07T18:19:59.939Z] 13:19:59 [200] / 28ms
[2026-02-07T18:20:01.940Z] 13:20:01 [200] / 24ms
[2026-02-07T18:20:03.945Z] 13:20:03 [200] / 25ms
[2026-02-07T18:20:05.938Z] 13:20:05 [200] / 24ms
[2026-02-07T18:20:07.939Z] 13:20:07 [200] / 25ms
[2026-02-07T18:20:09.931Z] 13:20:09 [200] / 24ms
[2026-02-07T18:20:12.025Z] 13:20:12 [200] / 22ms
[2026-02-07T18:20:13.938Z] 13:20:13 [200] / 26ms
[2026-02-07T18:20:16.062Z] 13:20:16 [200] / 25ms
[2026-02-07T18:20:17.940Z] 13:20:17 [200] / 26ms
[2026-02-07T18:24:59.088Z] 13:24:59 [200] / 37ms
[2026-02-07T18:25:04.001Z] 13:25:04 [200] / 26ms
[2026-02-07T18:25:07.953Z] 13:25:07 [200] / 33ms
[2026-02-07T18:25:10.745Z] 13:25:10 [200] / 26ms
[2026-02-07T18:25:12.140Z] 13:25:12 [200] / 25ms
[2026-02-07T18:25:16.945Z] 13:25:16 [200] / 35ms
[2026-02-07T18:25:39.958Z] 13:25:39 [200] / 26ms
[2026-02-07T18:25:43.954Z] 13:25:43 [200] / 42ms
[2026-02-07T18:25:47.931Z] 13:25:47 [200] / 26ms
[2026-02-07T18:25:51.948Z] 13:25:51 [200] / 29ms
[2026-02-07T18:25:55.944Z] 13:25:55 [200] / 25ms
[2026-02-07T18:25:59.945Z] 13:25:59 [200] / 25ms
[2026-02-07T18:26:03.940Z] 13:26:03 [200] / 25ms
[2026-02-07T18:26:08.941Z] 13:26:08 [200] / 27ms
[2026-02-07T18:26:12.943Z] 13:26:12 [200] / 27ms
[2026-02-07T18:26:17.946Z] 13:26:17 [200] / 26ms
[2026-02-07T18:26:21.943Z] 13:26:21 [200] / 27ms
[2026-02-07T18:26:25.938Z] 13:26:25 [200] / 27ms
[2026-02-07T18:34:51.928Z] 13:34:51 [200] / 31ms
[2026-02-07T18:35:04.854Z] 13:35:04 [watch] src/pages/standorte.astro
[2026-02-07T18:35:04.854Z] 13:35:04 [watch] src/pages/standorte.astro
[2026-02-07T18:35:06.056Z] 13:35:06 [200] / 78ms
[2026-02-07T18:35:07.018Z] 13:35:07 [200] / 22ms
[2026-02-07T18:35:08.042Z] 13:35:08 [200] / 24ms
[2026-02-07T18:35:12.919Z] 13:35:12 [200] / 22ms
[2026-02-07T18:35:17.946Z] 13:35:17 [200] / 24ms
[2026-02-07T18:35:34.931Z] 13:35:34 [200] / 23ms
[2026-02-07T18:35:35.423Z] 13:35:35 [watch] src/pages/index.astro
[2026-02-07T18:35:35.423Z] 13:35:35 [watch] src/pages/index.astro
[2026-02-07T18:35:36.104Z] 13:35:36 [200] / 89ms
[2026-02-07T18:35:36.713Z] 13:35:36 [200] / 22ms
[2026-02-07T18:35:42.527Z] 13:35:42 [watch] src/pages/index.astro
[2026-02-07T18:35:42.528Z] 13:35:42 [watch] src/pages/index.astro
[2026-02-07T18:35:43.082Z] 13:35:43 [200] / 79ms
[2026-02-07T18:35:43.110Z] 13:35:43 [200] / 22ms
[2026-02-07T18:35:43.270Z] 13:35:43 [200] / 22ms
[2026-02-07T18:35:43.965Z] 13:35:43 [200] / 25ms
[2026-02-07T18:35:49.933Z] 13:35:49 [200] / 25ms
[2026-02-07T18:35:55.045Z] 13:35:55 [watch] src/pages/privat.astro
[2026-02-07T18:35:55.046Z] 13:35:55 [watch] src/pages/privat.astro
[2026-02-07T18:35:56.037Z] 13:35:56 [200] / 75ms
[2026-02-07T18:35:56.206Z] 13:35:56 [200] / 22ms
[2026-02-07T18:35:56.737Z] 13:35:56 [200] / 22ms
[2026-02-07T18:36:04.942Z] 13:36:04 [200] / 23ms
[2026-02-07T18:36:13.935Z] 13:36:13 [200] / 22ms
[2026-02-07T18:36:25.152Z] 13:36:25 [200] / 28ms
[2026-02-07T18:36:31.963Z] 13:36:31 [200] / 27ms
[2026-02-07T18:36:44.715Z] 13:36:44 [200] / 26ms
[2026-02-07T18:37:20.958Z] 13:37:20 [200] / 32ms
[2026-02-07T18:37:35.956Z] 13:37:35 [200] / 28ms
[2026-02-07T18:37:47.008Z] 13:37:47 [200] / 27ms
[2026-02-07T18:37:53.875Z] 13:37:53 [200] / 25ms
[2026-02-07T18:37:57.931Z] 13:37:57 [200] / 24ms
[2026-02-07T18:38:01.931Z] 13:38:01 [200] / 24ms
[2026-02-07T18:38:02.902Z] 13:38:02 [200] / 31ms
[2026-02-07T18:38:05.948Z] 13:38:05 [200] / 23ms
[2026-02-07T18:38:09.932Z] 13:38:09 [200] / 27ms
[2026-02-07T18:38:24.612Z] 13:38:24 [watch] /src/styles/global.css
[2026-02-07T18:38:24.645Z] 13:38:24 [watch] src/components/CookieBanner.astro
[2026-02-07T18:38:24.645Z] 13:38:24 [watch] src/components/CookieBanner.astro
[2026-02-07T18:38:24.646Z] 13:38:24 [watch] src/components/ExitIntentPopup.astro
[2026-02-07T18:38:24.646Z] 13:38:24 [watch] src/components/Footer.astro
[2026-02-07T18:38:24.646Z] 13:38:24 [watch] src/components/Footer.astro
[2026-02-07T18:38:24.647Z] 13:38:24 [watch] src/components/Header.astro
[2026-02-07T18:38:24.647Z] 13:38:24 [watch] src/components/Header.astro
[2026-02-07T18:38:24.647Z] 13:38:24 [watch] src/components/LocalBusinessSchema.astro
[2026-02-07T18:38:24.647Z] 13:38:24 [watch] src/components/LocalBusinessSchema.astro
[2026-02-07T18:38:24.647Z] 13:38:24 [watch] src/components/MultiStepForm.astro
[2026-02-07T18:38:24.648Z] 13:38:24 [watch] src/pages/admin.astro
[2026-02-07T18:38:24.648Z] 13:38:24 [watch] src/pages/admin.astro
[2026-02-07T18:38:24.648Z] 13:38:24 [watch] src/pages/agb.astro
[2026-02-07T18:38:24.649Z] 13:38:24 [watch] src/pages/agb.astro
[2026-02-07T18:38:24.649Z] 13:38:24 [watch] src/pages/analytics.astro
[2026-02-07T18:38:24.649Z] 13:38:24 [watch] src/pages/analytics.astro
[2026-02-07T18:38:24.650Z] 13:38:24 [watch] src/pages/blog.astro
[2026-02-07T18:38:24.650Z] 13:38:24 [watch] src/pages/blog.astro
[2026-02-07T18:38:24.650Z] 13:38:24 [watch] src/pages/blog/fehler-solarkauf.astro
[2026-02-07T18:38:24.650Z] 13:38:24 [watch] src/pages/blog/fehler-solarkauf.astro
[2026-02-07T18:38:24.651Z] 13:38:24 [watch] src/pages/blog/neue-speicher-technologien-2026.astro
[2026-02-07T18:38:24.651Z] 13:38:24 [watch] src/pages/blog/neue-speicher-technologien-2026.astro
[2026-02-07T18:38:24.652Z] 13:38:24 [watch] src/pages/blog/photovoltaik-foerderung-2026.astro
[2026-02-07T18:38:24.652Z] 13:38:24 [watch] src/pages/blog/photovoltaik-foerderung-2026.astro
[2026-02-07T18:38:24.652Z] 13:38:24 [watch] src/pages/blog/photovoltaik-kosten-2026.astro
[2026-02-07T18:38:24.652Z] 13:38:24 [watch] src/pages/blog/photovoltaik-kosten-2026.astro
[2026-02-07T18:38:24.652Z] 13:38:24 [watch] src/pages/blog/solar-leipzig.astro
[2026-02-07T18:38:24.652Z] 13:38:24 [watch] src/pages/blog/solar-leipzig.astro
[2026-02-07T18:38:24.652Z] 13:38:24 [watch] src/pages/blog/solaranlage-wartung.astro
[2026-02-07T18:38:24.653Z] 13:38:24 [watch] src/pages/blog/solaranlage-wartung.astro
[2026-02-07T18:38:24.653Z] 13:38:24 [watch] src/pages/blog/stromspeicher-2026-lohnt-sich.astro
[2026-02-07T18:38:24.653Z] 13:38:24 [watch] src/pages/blog/stromspeicher-2026-lohnt-sich.astro
[2026-02-07T18:38:24.653Z] 13:38:24 [watch] src/pages/blog/stromspeicher-nachruesten.astro
[2026-02-07T18:38:24.654Z] 13:38:24 [watch] src/pages/blog/stromspeicher-nachruesten.astro
[2026-02-07T18:38:24.654Z] 13:38:24 [watch] src/pages/blog/stromspeicher-vergleich-2026.astro
[2026-02-07T18:38:24.654Z] 13:38:24 [watch] src/pages/blog/stromspeicher-vergleich-2026.astro
[2026-02-07T18:38:24.654Z] 13:38:24 [watch] src/pages/blog/wartungstipps-winter.astro
[2026-02-07T18:38:24.655Z] 13:38:24 [watch] src/pages/blog/wartungstipps-winter.astro
[2026-02-07T18:38:24.655Z] 13:38:24 [watch] src/pages/dashboard.astro
[2026-02-07T18:38:24.655Z] 13:38:24 [watch] src/pages/dashboard.astro
[2026-02-07T18:38:24.656Z] 13:38:24 [watch] src/pages/datenschutz.astro
[2026-02-07T18:38:24.656Z] 13:38:24 [watch] src/pages/datenschutz.astro
[2026-02-07T18:38:24.674Z] 13:38:24 [watch] src/pages/faq.astro
[2026-02-07T18:38:24.675Z] 13:38:24 [watch] src/pages/faq.astro
[2026-02-07T18:38:24.675Z] 13:38:24 [watch] src/pages/gewerbe-photovoltaik-leipzig.astro
[2026-02-07T18:38:24.675Z] 13:38:24 [watch] src/pages/gewerbe-photovoltaik-leipzig.astro
[2026-02-07T18:38:24.675Z] 13:38:24 [watch] src/pages/heizung.astro
[2026-02-07T18:38:24.675Z] 13:38:24 [watch] src/pages/heizung.astro
[2026-02-07T18:38:24.676Z] 13:38:24 [watch] src/pages/gewerbe.astro
[2026-02-07T18:38:24.676Z] 13:38:24 [watch] src/pages/gewerbe.astro
[2026-02-07T18:38:24.676Z] 13:38:24 [watch] src/pages/impressum.astro
[2026-02-07T18:38:24.676Z] 13:38:24 [watch] src/pages/impressum.astro
[2026-02-07T18:38:24.677Z] 13:38:24 [watch] src/pages/kontakt.astro
[2026-02-07T18:38:24.677Z] 13:38:24 [watch] src/pages/kontakt.astro
[2026-02-07T18:38:24.677Z] 13:38:24 [watch] src/pages/privat.astro
[2026-02-07T18:38:24.677Z] 13:38:24 [watch] src/pages/privat.astro
[2026-02-07T18:38:24.677Z] 13:38:24 [watch] src/pages/pv-reinigung-leipzig.astro
[2026-02-07T18:38:24.678Z] 13:38:24 [watch] src/pages/pv-reinigung-leipzig.astro
[2026-02-07T18:38:24.678Z] 13:38:24 [watch] src/pages/pv-wartung-leipzig.astro
[2026-02-07T18:38:24.678Z] 13:38:24 [watch] src/pages/pv-wartung-leipzig.astro
[2026-02-07T18:38:24.678Z] 13:38:24 [watch] src/pages/ratgeber.astro
[2026-02-07T18:38:24.678Z] 13:38:24 [watch] src/pages/ratgeber.astro
[2026-02-07T18:38:24.678Z] 13:38:24 [watch] src/pages/ratgeber/foerderung.astro
[2026-02-07T18:38:24.679Z] 13:38:24 [watch] src/pages/ratgeber/foerderung.astro
[2026-02-07T18:38:24.679Z] 13:38:24 [watch] src/pages/ratgeber/kosten.astro
[2026-02-07T18:38:24.679Z] 13:38:24 [watch] src/pages/ratgeber/kosten.astro
[2026-02-07T18:38:24.679Z] 13:38:24 [watch] src/pages/ratgeber/wirtschaftlichkeit.astro
[2026-02-07T18:38:24.679Z] 13:38:24 [watch] src/pages/ratgeber/wirtschaftlichkeit.astro
[2026-02-07T18:38:24.680Z] 13:38:24 [watch] src/pages/referenzen.astro
[2026-02-07T18:38:24.680Z] 13:38:24 [watch] src/pages/referenzen.astro
[2026-02-07T18:38:24.680Z] 13:38:24 [watch] src/pages/seo.astro
[2026-02-07T18:38:24.680Z] 13:38:24 [watch] src/pages/seo.astro
[2026-02-07T18:38:24.680Z] 13:38:24 [watch] src/pages/service.astro
[2026-02-07T18:38:24.680Z] 13:38:24 [watch] src/pages/service.astro
[2026-02-07T18:38:24.681Z] 13:38:24 [watch] src/pages/solaranlage-leipzig.astro
[2026-02-07T18:38:24.681Z] 13:38:24 [watch] src/pages/solaranlage-leipzig.astro
[2026-02-07T18:38:24.681Z] 13:38:24 [watch] src/pages/solarmanager.astro
[2026-02-07T18:38:24.681Z] 13:38:24 [watch] src/pages/solarmanager.astro
[2026-02-07T18:38:24.681Z] 13:38:24 [watch] src/pages/solarpark-betreuung.astro
[2026-02-07T18:38:24.681Z] 13:38:24 [watch] src/pages/solarpark-betreuung.astro
[2026-02-07T18:38:24.682Z] 13:38:24 [watch] src/pages/standorte.astro
[2026-02-07T18:38:24.682Z] 13:38:24 [watch] src/pages/standorte.astro
[2026-02-07T18:38:24.682Z] 13:38:24 [watch] src/pages/standorte/anhalt-bitterfeld.astro
[2026-02-07T18:38:24.682Z] 13:38:24 [watch] src/pages/standorte/anhalt-bitterfeld.astro
[2026-02-07T18:38:24.682Z] 13:38:24 [watch] src/pages/standorte/borna.astro
[2026-02-07T18:38:24.682Z] 13:38:24 [watch] src/pages/standorte/borna.astro
[2026-02-07T18:38:24.683Z] 13:38:24 [watch] src/pages/standorte/burgenlandkreis.astro
[2026-02-07T18:38:24.683Z] 13:38:24 [watch] src/pages/standorte/burgenlandkreis.astro
[2026-02-07T18:38:24.683Z] 13:38:24 [watch] src/pages/standorte/dresden.astro
[2026-02-07T18:38:24.683Z] 13:38:24 [watch] src/pages/standorte/dresden.astro
[2026-02-07T18:38:24.683Z] 13:38:24 [watch] src/pages/standorte/elbe-elster.astro
[2026-02-07T18:38:24.684Z] 13:38:24 [watch] src/pages/standorte/elbe-elster.astro
[2026-02-07T18:38:24.684Z] 13:38:24 [watch] src/pages/standorte/erfurt.astro
[2026-02-07T18:38:24.684Z] 13:38:24 [watch] src/pages/standorte/erfurt.astro
[2026-02-07T18:38:24.684Z] 13:38:24 [watch] src/pages/standorte/gera.astro
[2026-02-07T18:38:24.684Z] 13:38:24 [watch] src/pages/standorte/gera.astro
[2026-02-07T18:38:24.684Z] 13:38:24 [watch] src/pages/standorte/grimma.astro
[2026-02-07T18:38:24.685Z] 13:38:24 [watch] src/pages/standorte/grimma.astro
[2026-02-07T18:38:24.685Z] 13:38:24 [watch] src/pages/standorte/halle.astro
[2026-02-07T18:38:24.685Z] 13:38:24 [watch] src/pages/standorte/halle.astro
[2026-02-07T18:38:24.685Z] 13:38:24 [watch] src/pages/standorte/leipzig.astro
[2026-02-07T18:38:24.685Z] 13:38:24 [watch] src/pages/standorte/leipzig.astro
[2026-02-07T18:38:24.685Z] 13:38:24 [watch] src/pages/standorte/magdeburg.astro
[2026-02-07T18:38:24.686Z] 13:38:24 [watch] src/pages/standorte/magdeburg.astro
[2026-02-07T18:38:24.686Z] 13:38:24 [watch] src/pages/standorte/naumburg.astro
[2026-02-07T18:38:24.686Z] 13:38:24 [watch] src/pages/standorte/naumburg.astro
[2026-02-07T18:38:24.686Z] 13:38:24 [watch] src/pages/standorte/nordsachsen.astro
[2026-02-07T18:38:24.686Z] 13:38:24 [watch] src/pages/standorte/nordsachsen.astro
[2026-02-07T18:38:24.686Z] 13:38:24 [watch] src/pages/standorte/photovoltaik-anbieter-leipzig.astro
[2026-02-07T18:38:24.687Z] 13:38:24 [watch] src/pages/standorte/photovoltaik-anbieter-leipzig.astro
[2026-02-07T18:38:24.688Z] 13:38:24 [watch] src/pages/standorte/photovoltaik-delitzsch.astro
[2026-02-07T18:38:24.688Z] 13:38:24 [watch] src/pages/standorte/photovoltaik-delitzsch.astro
[2026-02-07T18:38:24.688Z] 13:38:24 [watch] src/pages/standorte/photovoltaik-eilenburg.astro
[2026-02-07T18:38:24.688Z] 13:38:24 [watch] src/pages/standorte/photovoltaik-eilenburg.astro
[2026-02-07T18:38:24.689Z] 13:38:24 [watch] src/pages/standorte/photovoltaik-firma-leipzig.astro
[2026-02-07T18:38:24.689Z] 13:38:24 [watch] src/pages/standorte/photovoltaik-firma-leipzig.astro
[2026-02-07T18:38:24.689Z] 13:38:24 [watch] src/pages/standorte/photovoltaik-markkleeberg.astro
[2026-02-07T18:38:24.689Z] 13:38:24 [watch] src/pages/standorte/photovoltaik-markkleeberg.astro
[2026-02-07T18:38:24.689Z] 13:38:24 [watch] src/pages/standorte/photovoltaik-taucha.astro
[2026-02-07T18:38:24.690Z] 13:38:24 [watch] src/pages/standorte/photovoltaik-taucha.astro
[2026-02-07T18:38:24.690Z] 13:38:24 [watch] src/pages/standorte/photovoltaik-wurzen.astro
[2026-02-07T18:38:24.690Z] 13:38:24 [watch] src/pages/standorte/photovoltaik-wurzen.astro
[2026-02-07T18:38:24.690Z] 13:38:24 [watch] src/pages/standorte/saalekreis.astro
[2026-02-07T18:38:24.690Z] 13:38:24 [watch] src/pages/standorte/saalekreis.astro
[2026-02-07T18:38:24.690Z] 13:38:24 [watch] src/pages/standorte/solaranlage-kaufen-leipzig.astro
[2026-02-07T18:38:24.691Z] 13:38:24 [watch] src/pages/standorte/solaranlage-kaufen-leipzig.astro
[2026-02-07T18:38:24.691Z] 13:38:24 [watch] src/pages/standorte/solaranlage-leipzig.astro
[2026-02-07T18:38:24.691Z] 13:38:24 [watch] src/pages/standorte/solaranlage-leipzig.astro
[2026-02-07T18:38:24.691Z] 13:38:24 [watch] src/pages/standorte/solarteur-leipzig.astro
[2026-02-07T18:38:24.691Z] 13:38:24 [watch] src/pages/standorte/solarteur-leipzig.astro
[2026-02-07T18:38:24.691Z] 13:38:24 [watch] src/pages/standorte/stromspeicher-leipzig.astro
[2026-02-07T18:38:24.692Z] 13:38:24 [watch] src/pages/standorte/stromspeicher-leipzig.astro
[2026-02-07T18:38:24.692Z] 13:38:24 [watch] src/pages/standorte/wallbox-leipzig.astro
[2026-02-07T18:38:24.692Z] 13:38:24 [watch] src/pages/standorte/wallbox-leipzig.astro
[2026-02-07T18:38:24.692Z] 13:38:24 [watch] src/pages/standorte/zeitz.astro
[2026-02-07T18:38:24.693Z] 13:38:24 [watch] src/pages/standorte/zeitz.astro
[2026-02-07T18:38:24.693Z] 13:38:24 [watch] src/pages/stromspeicher.astro
[2026-02-07T18:38:24.693Z] 13:38:24 [watch] src/pages/stromspeicher.astro
[2026-02-07T18:38:24.693Z] 13:38:24 [watch] src/pages/standorte/weissenfels.astro
[2026-02-07T18:38:24.693Z] 13:38:24 [watch] src/pages/standorte/weissenfels.astro
[2026-02-07T18:38:24.694Z] 13:38:24 [watch] src/pages/ueber-uns.astro
[2026-02-07T18:38:24.694Z] 13:38:24 [watch] src/pages/ueber-uns.astro
[2026-02-07T18:38:24.694Z] 13:38:24 [watch] src/pages/wallbox-leipzig.astro
[2026-02-07T18:38:24.694Z] 13:38:24 [watch] src/pages/wallbox-leipzig.astro
[2026-02-07T18:38:24.694Z] 13:38:24 [watch] src/pages/wallbox.astro
[2026-02-07T18:38:24.695Z] 13:38:24 [watch] src/pages/wallbox.astro
[2026-02-07T18:38:24.716Z] 13:38:24 [watch] src/pages/index.astro
[2026-02-07T18:38:24.716Z] 13:38:24 [watch] src/pages/index.astro
[2026-02-07T18:38:26.332Z] 13:38:26 [200] / 637ms
[2026-02-07T18:38:26.333Z] 13:38:26 [200] / 40ms
[2026-02-07T18:38:26.355Z] 13:38:26 [200] / 19ms
[2026-02-07T18:38:26.381Z] 13:38:26 [200] / 18ms
[2026-02-07T18:38:26.542Z] 13:38:26 [200] / 25ms
[2026-02-07T18:38:26.703Z] 13:38:26 [200] / 25ms
[2026-02-07T18:38:37.821Z] 13:38:37 [200] / 27ms
[2026-02-07T18:38:39.840Z] 13:38:39 [200] / 24ms
[2026-02-07T18:38:40.770Z] 13:38:40 [200] / 27ms
[2026-02-07T18:38:52.974Z] 13:38:52 [200] / 39ms
[2026-02-07T18:38:56.954Z] 13:38:56 [200] / 36ms
[2026-02-07T18:39:00.935Z] 13:39:00 [200] / 30ms
[2026-02-07T18:39:04.938Z] 13:39:04 [200] / 28ms
[2026-02-07T18:39:08.934Z] 13:39:08 [200] / 30ms
[2026-02-07T18:40:38.962Z] 13:40:38 [200] / 28ms
[2026-02-07T18:40:41.744Z] 13:40:41 [200] / 27ms
[2026-02-07T18:40:44.495Z] 13:40:44 [200] / 28ms
[2026-02-07T18:40:47.299Z] 13:40:47 [200] / 25ms
[2026-02-07T18:40:49.961Z] 13:40:49 [200] / 23ms
[2026-02-07T18:40:52.670Z] 13:40:52 [200] / 26ms
[2026-02-07T18:40:55.316Z] 13:40:55 [200] / 24ms
[2026-02-07T18:40:57.976Z] 13:40:57 [200] / 27ms
[2026-02-07T18:41:00.671Z] 13:41:00 [200] / 23ms
[2026-02-07T18:41:03.334Z] 13:41:03 [200] / 24ms
[2026-02-07T18:41:06.015Z] 13:41:06 [200] / 26ms
[2026-02-07T18:41:08.696Z] 13:41:08 [200] / 25ms
[2026-02-07T18:41:11.458Z] 13:41:11 [200] / 25ms
[2026-02-07T18:41:14.074Z] 13:41:14 [200] / 22ms
[2026-02-07T18:41:16.743Z] 13:41:16 [200] / 25ms
[2026-02-07T18:41:19.395Z] 13:41:19 [200] / 26ms
[2026-02-07T18:41:22.280Z] 13:41:22 [200] / 25ms
[2026-02-07T18:47:00.728Z] 13:47:00 [200] / 26ms
[2026-02-07T18:47:03.747Z] 13:47:03 [200] / 27ms
[2026-02-07T18:47:07.413Z] 13:47:07 [200] / 24ms
[2026-02-07T18:47:15.038Z] 13:47:15 [200] / 24ms
[2026-02-07T18:47:17.655Z] 13:47:17 [200] / 26ms
[2026-02-07T18:47:20.414Z] 13:47:20 [200] / 25ms
[2026-02-07T18:47:23.094Z] 13:47:23 [200] / 29ms
[2026-02-07T18:47:25.888Z] 13:47:25 [200] / 26ms
[2026-02-07T18:47:28.568Z] 13:47:28 [200] / 35ms
[2026-02-07T18:47:31.264Z] 13:47:31 [200] / 25ms
[2026-02-07T18:47:33.950Z] 13:47:33 [200] / 26ms
[2026-02-07T18:47:36.837Z] 13:47:36 [200] / 25ms
[2026-02-07T18:47:39.518Z] 13:47:39 [200] / 26ms
[2026-02-07T18:47:42.227Z] 13:47:42 [200] / 30ms
[2026-02-07T18:47:44.890Z] 13:47:44 [200] / 23ms
[2026-02-07T18:47:47.559Z] 13:47:47 [200] / 24ms
[2026-02-07T18:47:50.249Z] 13:47:50 [200] / 24ms
[2026-02-07T19:07:36.641Z] 14:07:36 [200] / 32ms
[2026-02-07T19:07:39.940Z] 14:07:39 [200] / 33ms
[2026-02-07T19:07:46.927Z] 14:07:46 [200] / 27ms
[2026-02-07T19:07:50.931Z] 14:07:50 [200] / 27ms
[2026-02-07T19:07:54.929Z] 14:07:54 [200] / 29ms
[2026-02-07T19:07:58.926Z] 14:07:58 [200] / 26ms
[2026-02-07T19:08:02.928Z] 14:08:02 [200] / 25ms
[2026-02-07T19:08:09.010Z] 14:08:09 [200] / 27ms
[2026-02-07T19:08:16.086Z] 14:08:16 [watch] src/pages/solaranlage-leipzig.astro
[2026-02-07T19:08:16.087Z] 14:08:16 [watch] src/pages/solaranlage-leipzig.astro
[2026-02-07T19:08:17.064Z] 14:08:17 [200] / 93ms
[2026-02-07T19:08:35.169Z] 14:08:35 [200] / 23ms
[2026-02-07T19:09:18.126Z] 14:09:18 [200] / 27ms
[2026-02-07T19:09:18.277Z] 14:09:18 [200] / 25ms
[2026-02-07T19:09:26.929Z] 14:09:26 [200] / 28ms
[2026-02-07T19:09:31.976Z] 14:09:31 [200] / 27ms
[2026-02-07T19:09:42.506Z] 14:09:42 [200] / 24ms
[2026-02-07T19:09:51.043Z] 14:09:51 [200] / 25ms
[2026-02-07T19:09:55.818Z] 14:09:55 [200] / 25ms
[2026-02-07T19:10:00.296Z] 14:10:00 [200] / 25ms
[2026-02-07T19:10:04.730Z] 14:10:04 [200] / 27ms
[2026-02-07T19:10:06.503Z] 14:10:06 [watch] src/pages/solaranlage-leipzig.astro
[2026-02-07T19:10:06.505Z] 14:10:06 [watch] src/pages/solaranlage-leipzig.astro
[2026-02-07T19:10:07.136Z] 14:10:07 [200] / 140ms
[2026-02-07T19:10:09.196Z] 14:10:09 [200] / 23ms
[2026-02-07T19:10:11.736Z] 14:10:11 [200] / 25ms
[2026-02-07T19:10:12.624Z] 14:10:12 [200] / 23ms
[2026-02-07T19:10:14.725Z] 14:10:14 [200] / 23ms
[2026-02-07T19:10:15.307Z] 14:10:15 [200] / 25ms
[2026-02-07T19:10:18.074Z] 14:10:18 [200] / 25ms
[2026-02-07T19:10:22.891Z] 14:10:22 [200] / 23ms
[2026-02-07T19:10:29.207Z] 14:10:29 [watch] src/pages/solaranlage-leipzig.astro
[2026-02-07T19:10:29.207Z] 14:10:29 [watch] src/pages/solaranlage-leipzig.astro
[2026-02-07T19:10:30.047Z] 14:10:30 [200] / 85ms
[2026-02-07T19:10:30.292Z] 14:10:30 [200] / 22ms
[2026-02-07T19:10:33.561Z] 14:10:33 [200] / 23ms
[2026-02-07T19:10:41.256Z] 14:10:41 [watch] src/pages/solaranlage-leipzig.astro
[2026-02-07T19:10:41.257Z] 14:10:41 [watch] src/pages/solaranlage-leipzig.astro
[2026-02-07T19:10:42.044Z] 14:10:42 [200] / 86ms
[2026-02-07T19:10:46.045Z] 14:10:46 [200] / 22ms
[2026-02-07T19:10:46.288Z] 14:10:46 [200] / 21ms
[2026-02-07T19:10:49.647Z] 14:10:49 [200] / 24ms
[2026-02-07T19:10:50.143Z] 14:10:50 [watch] src/pages/solaranlage-leipzig.astro
[2026-02-07T19:10:50.144Z] 14:10:50 [watch] src/pages/solaranlage-leipzig.astro
[2026-02-07T19:10:51.622Z] 14:10:51 [200] / 81ms
[2026-02-07T19:10:59.847Z] 14:10:59 [200] / 22ms
[2026-02-07T19:11:01.877Z] 14:11:01 [200] / 22ms
[2026-02-07T19:11:07.835Z] 14:11:07 [200] / 24ms
[2026-02-07T19:11:13.677Z] 14:11:13 [200] / 22ms
[2026-02-07T19:11:26.402Z] 14:11:26 [200] / 36ms
[2026-02-07T19:11:39.193Z] 14:11:39 [200] / 33ms
[2026-02-07T19:11:41.052Z] 14:11:41 [200] / 29ms
[2026-02-07T19:11:41.890Z] 14:11:41 [200] / 27ms
[2026-02-07T19:11:43.738Z] 14:11:43 [200] / 31ms
[2026-02-07T19:11:44.494Z] 14:11:44 [200] / 24ms
[2026-02-07T19:11:46.357Z] 14:11:46 [200] / 29ms
[2026-02-07T19:11:47.079Z] 14:11:47 [200] / 24ms
[2026-02-07T19:11:49.028Z] 14:11:49 [200] / 26ms
[2026-02-07T19:11:49.727Z] 14:11:49 [200] / 22ms
[2026-02-07T19:11:51.717Z] 14:11:51 [200] / 23ms
[2026-02-07T19:11:52.320Z] 14:11:52 [200] / 25ms
[2026-02-07T19:11:54.336Z] 14:11:54 [200] / 25ms
[2026-02-07T19:11:54.953Z] 14:11:54 [200] / 24ms
[2026-02-07T19:11:57.571Z] 14:11:57 [200] / 25ms
[2026-02-07T19:12:00.160Z] 14:12:00 [200] / 24ms
[2026-02-07T19:12:02.777Z] 14:12:02 [200] / 22ms
[2026-02-07T19:12:09.563Z] 14:12:09 [200] / 27ms
[2026-02-07T19:45:35.258Z] 14:45:35 [200] / 30ms
[2026-02-07T19:45:38.246Z] 14:45:38 [200] / 27ms
[2026-02-07T19:45:40.946Z] 14:45:40 [200] / 28ms
[2026-02-07T19:45:43.700Z] 14:45:43 [200] / 26ms
[2026-02-07T19:45:46.398Z] 14:45:46 [200] / 24ms
[2026-02-07T19:45:49.040Z] 14:45:49 [200] / 26ms
[2026-02-07T19:45:51.774Z] 14:45:51 [200] / 24ms
[2026-02-07T19:45:54.476Z] 14:45:54 [200] / 25ms
[2026-02-07T19:45:57.271Z] 14:45:57 [200] / 28ms
[2026-02-07T19:45:59.962Z] 14:45:59 [200] / 24ms
[2026-02-07T19:46:02.797Z] 14:46:02 [200] / 25ms
[2026-02-07T19:46:05.455Z] 14:46:05 [200] / 22ms
[2026-02-07T19:46:08.135Z] 14:46:08 [200] / 24ms
[2026-02-07T19:46:10.917Z] 14:46:10 [200] / 26ms
[2026-02-07T19:46:13.571Z] 14:46:13 [200] / 27ms
[2026-02-07T19:46:16.224Z] 14:46:16 [200] / 25ms
[2026-02-07T19:46:18.893Z] 14:46:18 [200] / 26ms
[2026-02-07T21:03:14.350Z] 16:03:14 [200] / 153ms
[2026-02-07T21:03:27.081Z] 16:03:27 [200] / 27ms
[2026-02-07T21:03:29.915Z] 16:03:29 [200] / 34ms
[2026-02-07T21:03:32.740Z] 16:03:32 [200] / 28ms
[2026-02-07T21:03:34.081Z] 16:03:34 [watch] src/pages/index.astro
[2026-02-07T21:03:34.081Z] 16:03:34 [watch] src/pages/index.astro
[2026-02-07T21:03:34.782Z] 16:03:34 [200] / 112ms
[2026-02-07T21:03:35.478Z] 16:03:35 [200] / 24ms
[2026-02-07T21:03:39.157Z] 16:03:39 [200] / 24ms
[2026-02-07T21:03:41.816Z] 16:03:41 [200] / 22ms
[2026-02-07T21:03:44.575Z] 16:03:44 [200] / 23ms
[2026-02-07T21:03:47.280Z] 16:03:47 [200] / 22ms
[2026-02-07T21:03:49.989Z] 16:03:49 [200] / 21ms
[2026-02-07T21:03:52.656Z] 16:03:52 [200] / 23ms
[2026-02-07T21:03:55.390Z] 16:03:55 [200] / 22ms
[2026-02-07T21:03:58.088Z] 16:03:58 [200] / 23ms
[2026-02-07T21:04:00.756Z] 16:04:00 [200] / 22ms
[2026-02-07T21:04:03.559Z] 16:04:03 [200] / 22ms
[2026-02-07T21:04:06.224Z] 16:04:06 [200] / 24ms
[2026-02-07T21:04:09.012Z] 16:04:09 [200] / 22ms
[2026-02-07T21:04:11.693Z] 16:04:11 [200] / 25ms
[2026-02-07T21:04:14.377Z] 16:04:14 [200] / 27ms
[2026-02-07T21:04:17.060Z] 16:04:17 [200] / 25ms
